protospacer,peg_site,peg,pos,base,speed,4T1_rate,B16F10_rate,mean_rate
GCGTCCGAGCAGAAGAACTT,EMX1,1,2.0,C,,0.013131353650529242,0.051887392537578514,0.03250937309405388
GAGTACGAGCAGAAGAACTT,EMX1,10,5.0,A,,0.06390901694851389,0.19388281886846556,0.12889591790848973
GAGTTCGAGCAGAAGAACTT,EMX1,11,5.0,T,,0.08117492773092672,0.21310208204818615,0.14713850488955643
GAGTGCGAGCAGAAGAACTT,EMX1,12,5.0,G,,0.13921955801477492,0.2999809007225219,0.21960022936864843
GAGTCAGAGCAGAAGAACTT,EMX1,13,6.0,A,,0.04927254028668331,0.15708845036626473,0.10318049532647403
GAGTCTGAGCAGAAGAACTT,EMX1,14,6.0,T,,0.09279507512277707,0.22717836935231392,0.1599867222375455
GAGTCGGAGCAGAAGAACTT,EMX1,15,6.0,G,,0.10379217672085356,0.20716515547217026,0.1554786660965119
GAGTCCAAGCAGAAGAACTT,EMX1,16,7.0,A,,0.039487377750633906,0.20415123185885126,0.12181930480474258
GAGTCCCAGCAGAAGAACTT,EMX1,17,7.0,C,,0.0374797395898249,0.11953148915822208,0.0785056143740235
GAGTCCTAGCAGAAGAACTT,EMX1,18,7.0,T,,0.044606486797009445,0.16765778148930974,0.10613213414315958
GAGTCCGCGCAGAAGAACTT,EMX1,19,8.0,C,,0.10404994802086638,0.17223947630944794,0.13814471216515717
GTGTCCGAGCAGAAGAACTT,EMX1,2,2.0,T,,0.12144934200589379,0.2162544282678997,0.16885188513689675
GAGTCCGTGCAGAAGAACTT,EMX1,20,8.0,T,,0.07435952123776711,0.20148402753533184,0.13792177438654948
GAGTCCGGGCAGAAGAACTT,EMX1,21,8.0,G,,0.13433731895008194,0.33470795381901736,0.23452263638454965
GAGTCCGAACAGAAGAACTT,EMX1,22,9.0,A,,0.0812194435574637,0.14126235766665832,0.11124090061206102
GAGTCCGACCAGAAGAACTT,EMX1,23,9.0,C,,0.03202114040374151,0.06552478406301875,0.048772962233380124
GAGTCCGATCAGAAGAACTT,EMX1,24,9.0,T,,0.025447863335138723,0.08232154509383069,0.053884704214484706
GAGTCCGAGAAGAAGAACTT,EMX1,25,10.0,A,,0.0794611253775454,0.14228739078234845,0.11087425807994693
GAGTCCGAGTAGAAGAACTT,EMX1,26,10.0,T,,0.1113907769971208,0.20339839361272183,0.15739458530492131
GAGTCCGAGGAGAAGAACTT,EMX1,27,10.0,G,,0.08339580280142454,0.2399207304389635,0.16165826662019403
GAGTCCGAGCCGAAGAACTT,EMX1,28,11.0,C,,0.028624217144264587,0.07592556532392317,0.05227489123409387
GAGTCCGAGCTGAAGAACTT,EMX1,29,11.0,T,,0.039439766190476865,0.12497905718919924,0.08220941168983806
GGGTCCGAGCAGAAGAACTT,EMX1,3,2.0,G,,0.11932477730197762,0.1928136790139717,0.15606922815797467
GAGTCCGAGCGGAAGAACTT,EMX1,30,11.0,G,,0.10589218347233535,0.33642435942844745,0.2211582714503914
GAGTCCGAGCAAAAGAACTT,EMX1,31,12.0,A,,0.019564354326641085,0.05022464612451797,0.03489450022557953
GAGTCCGAGCACAAGAACTT,EMX1,32,12.0,C,,0.005663336349605192,0.0150625823041838,0.010362959326894496
GAGTCCGAGCATAAGAACTT,EMX1,33,12.0,T,,0.01439919220247321,0.03821641447111661,0.02630780333679491
GAGTCCGAGCAGCAGAACTT,EMX1,34,13.0,C,2-3 weeks,0.04869959593766677,0.06667335080202527,0.05768647336984602
GAGTCCGAGCAGTAGAACTT,EMX1,35,13.0,T,,0.05320650579037902,0.08121266977042882,0.06720958778040392
GAGTCCGAGCAGGAGAACTT,EMX1,36,13.0,G,,0.10497001222100559,0.16950085528180675,0.13723543375140618
GAGTCCGAGCAGACGAACTT,EMX1,37,14.0,C,,0.01554045222821887,0.04086746316283838,0.028203957695528626
GAGTCCGAGCAGATGAACTT,EMX1,38,14.0,T,,0.019499096210380953,0.09920071783489393,0.05934990702263744
GAGTCCGAGCAGAGGAACTT,EMX1,39,14.0,G,,0.0859027195423072,0.14479768349892264,0.11535020152061493
GAATCCGAGCAGAAGAACTT,EMX1,4,3.0,A,,0.10281272658775746,0.11845482334204101,0.11063377496489923
GAGTCCGAGCAGAAAAACTT,EMX1,40,15.0,A,,0.034216640667708784,0.06324953085985326,0.04873308576378102
GAGTCCGAGCAGAACAACTT,EMX1,41,15.0,C,,0.0018805281388517526,0.007578527461680278,0.004729527800266016
GAGTCCGAGCAGAATAACTT,EMX1,42,15.0,T,,0.0025051114427307435,0.009127849474366534,0.005816480458548639
GAGTCCGAGCAGAAGCACTT,EMX1,43,16.0,C,,0.01097935522079781,0.03477825093648172,0.022878803078639764
GAGTCCGAGCAGAAGTACTT,EMX1,44,16.0,T,,0.005892091983197116,0.025548820873034565,0.015720456428115842
GAGTCCGAGCAGAAGGACTT,EMX1,45,16.0,G,,0.0299390156242969,0.06116174271610137,0.045550379170199135
GAGTCCGAGCAGAAGACCTT,EMX1,46,17.0,C,4-6 weeks,0.020151611313105194,0.03825958428388136,0.029205597798493278
GAGTCCGAGCAGAAGATCTT,EMX1,47,17.0,T,,0.0076756002512852785,0.020628749879158456,0.014152175065221867
GAGTCCGAGCAGAAGAGCTT,EMX1,48,17.0,G,,0.10294483786004584,0.22206560054668242,0.16250521920336414
GAGTCCGAGCAGAAGAAATT,EMX1,49,18.0,A,,0.0017328999045400095,0.005919877147422539,0.003826388525981274
GACTCCGAGCAGAAGAACTT,EMX1,5,3.0,C,,0.05097295041587809,0.09121783369341137,0.07109539205464473
GAGTCCGAGCAGAAGAATTT,EMX1,50,18.0,T,,0.0005382806647515831,0.014053396773592455,0.0072958387191720195
GAGTCCGAGCAGAAGAAGTT,EMX1,51,18.0,G,,0.010128726387917944,0.02879357355587389,0.01946114997189592
GAGTCCGAGCAGAAGAACAT,EMX1,52,19.0,A,,0.0841282790736321,0.12964737032140455,0.10688782469751833
GAGTCCGAGCAGAAGAACCT,EMX1,53,19.0,C,,0.06234178157374242,0.08304925148774753,0.07269551653074498
GAGTCCGAGCAGAAGAACGT,EMX1,54,19.0,G,,0.06381040447279941,0.08342898859534278,0.0736196965340711
GAGTCCGAGCAGAAGAACTA,EMX1,55,20.0,A,,0.05310252474608521,0.0746472016246303,0.06387486318535776
GAGTCCGAGCAGAAGAACTC,EMX1,56,20.0,C,,0.0029810754347144143,0.009844300928652912,0.006412688181683663
GAGTCCGAGCAGAAGAACTG,EMX1,57,20.0,G,,0.0948011344580546,0.16523000260428072,0.13001556853116766
GATTCCGAGCAGAAGAACTT,EMX1,6,3.0,T,,0.03454299627737763,0.08743198836141469,0.06098749231939616
GAGACCGAGCAGAAGAACTT,EMX1,7,4.0,A,,0.12496672433865012,0.21351711744946217,0.16924192089405615
GAGCCCGAGCAGAAGAACTT,EMX1,8,4.0,C,,0.14875341861132838,0.5999999999967048,0.3743767093040166
GAGGCCGAGCAGAAGAACTT,EMX1,9,4.0,G,,0.09791440711370102,0.17292193990983742,0.1354181735117692
GAGTCCGAGCAGAAGAACTT,EMX1,wt,,,WT,0.10237629245943997,0.20498178090587502,0.15367903668265748
GACCCAGACTGAGCACGACT,HEK3,1,2.0,A,,0.40539623160946314,0.2209318348753597,0.31316403324241143
GGCCAAGACTGAGCACGACT,HEK3,10,5.0,A,,0.07957414627206895,0.16326226617763273,0.12141820622485083
GGCCTAGACTGAGCACGACT,HEK3,11,5.0,T,,0.24921056241527625,0.27090142580016485,0.26005599410772057
GGCCGAGACTGAGCACGACT,HEK3,12,5.0,G,,0.2361413383432544,0.40187595636186124,0.31900864735255785
GGCCCCGACTGAGCACGACT,HEK3,13,6.0,C,,0.24646810982610473,0.42023737569277836,0.33335274275944154
GGCCCTGACTGAGCACGACT,HEK3,14,6.0,T,,0.31725884231794893,0.45255038254210833,0.3849046124300286
GGCCCGGACTGAGCACGACT,HEK3,15,6.0,G,,0.3211887105907617,0.5999999989118765,0.4605943547513191
GGCCCAAACTGAGCACGACT,HEK3,16,7.0,A,,0.299138393279433,0.3518183571846987,0.32547837523206585
GGCCCACACTGAGCACGACT,HEK3,17,7.0,C,,0.0725430151647689,0.20827032381141625,0.14040666948809258
GGCCCATACTGAGCACGACT,HEK3,18,7.0,T,,0.1377172535714092,0.16836601020990621,0.15304163189065773
GGCCCAGCCTGAGCACGACT,HEK3,19,8.0,C,,0.050391047013655946,0.09659836173524917,0.07349470437445256
GCCCCAGACTGAGCACGACT,HEK3,2,2.0,C,,0.06929526422961496,0.13852912578981103,0.103912195009713
GGCCCAGTCTGAGCACGACT,HEK3,20,8.0,T,,0.1996342270451441,0.26972267671651207,0.2346784518808281
GGCCCAGGCTGAGCACGACT,HEK3,21,8.0,G,,0.17241882104562703,0.3171435162150452,0.2447811686303361
GGCCCAGAATGAGCACGACT,HEK3,22,9.0,A,,0.11049723905284262,0.20849675261148726,0.15949699583216492
GGCCCAGATTGAGCACGACT,HEK3,23,9.0,T,,0.2393562558508643,0.29010746981129676,0.2647318628310805
GGCCCAGAGTGAGCACGACT,HEK3,24,9.0,G,,0.14523648504461154,0.22127042938643796,0.18325345721552475
GGCCCAGACAGAGCACGACT,HEK3,25,10.0,A,,0.23723107488345516,0.32674081422931733,0.28198594455638626
GGCCCAGACCGAGCACGACT,HEK3,26,10.0,C,,0.12115308096243373,0.1829186832324276,0.15203588209743066
GGCCCAGACGGAGCACGACT,HEK3,27,10.0,G,,0.09910804506902895,0.34771880302905867,0.2234134240490438
GGCCCAGACTAAGCACGACT,HEK3,28,11.0,A,,0.05299978748505599,0.09647719108069759,0.0747384892828768
GGCCCAGACTCAGCACGACT,HEK3,29,11.0,C,4-6 weeks,0.029740182854525312,0.03545008841054013,0.03259513563253272
GTCCCAGACTGAGCACGACT,HEK3,3,2.0,T,,0.06916513622339168,0.1165130783075128,0.09283910726545225
GGCCCAGACTTAGCACGACT,HEK3,30,11.0,T,,0.03177032560739472,0.042494956570330936,0.03713264108886283
GGCCCAGACTGCGCACGACT,HEK3,31,12.0,C,,0.1424311982377654,0.14917595930420569,0.14580357877098554
GGCCCAGACTGTGCACGACT,HEK3,32,12.0,T,,0.0949375211003643,0.17256867273540136,0.13375309691788284
GGCCCAGACTGGGCACGACT,HEK3,33,12.0,G,,0.05708513220103274,0.06961464309515172,0.06334988764809224
GGCCCAGACTGAACACGACT,HEK3,34,13.0,A,,0.041169140469762264,0.06913075851993511,0.055149949494848687
GGCCCAGACTGACCACGACT,HEK3,35,13.0,C,,0.008351292559829703,0.023888330208790175,0.01611981138430994
GGCCCAGACTGATCACGACT,HEK3,36,13.0,T,,0.029608555935723212,0.07931016233631309,0.054459359136018154
GGCCCAGACTGAGAACGACT,HEK3,37,14.0,A,,0.005391210972216318,0.009448240263887686,0.007419725618052002
GGCCCAGACTGAGTACGACT,HEK3,38,14.0,T,,0.029808815593612686,0.04308755273348812,0.036448184163550404
GGCCCAGACTGAGGACGACT,HEK3,39,14.0,G,,0.03820767041963651,0.06469760399914853,0.05145263720939253
GGACCAGACTGAGCACGACT,HEK3,4,3.0,A,,0.11727915723005738,0.22176748683014055,0.16952332203009896
GGCCCAGACTGAGCCCGACT,HEK3,40,15.0,C,,0.004733833499581539,0.022556965103784885,0.013645399301683212
GGCCCAGACTGAGCTCGACT,HEK3,41,15.0,T,,0.016782380927622888,0.022512610920852584,0.019647495924237736
GGCCCAGACTGAGCGCGACT,HEK3,42,15.0,G,,0.12905558649232893,0.10463306269527321,0.11684432459380106
GGCCCAGACTGAGCAAGACT,HEK3,43,16.0,A,,0.007141258408622697,0.018687403433119223,0.01291433092087096
GGCCCAGACTGAGCATGACT,HEK3,44,16.0,T,,0.0337316613064712,0.04031291311265184,0.03702228720956152
GGCCCAGACTGAGCAGGACT,HEK3,45,16.0,G,,0.050236155319750495,0.05899653484206098,0.05461634508090574
GGCCCAGACTGAGCACAACT,HEK3,46,17.0,A,,0.006281100406480649,0.016308791382104813,0.01129494589429273
GGCCCAGACTGAGCACCACT,HEK3,47,17.0,C,,0.005755609595314621,0.006778349238366035,0.006266979416840328
GGCCCAGACTGAGCACTACT,HEK3,48,17.0,T,,0.004923417731336481,0.003596963996733392,0.004260190864034936
GGCCCAGACTGAGCACGCCT,HEK3,49,18.0,C,,0.03929567823409784,0.06128080125680416,0.050288239745451
GGTCCAGACTGAGCACGACT,HEK3,5,3.0,T,,0.44036164666664596,0.30822772497526624,0.3742946858209561
GGCCCAGACTGAGCACGTCT,HEK3,50,18.0,T,,0.01946951410095388,0.07279844438206,0.04613397924150694
GGCCCAGACTGAGCACGGCT,HEK3,51,18.0,G,,0.3005060741656118,0.40949163774328173,0.3549988559544468
GGCCCAGACTGAGCACGAAT,HEK3,52,19.0,A,,0.031294830041139456,0.06107020552393643,0.046182517782537943
GGCCCAGACTGAGCACGATT,HEK3,53,19.0,T,,0.008626542114504471,0.017163017051949152,0.012894779583226813
GGCCCAGACTGAGCACGAGT,HEK3,54,19.0,G,,0.07409611481243052,0.08854863685109511,0.08132237583176281
GGCCCAGACTGAGCACGACA,HEK3,55,20.0,A,,0.09645752284582863,0.14326168323777033,0.11985960304179949
GGCCCAGACTGAGCACGACC,HEK3,56,20.0,C,,0.02925339613246496,0.03453119623009685,0.03189229618128091
GGCCCAGACTGAGCACGACG,HEK3,57,20.0,G,,0.24607642190719778,0.21523899195405408,0.23065770693062593
GGGCCAGACTGAGCACGACT,HEK3,6,3.0,G,,0.237018890553709,0.3434397874291944,0.2902293389914517
GGCACAGACTGAGCACGACT,HEK3,7,4.0,A,,0.19389192685158932,0.2871194643814718,0.24050569561653057
GGCTCAGACTGAGCACGACT,HEK3,8,4.0,T,2-3 weeks,0.08521527986260607,0.14756338637122302,0.11638933311691455
GGCGCAGACTGAGCACGACT,HEK3,9,4.0,G,,0.2785541572036439,0.4987014643360178,0.3886278107698309
GGCCCAGACTGAGCACGACT,HEK3,wt,,,WT,0.2840327767538085,0.5749011033106513,0.42946694003222985
GACATCTTAGTCATTACGAC,RNF2,1,2.0,A,,0.0024791503231129707,0.00991885520929641,0.00619900276620469
GTCAACTTAGTCATTACGAC,RNF2,10,5.0,A,,0.0006875466431885909,0.0010712845528754458,0.0008794155980320184
GTCACCTTAGTCATTACGAC,RNF2,11,5.0,C,,0.010365179236590881,0.018853241819766827,0.014609210528178854
GTCAGCTTAGTCATTACGAC,RNF2,12,5.0,G,,0.0003957445109845035,0.0007499492672600801,0.0005728468891222918
GTCATATTAGTCATTACGAC,RNF2,13,6.0,A,,0.00023925124132362577,0.0014647954950794107,0.0008520233682015182
GTCATTTTAGTCATTACGAC,RNF2,14,6.0,T,,0.026890053583382582,0.0569041145951919,0.041897084089287245
GTCATGTTAGTCATTACGAC,RNF2,15,6.0,G,,0.024396374611136334,0.03618631413307006,0.030291344372103197
GTCATCATAGTCATTACGAC,RNF2,16,7.0,A,,0.0009352385599896557,0.0030477080165350954,0.0019914732882623755
GTCATCCTAGTCATTACGAC,RNF2,17,7.0,C,,0.03302116123157365,0.04121156413656358,0.037116362684068614
GTCATCGTAGTCATTACGAC,RNF2,18,7.0,G,,0.010536937375196793,0.013434021491203886,0.01198547943320034
GTCATCTAAGTCATTACGAC,RNF2,19,8.0,A,,0.002009455435096818,0.0029590492372428352,0.0024842523361698265
GCCATCTTAGTCATTACGAC,RNF2,2,2.0,C,,0.05755801444443286,0.09757327218557293,0.0775656433150029
GTCATCTCAGTCATTACGAC,RNF2,20,8.0,C,,0.025992052153651246,0.04393449420178337,0.03496327317771731
GTCATCTGAGTCATTACGAC,RNF2,21,8.0,G,,0.0059043989784453325,0.022175802739068454,0.014040100858756894
GTCATCTTCGTCATTACGAC,RNF2,22,9.0,C,,0.0336839030506593,0.03965268319384678,0.03666829312225304
GTCATCTTTGTCATTACGAC,RNF2,23,9.0,T,,0.04420968781513957,0.05249925959951697,0.048354473707328274
GTCATCTTGGTCATTACGAC,RNF2,24,9.0,G,,0.009413121161096135,0.026289878831255598,0.017851499996175867
GTCATCTTAATCATTACGAC,RNF2,25,10.0,A,,0.004097678814127493,0.006704735621811961,0.005401207217969727
GTCATCTTACTCATTACGAC,RNF2,26,10.0,C,,0.0006925092830191847,0.001047874680916596,0.0008701919819678903
GTCATCTTATTCATTACGAC,RNF2,27,10.0,T,,0.004517776773469122,0.0068661324030959495,0.005691954588282536
GTCATCTTAGACATTACGAC,RNF2,28,11.0,A,,0.0089977526619738,0.01343402304645067,0.011215887854212235
GTCATCTTAGCCATTACGAC,RNF2,29,11.0,C,,0.0184535229211358,0.027847972496535593,0.023150747708835698
GGCATCTTAGTCATTACGAC,RNF2,3,2.0,G,,0.0321905056307501,0.03571451175103541,0.03395250869089275
GTCATCTTAGGCATTACGAC,RNF2,30,11.0,G,,0.03371520158272154,0.024813300142488285,0.02926425086260491
GTCATCTTAGTAATTACGAC,RNF2,31,12.0,A,,0.0006587509288673902,0.0015957182900186008,0.0011272346094429956
GTCATCTTAGTTATTACGAC,RNF2,32,12.0,T,2-3 weeks,0.04371813004941796,0.0461339570519215,0.04492604355066973
GTCATCTTAGTGATTACGAC,RNF2,33,12.0,G,,0.0064609463268519044,0.013990312540683385,0.010225629433767645
GTCATCTTAGTCCTTACGAC,RNF2,34,13.0,C,,0.01248035031956041,0.016369712737327787,0.014425031528444099
GTCATCTTAGTCTTTACGAC,RNF2,35,13.0,T,,0.01802032192818247,0.02094358346011433,0.019481952694148402
GTCATCTTAGTCGTTACGAC,RNF2,36,13.0,G,,0.0813595530573901,0.06984173673796545,0.07560064489767777
GTCATCTTAGTCAATACGAC,RNF2,37,14.0,A,,0.0112089680747825,0.007006431906421826,0.009107699990602163
GTCATCTTAGTCACTACGAC,RNF2,38,14.0,C,,0.007206910506479555,0.008267456126961534,0.007737183316720545
GTCATCTTAGTCAGTACGAC,RNF2,39,14.0,G,,0.0048069680241583515,0.006572451127150376,0.005689709575654364
GTAATCTTAGTCATTACGAC,RNF2,4,3.0,A,,0.00050514305707593,0.0008501837965173758,0.0006776634267966529
GTCATCTTAGTCATAACGAC,RNF2,40,15.0,A,,0.0021015851089275436,0.0038308745791130515,0.0029662298440202976
GTCATCTTAGTCATCACGAC,RNF2,41,15.0,C,,0.003767785230045733,0.00021929067831846102,0.001993537954182097
GTCATCTTAGTCATGACGAC,RNF2,42,15.0,G,,0.0014828611659690133,0.004011118045164002,0.0027469896055665076
GTCATCTTAGTCATTCCGAC,RNF2,43,16.0,C,,0.01437310878669328,0.022846864826571268,0.018609986806632273
GTCATCTTAGTCATTTCGAC,RNF2,44,16.0,T,,0.0055806281512887175,0.008963689088969407,0.007272158620129062
GTCATCTTAGTCATTGCGAC,RNF2,45,16.0,G,4-6 weeks,0.018243667903709154,0.022332399418556147,0.020288033661132653
GTCATCTTAGTCATTAAGAC,RNF2,46,17.0,A,,0.0005823402554097878,0.0013690098464522887,0.0009756750509310383
GTCATCTTAGTCATTATGAC,RNF2,47,17.0,T,,0.004847805555908061,0.0030786508282382562,0.003963228192073159
GTCATCTTAGTCATTAGGAC,RNF2,48,17.0,G,,0.002062367383279732,0.0029340669661487577,0.002498217174714245
GTCATCTTAGTCATTACAAC,RNF2,49,18.0,A,,0.0018843976195889898,0.0023034196841574426,0.0020939086518732162
GTTATCTTAGTCATTACGAC,RNF2,5,3.0,T,,0.002230729924075937,0.004868084576811692,0.0035494072504438146
GTCATCTTAGTCATTACCAC,RNF2,50,18.0,C,,0.002570851073164824,0.00211074562113815,0.002340798347151487
GTCATCTTAGTCATTACTAC,RNF2,51,18.0,T,,0.0014439615642636743,0.0023972473266832633,0.0019206044454734687
GTCATCTTAGTCATTACGCC,RNF2,52,19.0,C,,0.0009605914294516636,0.0020593077824986555,0.0015099496059751596
GTCATCTTAGTCATTACGTC,RNF2,53,19.0,T,,0.0006795620679019577,0.0016405792602937296,0.0011600706640978436
GTCATCTTAGTCATTACGGC,RNF2,54,19.0,G,,0.012051675439041745,0.012825993396896678,0.01243883441796921
GTCATCTTAGTCATTACGAA,RNF2,55,20.0,A,,0.0034113508343066984,0.002859883679264697,0.003135617256785698
GTCATCTTAGTCATTACGAT,RNF2,56,20.0,T,,0.0006918339171264325,0.0016622741400767378,0.0011770540286015852
GTCATCTTAGTCATTACGAG,RNF2,57,20.0,G,,0.005525028454301525,0.006645349253047678,0.0060851888536746016
GTGATCTTAGTCATTACGAC,RNF2,6,3.0,G,,0.0008200636189351091,0.002494114149956994,0.0016570888844460515
GTCCTCTTAGTCATTACGAC,RNF2,7,4.0,C,,0.060889016682690825,0.08795695647114425,0.07442298657691754
GTCTTCTTAGTCATTACGAC,RNF2,8,4.0,T,,0.0008540699084773874,0.0024947056180992084,0.0016743877632882979
GTCGTCTTAGTCATTACGAC,RNF2,9,4.0,G,,0.030772493554719945,0.05815664604239928,0.04446456979855961
GTCATCTTAGTCATTACGAC,RNF2,wt,,,WT,0.13079672297128841,0.18312822177467128,0.15696247237297983
