generations,edit_rate,iteration,site_edit_frac
2,0.277,0,0.5
3,0.197,0,0.5
4,0.165,0,0.5
5,0.132,0,0.5
6,0.111,0,0.5
7,0.099,0,0.5
8,0.084,0,0.5
9,0.07100000000000001,0,0.5
10,0.067,0,0.5
11,0.066,0,0.5
12,0.057,0,0.5
13,0.052000000000000005,0,0.5
14,0.05,0,0.5
15,0.047,0,0.5
16,0.043000000000000003,0,0.5
17,0.037,0,0.5
18,0.036000000000000004,0,0.5
19,0.036000000000000004,0,0.5
20,0.038,0,0.5
21,0.034,0,0.5
22,0.033,0,0.5
23,0.028,0,0.5
24,0.028,0,0.5
25,0.027,0,0.5
26,0.027,0,0.5
27,0.026000000000000002,0,0.5
28,0.024,0,0.5
29,0.024,0,0.5
30,0.025,0,0.5
31,0.022,0,0.5
32,0.019,0,0.5
33,0.019,0,0.5
34,0.019,0,0.5
35,0.021,0,0.5
36,0.021,0,0.5
37,0.02,0,0.5
38,0.02,0,0.5
39,0.02,0,0.5
40,0.02,0,0.5
41,0.017,0,0.5
42,0.018000000000000002,0,0.5
43,0.018000000000000002,0,0.5
44,0.018000000000000002,0,0.5
45,0.016,0,0.5
46,0.015,0,0.5
47,0.015,0,0.5
48,0.015,0,0.5
49,0.015,0,0.5
50,0.015,0,0.5
51,0.015,0,0.5
52,0.015,0,0.5
53,0.013000000000000001,0,0.5
54,0.013000000000000001,0,0.5
55,0.013000000000000001,0,0.5
56,0.013000000000000001,0,0.5
57,0.013000000000000001,0,0.5
58,0.014,0,0.5
59,0.012,0,0.5
60,0.012,0,0.5
61,0.014,0,0.5
62,0.012,0,0.5
63,0.012,0,0.5
64,0.012,0,0.5
65,0.012,0,0.5
66,0.012,0,0.5
67,0.012,0,0.5
68,0.01,0,0.5
69,0.01,0,0.5
70,0.01,0,0.5
71,0.01,0,0.5
72,0.01,0,0.5
73,0.01,0,0.5
74,0.01,0,0.5
75,0.01,0,0.5
76,0.009000000000000001,0,0.5
77,0.009000000000000001,0,0.5
78,0.009000000000000001,0,0.5
79,0.009000000000000001,0,0.5
80,0.009000000000000001,0,0.5
81,0.009000000000000001,0,0.5
82,0.009000000000000001,0,0.5
83,0.009000000000000001,0,0.5
84,0.009000000000000001,0,0.5
85,0.009000000000000001,0,0.5
86,0.009000000000000001,0,0.5
87,0.009000000000000001,0,0.5
88,0.009000000000000001,0,0.5
89,0.009000000000000001,0,0.5
90,0.008,0,0.5
91,0.008,0,0.5
92,0.008,0,0.5
93,0.008,0,0.5
94,0.008,0,0.5
95,0.008,0,0.5
96,0.008,0,0.5
97,0.008,0,0.5
98,0.008,0,0.5
99,0.008,0,0.5
100,0.008,0,0.5
3,0.269,0,0.6
4,0.20400000000000001,0,0.6
5,0.163,0,0.6
6,0.135,0,0.6
7,0.11900000000000001,0,0.6
8,0.111,0,0.6
9,0.10400000000000001,0,0.6
10,0.096,0,0.6
11,0.08,0,0.6
12,0.07200000000000001,0,0.6
13,0.074,0,0.6
14,0.064,0,0.6
15,0.066,0,0.6
16,0.054,0,0.6
17,0.051000000000000004,0,0.6
18,0.049,0,0.6
19,0.046,0,0.6
20,0.041,0,0.6
21,0.043000000000000003,0,0.6
22,0.042,0,0.6
23,0.037,0,0.6
24,0.036000000000000004,0,0.6
25,0.038,0,0.6
26,0.038,0,0.6
27,0.038,0,0.6
28,0.031,0,0.6
29,0.032,0,0.6
30,0.032,0,0.6
31,0.029,0,0.6
32,0.027,0,0.6
33,0.03,0,0.6
34,0.027,0,0.6
35,0.026000000000000002,0,0.6
36,0.026000000000000002,0,0.6
37,0.024,0,0.6
38,0.024,0,0.6
39,0.025,0,0.6
40,0.022,0,0.6
41,0.022,0,0.6
42,0.023,0,0.6
43,0.023,0,0.6
44,0.019,0,0.6
45,0.019,0,0.6
46,0.02,0,0.6
47,0.021,0,0.6
48,0.02,0,0.6
49,0.02,0,0.6
50,0.02,0,0.6
51,0.02,0,0.6
52,0.02,0,0.6
53,0.02,0,0.6
54,0.017,0,0.6
55,0.017,0,0.6
56,0.018000000000000002,0,0.6
57,0.018000000000000002,0,0.6
58,0.016,0,0.6
59,0.016,0,0.6
60,0.016,0,0.6
61,0.016,0,0.6
62,0.016,0,0.6
63,0.016,0,0.6
64,0.016,0,0.6
65,0.016,0,0.6
66,0.016,0,0.6
67,0.016,0,0.6
68,0.016,0,0.6
69,0.013000000000000001,0,0.6
70,0.013000000000000001,0,0.6
71,0.014,0,0.6
72,0.014,0,0.6
73,0.014,0,0.6
74,0.014,0,0.6
75,0.013000000000000001,0,0.6
76,0.012,0,0.6
77,0.012,0,0.6
78,0.012,0,0.6
79,0.012,0,0.6
80,0.012,0,0.6
81,0.012,0,0.6
82,0.012,0,0.6
83,0.012,0,0.6
84,0.012,0,0.6
85,0.012,0,0.6
86,0.012,0,0.6
87,0.012,0,0.6
88,0.012,0,0.6
89,0.012,0,0.6
90,0.01,0,0.6
91,0.01,0,0.6
92,0.011,0,0.6
93,0.011,0,0.6
94,0.011,0,0.6
95,0.011,0,0.6
96,0.011,0,0.6
97,0.011,0,0.6
98,0.011,0,0.6
99,0.011,0,0.6
100,0.009000000000000001,0,0.6
4,0.258,0,0.7
5,0.213,0,0.7
6,0.182,0,0.7
7,0.148,0,0.7
8,0.136,0,0.7
9,0.12,0,0.7
10,0.112,0,0.7
11,0.108,0,0.7
12,0.107,0,0.7
13,0.096,0,0.7
14,0.075,0,0.7
15,0.078,0,0.7
16,0.076,0,0.7
17,0.073,0,0.7
18,0.069,0,0.7
19,0.062,0,0.7
20,0.059000000000000004,0,0.7
21,0.054,0,0.7
22,0.057,0,0.7
23,0.049,0,0.7
24,0.046,0,0.7
25,0.05,0,0.7
26,0.052000000000000005,0,0.7
27,0.047,0,0.7
28,0.044,0,0.7
29,0.04,0,0.7
30,0.04,0,0.7
31,0.036000000000000004,0,0.7
32,0.036000000000000004,0,0.7
33,0.038,0,0.7
34,0.038,0,0.7
35,0.033,0,0.7
36,0.034,0,0.7
37,0.034,0,0.7
38,0.034,0,0.7
39,0.034,0,0.7
40,0.029,0,0.7
41,0.027,0,0.7
42,0.03,0,0.7
43,0.028,0,0.7
44,0.028,0,0.7
45,0.026000000000000002,0,0.7
46,0.026000000000000002,0,0.7
47,0.026000000000000002,0,0.7
48,0.026000000000000002,0,0.7
49,0.026000000000000002,0,0.7
50,0.024,0,0.7
51,0.025,0,0.7
52,0.022,0,0.7
53,0.022,0,0.7
54,0.024,0,0.7
55,0.024,0,0.7
56,0.019,0,0.7
57,0.023,0,0.7
58,0.023,0,0.7
59,0.023,0,0.7
60,0.021,0,0.7
61,0.021,0,0.7
62,0.02,0,0.7
63,0.02,0,0.7
64,0.02,0,0.7
65,0.02,0,0.7
66,0.02,0,0.7
67,0.02,0,0.7
68,0.02,0,0.7
69,0.02,0,0.7
70,0.02,0,0.7
71,0.017,0,0.7
72,0.018000000000000002,0,0.7
73,0.018000000000000002,0,0.7
74,0.018000000000000002,0,0.7
75,0.018000000000000002,0,0.7
76,0.018000000000000002,0,0.7
77,0.018000000000000002,0,0.7
78,0.018000000000000002,0,0.7
79,0.015,0,0.7
80,0.015,0,0.7
81,0.015,0,0.7
82,0.016,0,0.7
83,0.015,0,0.7
84,0.015,0,0.7
85,0.015,0,0.7
86,0.015,0,0.7
87,0.015,0,0.7
88,0.015,0,0.7
89,0.015,0,0.7
90,0.015,0,0.7
91,0.013000000000000001,0,0.7
92,0.013000000000000001,0,0.7
93,0.013000000000000001,0,0.7
94,0.013000000000000001,0,0.7
95,0.013000000000000001,0,0.7
96,0.014,0,0.7
97,0.014,0,0.7
98,0.012,0,0.7
99,0.012,0,0.7
100,0.012,0,0.7
5,0.273,0,0.8
6,0.225,0,0.8
7,0.197,0,0.8
8,0.186,0,0.8
9,0.16,0,0.8
10,0.15,0,0.8
11,0.128,0,0.8
12,0.124,0,0.8
13,0.11,0,0.8
14,0.111,0,0.8
15,0.101,0,0.8
16,0.093,0,0.8
17,0.098,0,0.8
18,0.085,0,0.8
19,0.08600000000000001,0,0.8
20,0.075,0,0.8
21,0.078,0,0.8
22,0.077,0,0.8
23,0.07200000000000001,0,0.8
24,0.067,0,0.8
25,0.063,0,0.8
26,0.066,0,0.8
27,0.054,0,0.8
28,0.058,0,0.8
29,0.057,0,0.8
30,0.051000000000000004,0,0.8
31,0.053,0,0.8
32,0.05,0,0.8
33,0.052000000000000005,0,0.8
34,0.052000000000000005,0,0.8
35,0.045,0,0.8
36,0.045,0,0.8
37,0.042,0,0.8
38,0.044,0,0.8
39,0.042,0,0.8
40,0.039,0,0.8
41,0.039,0,0.8
42,0.037,0,0.8
43,0.04,0,0.8
44,0.038,0,0.8
45,0.038,0,0.8
46,0.036000000000000004,0,0.8
47,0.033,0,0.8
48,0.033,0,0.8
49,0.035,0,0.8
50,0.034,0,0.8
51,0.032,0,0.8
52,0.031,0,0.8
53,0.029,0,0.8
54,0.027,0,0.8
55,0.027,0,0.8
56,0.027,0,0.8
57,0.028,0,0.8
58,0.03,0,0.8
59,0.026000000000000002,0,0.8
60,0.026000000000000002,0,0.8
61,0.026000000000000002,0,0.8
62,0.026000000000000002,0,0.8
63,0.026000000000000002,0,0.8
64,0.026000000000000002,0,0.8
65,0.025,0,0.8
66,0.025,0,0.8
67,0.024,0,0.8
68,0.024,0,0.8
69,0.022,0,0.8
70,0.022,0,0.8
71,0.022,0,0.8
72,0.022,0,0.8
73,0.022,0,0.8
74,0.022,0,0.8
75,0.021,0,0.8
76,0.023,0,0.8
77,0.021,0,0.8
78,0.019,0,0.8
79,0.021,0,0.8
80,0.02,0,0.8
81,0.02,0,0.8
82,0.02,0,0.8
83,0.02,0,0.8
84,0.02,0,0.8
85,0.02,0,0.8
86,0.02,0,0.8
87,0.02,0,0.8
88,0.02,0,0.8
89,0.02,0,0.8
90,0.02,0,0.8
91,0.02,0,0.8
92,0.02,0,0.8
93,0.017,0,0.8
94,0.017,0,0.8
95,0.017,0,0.8
96,0.018000000000000002,0,0.8
97,0.018000000000000002,0,0.8
98,0.018000000000000002,0,0.8
99,0.018000000000000002,0,0.8
100,0.018000000000000002,0,0.8
7,0.28600000000000003,0,0.9
8,0.257,0,0.9
9,0.227,0,0.9
10,0.20600000000000002,0,0.9
11,0.197,0,0.9
12,0.17,0,0.9
13,0.17200000000000001,0,0.9
14,0.153,0,0.9
15,0.14300000000000002,0,0.9
16,0.126,0,0.9
17,0.135,0,0.9
18,0.127,0,0.9
19,0.11900000000000001,0,0.9
20,0.114,0,0.9
21,0.10400000000000001,0,0.9
22,0.106,0,0.9
23,0.098,0,0.9
24,0.089,0,0.9
25,0.092,0,0.9
26,0.091,0,0.9
27,0.082,0,0.9
28,0.08,0,0.9
29,0.075,0,0.9
30,0.081,0,0.9
31,0.073,0,0.9
32,0.076,0,0.9
33,0.077,0,0.9
34,0.077,0,0.9
35,0.064,0,0.9
36,0.068,0,0.9
37,0.068,0,0.9
38,0.059000000000000004,0,0.9
39,0.055,0,0.9
40,0.055,0,0.9
41,0.057,0,0.9
42,0.053,0,0.9
43,0.051000000000000004,0,0.9
44,0.051000000000000004,0,0.9
45,0.051000000000000004,0,0.9
46,0.051000000000000004,0,0.9
47,0.052000000000000005,0,0.9
48,0.05,0,0.9
49,0.046,0,0.9
50,0.046,0,0.9
51,0.052000000000000005,0,0.9
52,0.047,0,0.9
53,0.041,0,0.9
54,0.041,0,0.9
55,0.042,0,0.9
56,0.039,0,0.9
57,0.039,0,0.9
58,0.039,0,0.9
59,0.037,0,0.9
60,0.04,0,0.9
61,0.04,0,0.9
62,0.04,0,0.9
63,0.038,0,0.9
64,0.038,0,0.9
65,0.038,0,0.9
66,0.033,0,0.9
67,0.036000000000000004,0,0.9
68,0.036000000000000004,0,0.9
69,0.036000000000000004,0,0.9
70,0.036000000000000004,0,0.9
71,0.034,0,0.9
72,0.031,0,0.9
73,0.031,0,0.9
74,0.029,0,0.9
75,0.029,0,0.9
76,0.031,0,0.9
77,0.031,0,0.9
78,0.031,0,0.9
79,0.031,0,0.9
80,0.027,0,0.9
81,0.027,0,0.9
82,0.027,0,0.9
83,0.03,0,0.9
84,0.03,0,0.9
85,0.03,0,0.9
86,0.026000000000000002,0,0.9
87,0.03,0,0.9
88,0.03,0,0.9
89,0.026000000000000002,0,0.9
90,0.03,0,0.9
91,0.03,0,0.9
92,0.026000000000000002,0,0.9
93,0.024,0,0.9
94,0.024,0,0.9
95,0.024,0,0.9
96,0.025,0,0.9
97,0.025,0,0.9
98,0.025,0,0.9
99,0.024,0,0.9
100,0.022,0,0.9
2,0.28700000000000003,1,0.5
3,0.209,1,0.5
4,0.15,1,0.5
5,0.138,1,0.5
6,0.112,1,0.5
7,0.09,1,0.5
8,0.089,1,0.5
9,0.074,1,0.5
10,0.07100000000000001,1,0.5
11,0.063,1,0.5
12,0.057,1,0.5
13,0.053,1,0.5
14,0.048,1,0.5
15,0.049,1,0.5
16,0.041,1,0.5
17,0.045,1,0.5
18,0.037,1,0.5
19,0.039,1,0.5
20,0.036000000000000004,1,0.5
21,0.033,1,0.5
22,0.03,1,0.5
23,0.029,1,0.5
24,0.027,1,0.5
25,0.026000000000000002,1,0.5
26,0.031,1,0.5
27,0.026000000000000002,1,0.5
28,0.026000000000000002,1,0.5
29,0.025,1,0.5
30,0.021,1,0.5
31,0.024,1,0.5
32,0.023,1,0.5
33,0.023,1,0.5
34,0.023,1,0.5
35,0.023,1,0.5
36,0.018000000000000002,1,0.5
37,0.018000000000000002,1,0.5
38,0.018000000000000002,1,0.5
39,0.019,1,0.5
40,0.019,1,0.5
41,0.019,1,0.5
42,0.017,1,0.5
43,0.017,1,0.5
44,0.017,1,0.5
45,0.017,1,0.5
46,0.017,1,0.5
47,0.017,1,0.5
48,0.017,1,0.5
49,0.015,1,0.5
50,0.015,1,0.5
51,0.014,1,0.5
52,0.014,1,0.5
53,0.014,1,0.5
54,0.012,1,0.5
55,0.012,1,0.5
56,0.012,1,0.5
57,0.012,1,0.5
58,0.012,1,0.5
59,0.012,1,0.5
60,0.012,1,0.5
61,0.011,1,0.5
62,0.011,1,0.5
63,0.011,1,0.5
64,0.011,1,0.5
65,0.011,1,0.5
66,0.011,1,0.5
67,0.011,1,0.5
68,0.011,1,0.5
69,0.011,1,0.5
70,0.011,1,0.5
71,0.009000000000000001,1,0.5
72,0.01,1,0.5
73,0.01,1,0.5
74,0.01,1,0.5
75,0.01,1,0.5
76,0.01,1,0.5
77,0.01,1,0.5
78,0.01,1,0.5
79,0.01,1,0.5
80,0.01,1,0.5
81,0.01,1,0.5
82,0.01,1,0.5
83,0.01,1,0.5
84,0.01,1,0.5
85,0.01,1,0.5
86,0.01,1,0.5
87,0.01,1,0.5
88,0.01,1,0.5
89,0.01,1,0.5
90,0.008,1,0.5
91,0.008,1,0.5
92,0.008,1,0.5
93,0.008,1,0.5
94,0.008,1,0.5
95,0.008,1,0.5
96,0.008,1,0.5
97,0.008,1,0.5
98,0.008,1,0.5
99,0.008,1,0.5
100,0.008,1,0.5
3,0.254,1,0.6
4,0.21,1,0.6
5,0.17500000000000002,1,0.6
6,0.14100000000000001,1,0.6
7,0.11800000000000001,1,0.6
8,0.113,1,0.6
9,0.098,1,0.6
10,0.08700000000000001,1,0.6
11,0.082,1,0.6
12,0.077,1,0.6
13,0.07200000000000001,1,0.6
14,0.056,1,0.6
15,0.061,1,0.6
16,0.058,1,0.6
17,0.054,1,0.6
18,0.051000000000000004,1,0.6
19,0.047,1,0.6
20,0.05,1,0.6
21,0.045,1,0.6
22,0.041,1,0.6
23,0.035,1,0.6
24,0.039,1,0.6
25,0.036000000000000004,1,0.6
26,0.037,1,0.6
27,0.034,1,0.6
28,0.033,1,0.6
29,0.032,1,0.6
30,0.032,1,0.6
31,0.029,1,0.6
32,0.029,1,0.6
33,0.027,1,0.6
34,0.026000000000000002,1,0.6
35,0.026000000000000002,1,0.6
36,0.026000000000000002,1,0.6
37,0.026000000000000002,1,0.6
38,0.026000000000000002,1,0.6
39,0.026000000000000002,1,0.6
40,0.025,1,0.6
41,0.023,1,0.6
42,0.023,1,0.6
43,0.023,1,0.6
44,0.023,1,0.6
45,0.022,1,0.6
46,0.022,1,0.6
47,0.02,1,0.6
48,0.02,1,0.6
49,0.02,1,0.6
50,0.016,1,0.6
51,0.019,1,0.6
52,0.018000000000000002,1,0.6
53,0.019,1,0.6
54,0.018000000000000002,1,0.6
55,0.017,1,0.6
56,0.017,1,0.6
57,0.017,1,0.6
58,0.017,1,0.6
59,0.017,1,0.6
60,0.017,1,0.6
61,0.017,1,0.6
62,0.017,1,0.6
63,0.015,1,0.6
64,0.014,1,0.6
65,0.014,1,0.6
66,0.014,1,0.6
67,0.014,1,0.6
68,0.014,1,0.6
69,0.014,1,0.6
70,0.012,1,0.6
71,0.012,1,0.6
72,0.013000000000000001,1,0.6
73,0.013000000000000001,1,0.6
74,0.013000000000000001,1,0.6
75,0.013000000000000001,1,0.6
76,0.013000000000000001,1,0.6
77,0.013000000000000001,1,0.6
78,0.013000000000000001,1,0.6
79,0.013000000000000001,1,0.6
80,0.013000000000000001,1,0.6
81,0.013000000000000001,1,0.6
82,0.013000000000000001,1,0.6
83,0.011,1,0.6
84,0.011,1,0.6
85,0.011,1,0.6
86,0.011,1,0.6
87,0.011,1,0.6
88,0.011,1,0.6
89,0.011,1,0.6
90,0.011,1,0.6
91,0.011,1,0.6
92,0.011,1,0.6
93,0.009000000000000001,1,0.6
94,0.009000000000000001,1,0.6
95,0.009000000000000001,1,0.6
96,0.009000000000000001,1,0.6
97,0.009000000000000001,1,0.6
98,0.01,1,0.6
99,0.01,1,0.6
100,0.01,1,0.6
4,0.246,1,0.7
5,0.218,1,0.7
6,0.198,1,0.7
7,0.154,1,0.7
8,0.138,1,0.7
9,0.124,1,0.7
10,0.108,1,0.7
11,0.11,1,0.7
12,0.088,1,0.7
13,0.093,1,0.7
14,0.089,1,0.7
15,0.075,1,0.7
16,0.076,1,0.7
17,0.07,1,0.7
18,0.065,1,0.7
19,0.058,1,0.7
20,0.061,1,0.7
21,0.061,1,0.7
22,0.054,1,0.7
23,0.055,1,0.7
24,0.049,1,0.7
25,0.052000000000000005,1,0.7
26,0.048,1,0.7
27,0.045,1,0.7
28,0.046,1,0.7
29,0.042,1,0.7
30,0.042,1,0.7
31,0.039,1,0.7
32,0.038,1,0.7
33,0.036000000000000004,1,0.7
34,0.036000000000000004,1,0.7
35,0.034,1,0.7
36,0.033,1,0.7
37,0.03,1,0.7
38,0.03,1,0.7
39,0.032,1,0.7
40,0.032,1,0.7
41,0.032,1,0.7
42,0.032,1,0.7
43,0.031,1,0.7
44,0.031,1,0.7
45,0.028,1,0.7
46,0.028,1,0.7
47,0.026000000000000002,1,0.7
48,0.025,1,0.7
49,0.025,1,0.7
50,0.026000000000000002,1,0.7
51,0.026000000000000002,1,0.7
52,0.025,1,0.7
53,0.024,1,0.7
54,0.021,1,0.7
55,0.021,1,0.7
56,0.022,1,0.7
57,0.022,1,0.7
58,0.022,1,0.7
59,0.022,1,0.7
60,0.022,1,0.7
61,0.022,1,0.7
62,0.022,1,0.7
63,0.02,1,0.7
64,0.019,1,0.7
65,0.018000000000000002,1,0.7
66,0.016,1,0.7
67,0.016,1,0.7
68,0.016,1,0.7
69,0.016,1,0.7
70,0.016,1,0.7
71,0.017,1,0.7
72,0.017,1,0.7
73,0.017,1,0.7
74,0.017,1,0.7
75,0.017,1,0.7
76,0.017,1,0.7
77,0.017,1,0.7
78,0.017,1,0.7
79,0.017,1,0.7
80,0.017,1,0.7
81,0.015,1,0.7
82,0.015,1,0.7
83,0.015,1,0.7
84,0.015,1,0.7
85,0.015,1,0.7
86,0.014,1,0.7
87,0.014,1,0.7
88,0.014,1,0.7
89,0.014,1,0.7
90,0.014,1,0.7
91,0.014,1,0.7
92,0.012,1,0.7
93,0.012,1,0.7
94,0.012,1,0.7
95,0.012,1,0.7
96,0.012,1,0.7
97,0.012,1,0.7
98,0.012,1,0.7
99,0.012,1,0.7
100,0.012,1,0.7
5,0.269,1,0.8
6,0.248,1,0.8
7,0.20500000000000002,1,0.8
8,0.188,1,0.8
9,0.163,1,0.8
10,0.146,1,0.8
11,0.152,1,0.8
12,0.124,1,0.8
13,0.125,1,0.8
14,0.116,1,0.8
15,0.101,1,0.8
16,0.094,1,0.8
17,0.098,1,0.8
18,0.089,1,0.8
19,0.075,1,0.8
20,0.076,1,0.8
21,0.076,1,0.8
22,0.067,1,0.8
23,0.074,1,0.8
24,0.069,1,0.8
25,0.062,1,0.8
26,0.056,1,0.8
27,0.06,1,0.8
28,0.06,1,0.8
29,0.054,1,0.8
30,0.053,1,0.8
31,0.053,1,0.8
32,0.051000000000000004,1,0.8
33,0.048,1,0.8
34,0.048,1,0.8
35,0.044,1,0.8
36,0.044,1,0.8
37,0.044,1,0.8
38,0.041,1,0.8
39,0.042,1,0.8
40,0.043000000000000003,1,0.8
41,0.043000000000000003,1,0.8
42,0.037,1,0.8
43,0.035,1,0.8
44,0.035,1,0.8
45,0.035,1,0.8
46,0.036000000000000004,1,0.8
47,0.033,1,0.8
48,0.034,1,0.8
49,0.034,1,0.8
50,0.034,1,0.8
51,0.034,1,0.8
52,0.03,1,0.8
53,0.03,1,0.8
54,0.03,1,0.8
55,0.031,1,0.8
56,0.031,1,0.8
57,0.027,1,0.8
58,0.027,1,0.8
59,0.027,1,0.8
60,0.029,1,0.8
61,0.028,1,0.8
62,0.028,1,0.8
63,0.025,1,0.8
64,0.025,1,0.8
65,0.025,1,0.8
66,0.026000000000000002,1,0.8
67,0.026000000000000002,1,0.8
68,0.026000000000000002,1,0.8
69,0.023,1,0.8
70,0.023,1,0.8
71,0.023,1,0.8
72,0.022,1,0.8
73,0.022,1,0.8
74,0.021,1,0.8
75,0.021,1,0.8
76,0.022,1,0.8
77,0.022,1,0.8
78,0.022,1,0.8
79,0.021,1,0.8
80,0.021,1,0.8
81,0.021,1,0.8
82,0.019,1,0.8
83,0.019,1,0.8
84,0.019,1,0.8
85,0.02,1,0.8
86,0.018000000000000002,1,0.8
87,0.018000000000000002,1,0.8
88,0.018000000000000002,1,0.8
89,0.018000000000000002,1,0.8
90,0.018000000000000002,1,0.8
91,0.016,1,0.8
92,0.016,1,0.8
93,0.016,1,0.8
94,0.016,1,0.8
95,0.016,1,0.8
96,0.017,1,0.8
97,0.017,1,0.8
98,0.017,1,0.8
99,0.017,1,0.8
100,0.017,1,0.8
7,0.271,1,0.9
8,0.273,1,0.9
9,0.225,1,0.9
10,0.197,1,0.9
11,0.2,1,0.9
12,0.17500000000000002,1,0.9
13,0.162,1,0.9
14,0.15,1,0.9
15,0.148,1,0.9
16,0.128,1,0.9
17,0.13,1,0.9
18,0.11900000000000001,1,0.9
19,0.109,1,0.9
20,0.10400000000000001,1,0.9
21,0.1,1,0.9
22,0.094,1,0.9
23,0.098,1,0.9
24,0.093,1,0.9
25,0.08600000000000001,1,0.9
26,0.08700000000000001,1,0.9
27,0.081,1,0.9
28,0.083,1,0.9
29,0.076,1,0.9
30,0.077,1,0.9
31,0.074,1,0.9
32,0.07200000000000001,1,0.9
33,0.068,1,0.9
34,0.064,1,0.9
35,0.062,1,0.9
36,0.063,1,0.9
37,0.058,1,0.9
38,0.06,1,0.9
39,0.06,1,0.9
40,0.053,1,0.9
41,0.053,1,0.9
42,0.053,1,0.9
43,0.054,1,0.9
44,0.054,1,0.9
45,0.055,1,0.9
46,0.048,1,0.9
47,0.048,1,0.9
48,0.049,1,0.9
49,0.045,1,0.9
50,0.045,1,0.9
51,0.05,1,0.9
52,0.05,1,0.9
53,0.041,1,0.9
54,0.044,1,0.9
55,0.037,1,0.9
56,0.037,1,0.9
57,0.039,1,0.9
58,0.043000000000000003,1,0.9
59,0.04,1,0.9
60,0.038,1,0.9
61,0.035,1,0.9
62,0.035,1,0.9
63,0.035,1,0.9
64,0.035,1,0.9
65,0.035,1,0.9
66,0.036000000000000004,1,0.9
67,0.036000000000000004,1,0.9
68,0.036000000000000004,1,0.9
69,0.036000000000000004,1,0.9
70,0.033,1,0.9
71,0.033,1,0.9
72,0.034,1,0.9
73,0.034,1,0.9
74,0.034,1,0.9
75,0.034,1,0.9
76,0.027,1,0.9
77,0.027,1,0.9
78,0.03,1,0.9
79,0.03,1,0.9
80,0.03,1,0.9
81,0.028,1,0.9
82,0.029,1,0.9
83,0.029,1,0.9
84,0.028,1,0.9
85,0.029,1,0.9
86,0.029,1,0.9
87,0.029,1,0.9
88,0.029,1,0.9
89,0.025,1,0.9
90,0.025,1,0.9
91,0.025,1,0.9
92,0.025,1,0.9
93,0.025,1,0.9
94,0.025,1,0.9
95,0.025,1,0.9
96,0.022,1,0.9
97,0.022,1,0.9
98,0.022,1,0.9
99,0.023,1,0.9
100,0.023,1,0.9
2,0.28400000000000003,2,0.5
3,0.221,2,0.5
4,0.158,2,0.5
5,0.13,2,0.5
6,0.106,2,0.5
7,0.1,2,0.5
8,0.08,2,0.5
9,0.074,2,0.5
10,0.068,2,0.5
11,0.065,2,0.5
12,0.056,2,0.5
13,0.055,2,0.5
14,0.049,2,0.5
15,0.047,2,0.5
16,0.037,2,0.5
17,0.04,2,0.5
18,0.04,2,0.5
19,0.038,2,0.5
20,0.035,2,0.5
21,0.033,2,0.5
22,0.036000000000000004,2,0.5
23,0.032,2,0.5
24,0.032,2,0.5
25,0.028,2,0.5
26,0.026000000000000002,2,0.5
27,0.027,2,0.5
28,0.023,2,0.5
29,0.024,2,0.5
30,0.024,2,0.5
31,0.023,2,0.5
32,0.02,2,0.5
33,0.021,2,0.5
34,0.021,2,0.5
35,0.019,2,0.5
36,0.019,2,0.5
37,0.019,2,0.5
38,0.019,2,0.5
39,0.018000000000000002,2,0.5
40,0.018000000000000002,2,0.5
41,0.018000000000000002,2,0.5
42,0.017,2,0.5
43,0.017,2,0.5
44,0.016,2,0.5
45,0.016,2,0.5
46,0.016,2,0.5
47,0.015,2,0.5
48,0.015,2,0.5
49,0.014,2,0.5
50,0.014,2,0.5
51,0.014,2,0.5
52,0.014,2,0.5
53,0.013000000000000001,2,0.5
54,0.013000000000000001,2,0.5
55,0.013000000000000001,2,0.5
56,0.013000000000000001,2,0.5
57,0.013000000000000001,2,0.5
58,0.012,2,0.5
59,0.012,2,0.5
60,0.012,2,0.5
61,0.012,2,0.5
62,0.012,2,0.5
63,0.011,2,0.5
64,0.011,2,0.5
65,0.011,2,0.5
66,0.011,2,0.5
67,0.011,2,0.5
68,0.011,2,0.5
69,0.011,2,0.5
70,0.01,2,0.5
71,0.01,2,0.5
72,0.01,2,0.5
73,0.01,2,0.5
74,0.01,2,0.5
75,0.01,2,0.5
76,0.01,2,0.5
77,0.01,2,0.5
78,0.009000000000000001,2,0.5
79,0.009000000000000001,2,0.5
80,0.009000000000000001,2,0.5
81,0.009000000000000001,2,0.5
82,0.008,2,0.5
83,0.008,2,0.5
84,0.008,2,0.5
85,0.008,2,0.5
86,0.008,2,0.5
87,0.008,2,0.5
88,0.008,2,0.5
89,0.008,2,0.5
90,0.008,2,0.5
91,0.008,2,0.5
92,0.008,2,0.5
93,0.007,2,0.5
94,0.007,2,0.5
95,0.007,2,0.5
96,0.007,2,0.5
97,0.007,2,0.5
98,0.007,2,0.5
99,0.007,2,0.5
100,0.007,2,0.5
3,0.271,2,0.6
4,0.209,2,0.6
5,0.164,2,0.6
6,0.138,2,0.6
7,0.122,2,0.6
8,0.112,2,0.6
9,0.098,2,0.6
10,0.089,2,0.6
11,0.073,2,0.6
12,0.074,2,0.6
13,0.063,2,0.6
14,0.068,2,0.6
15,0.057,2,0.6
16,0.056,2,0.6
17,0.052000000000000005,2,0.6
18,0.051000000000000004,2,0.6
19,0.048,2,0.6
20,0.048,2,0.6
21,0.047,2,0.6
22,0.04,2,0.6
23,0.037,2,0.6
24,0.037,2,0.6
25,0.038,2,0.6
26,0.034,2,0.6
27,0.033,2,0.6
28,0.035,2,0.6
29,0.039,2,0.6
30,0.03,2,0.6
31,0.032,2,0.6
32,0.029,2,0.6
33,0.028,2,0.6
34,0.025,2,0.6
35,0.025,2,0.6
36,0.027,2,0.6
37,0.023,2,0.6
38,0.023,2,0.6
39,0.022,2,0.6
40,0.022,2,0.6
41,0.022,2,0.6
42,0.022,2,0.6
43,0.022,2,0.6
44,0.021,2,0.6
45,0.02,2,0.6
46,0.02,2,0.6
47,0.02,2,0.6
48,0.019,2,0.6
49,0.019,2,0.6
50,0.019,2,0.6
51,0.018000000000000002,2,0.6
52,0.017,2,0.6
53,0.017,2,0.6
54,0.017,2,0.6
55,0.018000000000000002,2,0.6
56,0.018000000000000002,2,0.6
57,0.018000000000000002,2,0.6
58,0.018000000000000002,2,0.6
59,0.016,2,0.6
60,0.016,2,0.6
61,0.016,2,0.6
62,0.015,2,0.6
63,0.014,2,0.6
64,0.014,2,0.6
65,0.014,2,0.6
66,0.014,2,0.6
67,0.014,2,0.6
68,0.014,2,0.6
69,0.014,2,0.6
70,0.014,2,0.6
71,0.014,2,0.6
72,0.013000000000000001,2,0.6
73,0.013000000000000001,2,0.6
74,0.012,2,0.6
75,0.012,2,0.6
76,0.012,2,0.6
77,0.012,2,0.6
78,0.012,2,0.6
79,0.012,2,0.6
80,0.012,2,0.6
81,0.012,2,0.6
82,0.012,2,0.6
83,0.011,2,0.6
84,0.011,2,0.6
85,0.011,2,0.6
86,0.011,2,0.6
87,0.011,2,0.6
88,0.01,2,0.6
89,0.01,2,0.6
90,0.01,2,0.6
91,0.01,2,0.6
92,0.01,2,0.6
93,0.01,2,0.6
94,0.01,2,0.6
95,0.01,2,0.6
96,0.01,2,0.6
97,0.01,2,0.6
98,0.01,2,0.6
99,0.01,2,0.6
100,0.01,2,0.6
4,0.262,2,0.7
5,0.20400000000000001,2,0.7
6,0.17,2,0.7
7,0.167,2,0.7
8,0.15,2,0.7
9,0.122,2,0.7
10,0.113,2,0.7
11,0.11,2,0.7
12,0.098,2,0.7
13,0.10300000000000001,2,0.7
14,0.08700000000000001,2,0.7
15,0.077,2,0.7
16,0.074,2,0.7
17,0.07,2,0.7
18,0.066,2,0.7
19,0.058,2,0.7
20,0.061,2,0.7
21,0.055,2,0.7
22,0.056,2,0.7
23,0.056,2,0.7
24,0.054,2,0.7
25,0.05,2,0.7
26,0.045,2,0.7
27,0.048,2,0.7
28,0.043000000000000003,2,0.7
29,0.042,2,0.7
30,0.042,2,0.7
31,0.037,2,0.7
32,0.041,2,0.7
33,0.041,2,0.7
34,0.038,2,0.7
35,0.039,2,0.7
36,0.036000000000000004,2,0.7
37,0.036000000000000004,2,0.7
38,0.03,2,0.7
39,0.03,2,0.7
40,0.032,2,0.7
41,0.032,2,0.7
42,0.032,2,0.7
43,0.028,2,0.7
44,0.029,2,0.7
45,0.029,2,0.7
46,0.026000000000000002,2,0.7
47,0.027,2,0.7
48,0.025,2,0.7
49,0.023,2,0.7
50,0.024,2,0.7
51,0.024,2,0.7
52,0.022,2,0.7
53,0.022,2,0.7
54,0.022,2,0.7
55,0.022,2,0.7
56,0.024,2,0.7
57,0.02,2,0.7
58,0.02,2,0.7
59,0.02,2,0.7
60,0.019,2,0.7
61,0.021,2,0.7
62,0.021,2,0.7
63,0.019,2,0.7
64,0.017,2,0.7
65,0.017,2,0.7
66,0.017,2,0.7
67,0.018000000000000002,2,0.7
68,0.018000000000000002,2,0.7
69,0.018000000000000002,2,0.7
70,0.018000000000000002,2,0.7
71,0.018000000000000002,2,0.7
72,0.018000000000000002,2,0.7
73,0.018000000000000002,2,0.7
74,0.018000000000000002,2,0.7
75,0.018000000000000002,2,0.7
76,0.018000000000000002,2,0.7
77,0.018000000000000002,2,0.7
78,0.018000000000000002,2,0.7
79,0.015,2,0.7
80,0.015,2,0.7
81,0.015,2,0.7
82,0.014,2,0.7
83,0.014,2,0.7
84,0.014,2,0.7
85,0.014,2,0.7
86,0.014,2,0.7
87,0.014,2,0.7
88,0.014,2,0.7
89,0.014,2,0.7
90,0.013000000000000001,2,0.7
91,0.013000000000000001,2,0.7
92,0.013000000000000001,2,0.7
93,0.013000000000000001,2,0.7
94,0.013000000000000001,2,0.7
95,0.013000000000000001,2,0.7
96,0.013000000000000001,2,0.7
97,0.012,2,0.7
98,0.012,2,0.7
99,0.012,2,0.7
100,0.012,2,0.7
5,0.276,2,0.8
6,0.242,2,0.8
7,0.223,2,0.8
8,0.176,2,0.8
9,0.169,2,0.8
10,0.162,2,0.8
11,0.138,2,0.8
12,0.129,2,0.8
13,0.11900000000000001,2,0.8
14,0.105,2,0.8
15,0.107,2,0.8
16,0.1,2,0.8
17,0.09,2,0.8
18,0.083,2,0.8
19,0.079,2,0.8
20,0.076,2,0.8
21,0.078,2,0.8
22,0.07200000000000001,2,0.8
23,0.067,2,0.8
24,0.07100000000000001,2,0.8
25,0.066,2,0.8
26,0.062,2,0.8
27,0.055,2,0.8
28,0.059000000000000004,2,0.8
29,0.056,2,0.8
30,0.054,2,0.8
31,0.05,2,0.8
32,0.052000000000000005,2,0.8
33,0.049,2,0.8
34,0.044,2,0.8
35,0.044,2,0.8
36,0.048,2,0.8
37,0.048,2,0.8
38,0.042,2,0.8
39,0.042,2,0.8
40,0.042,2,0.8
41,0.042,2,0.8
42,0.037,2,0.8
43,0.041,2,0.8
44,0.038,2,0.8
45,0.035,2,0.8
46,0.038,2,0.8
47,0.036000000000000004,2,0.8
48,0.033,2,0.8
49,0.033,2,0.8
50,0.032,2,0.8
51,0.031,2,0.8
52,0.03,2,0.8
53,0.03,2,0.8
54,0.03,2,0.8
55,0.03,2,0.8
56,0.031,2,0.8
57,0.026000000000000002,2,0.8
58,0.028,2,0.8
59,0.028,2,0.8
60,0.028,2,0.8
61,0.027,2,0.8
62,0.027,2,0.8
63,0.027,2,0.8
64,0.025,2,0.8
65,0.025,2,0.8
66,0.022,2,0.8
67,0.022,2,0.8
68,0.023,2,0.8
69,0.024,2,0.8
70,0.024,2,0.8
71,0.024,2,0.8
72,0.024,2,0.8
73,0.024,2,0.8
74,0.024,2,0.8
75,0.022,2,0.8
76,0.023,2,0.8
77,0.022,2,0.8
78,0.023,2,0.8
79,0.023,2,0.8
80,0.021,2,0.8
81,0.021,2,0.8
82,0.02,2,0.8
83,0.02,2,0.8
84,0.019,2,0.8
85,0.019,2,0.8
86,0.019,2,0.8
87,0.018000000000000002,2,0.8
88,0.018000000000000002,2,0.8
89,0.018000000000000002,2,0.8
90,0.018000000000000002,2,0.8
91,0.018000000000000002,2,0.8
92,0.017,2,0.8
93,0.017,2,0.8
94,0.017,2,0.8
95,0.017,2,0.8
96,0.017,2,0.8
97,0.017,2,0.8
98,0.017,2,0.8
99,0.017,2,0.8
100,0.017,2,0.8
7,0.281,2,0.9
8,0.251,2,0.9
9,0.221,2,0.9
10,0.209,2,0.9
11,0.199,2,0.9
12,0.183,2,0.9
13,0.167,2,0.9
14,0.15,2,0.9
15,0.14300000000000002,2,0.9
16,0.14100000000000001,2,0.9
17,0.125,2,0.9
18,0.11800000000000001,2,0.9
19,0.109,2,0.9
20,0.107,2,0.9
21,0.105,2,0.9
22,0.1,2,0.9
23,0.094,2,0.9
24,0.089,2,0.9
25,0.083,2,0.9
26,0.08700000000000001,2,0.9
27,0.08600000000000001,2,0.9
28,0.077,2,0.9
29,0.075,2,0.9
30,0.074,2,0.9
31,0.073,2,0.9
32,0.07200000000000001,2,0.9
33,0.067,2,0.9
34,0.067,2,0.9
35,0.065,2,0.9
36,0.064,2,0.9
37,0.062,2,0.9
38,0.066,2,0.9
39,0.061,2,0.9
40,0.056,2,0.9
41,0.055,2,0.9
42,0.054,2,0.9
43,0.052000000000000005,2,0.9
44,0.052000000000000005,2,0.9
45,0.052000000000000005,2,0.9
46,0.05,2,0.9
47,0.044,2,0.9
48,0.046,2,0.9
49,0.046,2,0.9
50,0.048,2,0.9
51,0.048,2,0.9
52,0.043000000000000003,2,0.9
53,0.043000000000000003,2,0.9
54,0.043000000000000003,2,0.9
55,0.042,2,0.9
56,0.042,2,0.9
57,0.04,2,0.9
58,0.04,2,0.9
59,0.04,2,0.9
60,0.04,2,0.9
61,0.038,2,0.9
62,0.038,2,0.9
63,0.037,2,0.9
64,0.041,2,0.9
65,0.041,2,0.9
66,0.041,2,0.9
67,0.035,2,0.9
68,0.036000000000000004,2,0.9
69,0.035,2,0.9
70,0.033,2,0.9
71,0.033,2,0.9
72,0.033,2,0.9
73,0.03,2,0.9
74,0.03,2,0.9
75,0.03,2,0.9
76,0.031,2,0.9
77,0.031,2,0.9
78,0.031,2,0.9
79,0.031,2,0.9
80,0.031,2,0.9
81,0.026000000000000002,2,0.9
82,0.029,2,0.9
83,0.029,2,0.9
84,0.026000000000000002,2,0.9
85,0.026000000000000002,2,0.9
86,0.026000000000000002,2,0.9
87,0.028,2,0.9
88,0.028,2,0.9
89,0.028,2,0.9
90,0.027,2,0.9
91,0.024,2,0.9
92,0.024,2,0.9
93,0.023,2,0.9
94,0.025,2,0.9
95,0.023,2,0.9
96,0.022,2,0.9
97,0.025,2,0.9
98,0.025,2,0.9
99,0.025,2,0.9
100,0.023,2,0.9
2,0.28400000000000003,3,0.5
3,0.20400000000000001,3,0.5
4,0.155,3,0.5
5,0.139,3,0.5
6,0.12,3,0.5
7,0.09,3,0.5
8,0.084,3,0.5
9,0.077,3,0.5
10,0.065,3,0.5
11,0.06,3,0.5
12,0.056,3,0.5
13,0.052000000000000005,3,0.5
14,0.049,3,0.5
15,0.051000000000000004,3,0.5
16,0.042,3,0.5
17,0.043000000000000003,3,0.5
18,0.039,3,0.5
19,0.037,3,0.5
20,0.036000000000000004,3,0.5
21,0.036000000000000004,3,0.5
22,0.028,3,0.5
23,0.031,3,0.5
24,0.029,3,0.5
25,0.027,3,0.5
26,0.027,3,0.5
27,0.027,3,0.5
28,0.023,3,0.5
29,0.025,3,0.5
30,0.025,3,0.5
31,0.025,3,0.5
32,0.025,3,0.5
33,0.021,3,0.5
34,0.021,3,0.5
35,0.02,3,0.5
36,0.019,3,0.5
37,0.019,3,0.5
38,0.019,3,0.5
39,0.018000000000000002,3,0.5
40,0.016,3,0.5
41,0.018000000000000002,3,0.5
42,0.018000000000000002,3,0.5
43,0.018000000000000002,3,0.5
44,0.017,3,0.5
45,0.017,3,0.5
46,0.014,3,0.5
47,0.014,3,0.5
48,0.014,3,0.5
49,0.014,3,0.5
50,0.014,3,0.5
51,0.015,3,0.5
52,0.015,3,0.5
53,0.015,3,0.5
54,0.013000000000000001,3,0.5
55,0.013000000000000001,3,0.5
56,0.013000000000000001,3,0.5
57,0.013000000000000001,3,0.5
58,0.013000000000000001,3,0.5
59,0.013000000000000001,3,0.5
60,0.012,3,0.5
61,0.012,3,0.5
62,0.012,3,0.5
63,0.012,3,0.5
64,0.012,3,0.5
65,0.011,3,0.5
66,0.011,3,0.5
67,0.011,3,0.5
68,0.011,3,0.5
69,0.011,3,0.5
70,0.01,3,0.5
71,0.01,3,0.5
72,0.01,3,0.5
73,0.01,3,0.5
74,0.01,3,0.5
75,0.01,3,0.5
76,0.01,3,0.5
77,0.01,3,0.5
78,0.009000000000000001,3,0.5
79,0.009000000000000001,3,0.5
80,0.009000000000000001,3,0.5
81,0.009000000000000001,3,0.5
82,0.009000000000000001,3,0.5
83,0.009000000000000001,3,0.5
84,0.009000000000000001,3,0.5
85,0.009000000000000001,3,0.5
86,0.009000000000000001,3,0.5
87,0.009000000000000001,3,0.5
88,0.009000000000000001,3,0.5
89,0.009000000000000001,3,0.5
90,0.009000000000000001,3,0.5
91,0.009000000000000001,3,0.5
92,0.009000000000000001,3,0.5
93,0.008,3,0.5
94,0.008,3,0.5
95,0.008,3,0.5
96,0.008,3,0.5
97,0.008,3,0.5
98,0.008,3,0.5
99,0.008,3,0.5
100,0.008,3,0.5
3,0.277,3,0.6
4,0.186,3,0.6
5,0.17300000000000001,3,0.6
6,0.145,3,0.6
7,0.117,3,0.6
8,0.112,3,0.6
9,0.108,3,0.6
10,0.089,3,0.6
11,0.08,3,0.6
12,0.082,3,0.6
13,0.074,3,0.6
14,0.067,3,0.6
15,0.06,3,0.6
16,0.055,3,0.6
17,0.052000000000000005,3,0.6
18,0.05,3,0.6
19,0.047,3,0.6
20,0.051000000000000004,3,0.6
21,0.044,3,0.6
22,0.042,3,0.6
23,0.038,3,0.6
24,0.039,3,0.6
25,0.039,3,0.6
26,0.037,3,0.6
27,0.037,3,0.6
28,0.035,3,0.6
29,0.03,3,0.6
30,0.031,3,0.6
31,0.029,3,0.6
32,0.027,3,0.6
33,0.027,3,0.6
34,0.027,3,0.6
35,0.027,3,0.6
36,0.026000000000000002,3,0.6
37,0.025,3,0.6
38,0.023,3,0.6
39,0.023,3,0.6
40,0.023,3,0.6
41,0.023,3,0.6
42,0.021,3,0.6
43,0.021,3,0.6
44,0.022,3,0.6
45,0.022,3,0.6
46,0.022,3,0.6
47,0.019,3,0.6
48,0.019,3,0.6
49,0.019,3,0.6
50,0.019,3,0.6
51,0.018000000000000002,3,0.6
52,0.016,3,0.6
53,0.016,3,0.6
54,0.016,3,0.6
55,0.016,3,0.6
56,0.016,3,0.6
57,0.016,3,0.6
58,0.017,3,0.6
59,0.014,3,0.6
60,0.014,3,0.6
61,0.014,3,0.6
62,0.014,3,0.6
63,0.014,3,0.6
64,0.014,3,0.6
65,0.014,3,0.6
66,0.014,3,0.6
67,0.015,3,0.6
68,0.015,3,0.6
69,0.015,3,0.6
70,0.015,3,0.6
71,0.013000000000000001,3,0.6
72,0.013000000000000001,3,0.6
73,0.013000000000000001,3,0.6
74,0.013000000000000001,3,0.6
75,0.013000000000000001,3,0.6
76,0.013000000000000001,3,0.6
77,0.013000000000000001,3,0.6
78,0.012,3,0.6
79,0.012,3,0.6
80,0.012,3,0.6
81,0.012,3,0.6
82,0.011,3,0.6
83,0.011,3,0.6
84,0.011,3,0.6
85,0.011,3,0.6
86,0.011,3,0.6
87,0.011,3,0.6
88,0.011,3,0.6
89,0.011,3,0.6
90,0.011,3,0.6
91,0.01,3,0.6
92,0.01,3,0.6
93,0.01,3,0.6
94,0.01,3,0.6
95,0.01,3,0.6
96,0.01,3,0.6
97,0.01,3,0.6
98,0.01,3,0.6
99,0.009000000000000001,3,0.6
100,0.009000000000000001,3,0.6
4,0.276,3,0.7
5,0.23500000000000001,3,0.7
6,0.181,3,0.7
7,0.152,3,0.7
8,0.14300000000000002,3,0.7
9,0.134,3,0.7
10,0.124,3,0.7
11,0.11,3,0.7
12,0.094,3,0.7
13,0.085,3,0.7
14,0.079,3,0.7
15,0.077,3,0.7
16,0.066,3,0.7
17,0.07100000000000001,3,0.7
18,0.063,3,0.7
19,0.056,3,0.7
20,0.059000000000000004,3,0.7
21,0.053,3,0.7
22,0.054,3,0.7
23,0.05,3,0.7
24,0.048,3,0.7
25,0.047,3,0.7
26,0.045,3,0.7
27,0.045,3,0.7
28,0.044,3,0.7
29,0.042,3,0.7
30,0.042,3,0.7
31,0.039,3,0.7
32,0.039,3,0.7
33,0.036000000000000004,3,0.7
34,0.037,3,0.7
35,0.037,3,0.7
36,0.037,3,0.7
37,0.034,3,0.7
38,0.032,3,0.7
39,0.031,3,0.7
40,0.031,3,0.7
41,0.029,3,0.7
42,0.029,3,0.7
43,0.029,3,0.7
44,0.029,3,0.7
45,0.028,3,0.7
46,0.026000000000000002,3,0.7
47,0.026000000000000002,3,0.7
48,0.026000000000000002,3,0.7
49,0.025,3,0.7
50,0.023,3,0.7
51,0.023,3,0.7
52,0.021,3,0.7
53,0.021,3,0.7
54,0.021,3,0.7
55,0.022,3,0.7
56,0.022,3,0.7
57,0.022,3,0.7
58,0.022,3,0.7
59,0.022,3,0.7
60,0.022,3,0.7
61,0.022,3,0.7
62,0.019,3,0.7
63,0.02,3,0.7
64,0.02,3,0.7
65,0.019,3,0.7
66,0.019,3,0.7
67,0.019,3,0.7
68,0.02,3,0.7
69,0.019,3,0.7
70,0.018000000000000002,3,0.7
71,0.018000000000000002,3,0.7
72,0.016,3,0.7
73,0.017,3,0.7
74,0.017,3,0.7
75,0.017,3,0.7
76,0.017,3,0.7
77,0.017,3,0.7
78,0.017,3,0.7
79,0.017,3,0.7
80,0.014,3,0.7
81,0.014,3,0.7
82,0.014,3,0.7
83,0.014,3,0.7
84,0.014,3,0.7
85,0.014,3,0.7
86,0.014,3,0.7
87,0.015,3,0.7
88,0.015,3,0.7
89,0.015,3,0.7
90,0.013000000000000001,3,0.7
91,0.013000000000000001,3,0.7
92,0.013000000000000001,3,0.7
93,0.013000000000000001,3,0.7
94,0.013000000000000001,3,0.7
95,0.013000000000000001,3,0.7
96,0.013000000000000001,3,0.7
97,0.013000000000000001,3,0.7
98,0.013000000000000001,3,0.7
99,0.013000000000000001,3,0.7
100,0.013000000000000001,3,0.7
5,0.271,3,0.8
6,0.25,3,0.8
7,0.218,3,0.8
8,0.183,3,0.8
9,0.151,3,0.8
10,0.163,3,0.8
11,0.133,3,0.8
12,0.122,3,0.8
13,0.127,3,0.8
14,0.106,3,0.8
15,0.10200000000000001,3,0.8
16,0.108,3,0.8
17,0.091,3,0.8
18,0.08700000000000001,3,0.8
19,0.079,3,0.8
20,0.084,3,0.8
21,0.082,3,0.8
22,0.074,3,0.8
23,0.07200000000000001,3,0.8
24,0.065,3,0.8
25,0.064,3,0.8
26,0.064,3,0.8
27,0.059000000000000004,3,0.8
28,0.057,3,0.8
29,0.058,3,0.8
30,0.057,3,0.8
31,0.052000000000000005,3,0.8
32,0.048,3,0.8
33,0.051000000000000004,3,0.8
34,0.047,3,0.8
35,0.047,3,0.8
36,0.045,3,0.8
37,0.04,3,0.8
38,0.044,3,0.8
39,0.041,3,0.8
40,0.042,3,0.8
41,0.041,3,0.8
42,0.041,3,0.8
43,0.041,3,0.8
44,0.038,3,0.8
45,0.038,3,0.8
46,0.038,3,0.8
47,0.035,3,0.8
48,0.035,3,0.8
49,0.034,3,0.8
50,0.033,3,0.8
51,0.03,3,0.8
52,0.031,3,0.8
53,0.03,3,0.8
54,0.03,3,0.8
55,0.03,3,0.8
56,0.029,3,0.8
57,0.029,3,0.8
58,0.028,3,0.8
59,0.024,3,0.8
60,0.027,3,0.8
61,0.027,3,0.8
62,0.027,3,0.8
63,0.027,3,0.8
64,0.027,3,0.8
65,0.027,3,0.8
66,0.026000000000000002,3,0.8
67,0.026000000000000002,3,0.8
68,0.023,3,0.8
69,0.023,3,0.8
70,0.022,3,0.8
71,0.021,3,0.8
72,0.021,3,0.8
73,0.021,3,0.8
74,0.022,3,0.8
75,0.021,3,0.8
76,0.021,3,0.8
77,0.021,3,0.8
78,0.021,3,0.8
79,0.021,3,0.8
80,0.021,3,0.8
81,0.02,3,0.8
82,0.02,3,0.8
83,0.02,3,0.8
84,0.019,3,0.8
85,0.019,3,0.8
86,0.019,3,0.8
87,0.019,3,0.8
88,0.019,3,0.8
89,0.019,3,0.8
90,0.019,3,0.8
91,0.019,3,0.8
92,0.018000000000000002,3,0.8
93,0.018000000000000002,3,0.8
94,0.018000000000000002,3,0.8
95,0.018000000000000002,3,0.8
96,0.018000000000000002,3,0.8
97,0.018000000000000002,3,0.8
98,0.018000000000000002,3,0.8
99,0.018000000000000002,3,0.8
100,0.018000000000000002,3,0.8
7,0.273,3,0.9
8,0.263,3,0.9
9,0.216,3,0.9
10,0.2,3,0.9
11,0.19,3,0.9
12,0.194,3,0.9
13,0.161,3,0.9
14,0.159,3,0.9
15,0.156,3,0.9
16,0.137,3,0.9
17,0.136,3,0.9
18,0.129,3,0.9
19,0.121,3,0.9
20,0.11800000000000001,3,0.9
21,0.11,3,0.9
22,0.108,3,0.9
23,0.10400000000000001,3,0.9
24,0.085,3,0.9
25,0.08700000000000001,3,0.9
26,0.095,3,0.9
27,0.079,3,0.9
28,0.084,3,0.9
29,0.082,3,0.9
30,0.077,3,0.9
31,0.074,3,0.9
32,0.076,3,0.9
33,0.07200000000000001,3,0.9
34,0.062,3,0.9
35,0.062,3,0.9
36,0.064,3,0.9
37,0.059000000000000004,3,0.9
38,0.06,3,0.9
39,0.061,3,0.9
40,0.056,3,0.9
41,0.053,3,0.9
42,0.054,3,0.9
43,0.056,3,0.9
44,0.058,3,0.9
45,0.058,3,0.9
46,0.047,3,0.9
47,0.048,3,0.9
48,0.045,3,0.9
49,0.045,3,0.9
50,0.046,3,0.9
51,0.046,3,0.9
52,0.043000000000000003,3,0.9
53,0.043000000000000003,3,0.9
54,0.044,3,0.9
55,0.04,3,0.9
56,0.042,3,0.9
57,0.042,3,0.9
58,0.041,3,0.9
59,0.041,3,0.9
60,0.036000000000000004,3,0.9
61,0.036000000000000004,3,0.9
62,0.036000000000000004,3,0.9
63,0.038,3,0.9
64,0.037,3,0.9
65,0.037,3,0.9
66,0.034,3,0.9
67,0.035,3,0.9
68,0.034,3,0.9
69,0.034,3,0.9
70,0.032,3,0.9
71,0.032,3,0.9
72,0.032,3,0.9
73,0.032,3,0.9
74,0.033,3,0.9
75,0.029,3,0.9
76,0.029,3,0.9
77,0.031,3,0.9
78,0.031,3,0.9
79,0.031,3,0.9
80,0.031,3,0.9
81,0.031,3,0.9
82,0.031,3,0.9
83,0.031,3,0.9
84,0.028,3,0.9
85,0.028,3,0.9
86,0.028,3,0.9
87,0.028,3,0.9
88,0.024,3,0.9
89,0.025,3,0.9
90,0.025,3,0.9
91,0.025,3,0.9
92,0.025,3,0.9
93,0.026000000000000002,3,0.9
94,0.026000000000000002,3,0.9
95,0.026000000000000002,3,0.9
96,0.026000000000000002,3,0.9
97,0.023,3,0.9
98,0.023,3,0.9
99,0.023,3,0.9
100,0.023,3,0.9
2,0.28300000000000003,4,0.5
3,0.201,4,0.5
4,0.151,4,0.5
5,0.136,4,0.5
6,0.10200000000000001,4,0.5
7,0.094,4,0.5
8,0.084,4,0.5
9,0.07,4,0.5
10,0.07200000000000001,4,0.5
11,0.063,4,0.5
12,0.052000000000000005,4,0.5
13,0.051000000000000004,4,0.5
14,0.055,4,0.5
15,0.045,4,0.5
16,0.044,4,0.5
17,0.039,4,0.5
18,0.037,4,0.5
19,0.038,4,0.5
20,0.036000000000000004,4,0.5
21,0.036000000000000004,4,0.5
22,0.035,4,0.5
23,0.028,4,0.5
24,0.028,4,0.5
25,0.027,4,0.5
26,0.025,4,0.5
27,0.025,4,0.5
28,0.025,4,0.5
29,0.025,4,0.5
30,0.022,4,0.5
31,0.022,4,0.5
32,0.021,4,0.5
33,0.019,4,0.5
34,0.019,4,0.5
35,0.019,4,0.5
36,0.02,4,0.5
37,0.018000000000000002,4,0.5
38,0.02,4,0.5
39,0.02,4,0.5
40,0.018000000000000002,4,0.5
41,0.018000000000000002,4,0.5
42,0.018000000000000002,4,0.5
43,0.018000000000000002,4,0.5
44,0.017,4,0.5
45,0.016,4,0.5
46,0.016,4,0.5
47,0.016,4,0.5
48,0.016,4,0.5
49,0.015,4,0.5
50,0.015,4,0.5
51,0.014,4,0.5
52,0.014,4,0.5
53,0.014,4,0.5
54,0.014,4,0.5
55,0.014,4,0.5
56,0.014,4,0.5
57,0.014,4,0.5
58,0.012,4,0.5
59,0.012,4,0.5
60,0.012,4,0.5
61,0.012,4,0.5
62,0.01,4,0.5
63,0.01,4,0.5
64,0.011,4,0.5
65,0.011,4,0.5
66,0.011,4,0.5
67,0.011,4,0.5
68,0.011,4,0.5
69,0.011,4,0.5
70,0.011,4,0.5
71,0.011,4,0.5
72,0.011,4,0.5
73,0.011,4,0.5
74,0.011,4,0.5
75,0.011,4,0.5
76,0.011,4,0.5
77,0.01,4,0.5
78,0.011,4,0.5
79,0.011,4,0.5
80,0.011,4,0.5
81,0.011,4,0.5
82,0.011,4,0.5
83,0.011,4,0.5
84,0.009000000000000001,4,0.5
85,0.009000000000000001,4,0.5
86,0.009000000000000001,4,0.5
87,0.009000000000000001,4,0.5
88,0.009000000000000001,4,0.5
89,0.008,4,0.5
90,0.008,4,0.5
91,0.008,4,0.5
92,0.008,4,0.5
93,0.008,4,0.5
94,0.008,4,0.5
95,0.008,4,0.5
96,0.008,4,0.5
97,0.006,4,0.5
98,0.006,4,0.5
99,0.006,4,0.5
100,0.007,4,0.5
3,0.244,4,0.6
4,0.211,4,0.6
5,0.162,4,0.6
6,0.14400000000000002,4,0.6
7,0.12,4,0.6
8,0.11,4,0.6
9,0.094,4,0.6
10,0.08600000000000001,4,0.6
11,0.081,4,0.6
12,0.077,4,0.6
13,0.075,4,0.6
14,0.062,4,0.6
15,0.059000000000000004,4,0.6
16,0.058,4,0.6
17,0.054,4,0.6
18,0.055,4,0.6
19,0.049,4,0.6
20,0.05,4,0.6
21,0.04,4,0.6
22,0.041,4,0.6
23,0.037,4,0.6
24,0.037,4,0.6
25,0.037,4,0.6
26,0.038,4,0.6
27,0.033,4,0.6
28,0.033,4,0.6
29,0.033,4,0.6
30,0.031,4,0.6
31,0.029,4,0.6
32,0.028,4,0.6
33,0.027,4,0.6
34,0.026000000000000002,4,0.6
35,0.025,4,0.6
36,0.025,4,0.6
37,0.025,4,0.6
38,0.024,4,0.6
39,0.024,4,0.6
40,0.023,4,0.6
41,0.023,4,0.6
42,0.022,4,0.6
43,0.021,4,0.6
44,0.019,4,0.6
45,0.019,4,0.6
46,0.019,4,0.6
47,0.019,4,0.6
48,0.02,4,0.6
49,0.018000000000000002,4,0.6
50,0.02,4,0.6
51,0.02,4,0.6
52,0.02,4,0.6
53,0.02,4,0.6
54,0.02,4,0.6
55,0.017,4,0.6
56,0.017,4,0.6
57,0.017,4,0.6
58,0.015,4,0.6
59,0.015,4,0.6
60,0.016,4,0.6
61,0.016,4,0.6
62,0.016,4,0.6
63,0.016,4,0.6
64,0.015,4,0.6
65,0.014,4,0.6
66,0.013000000000000001,4,0.6
67,0.013000000000000001,4,0.6
68,0.013000000000000001,4,0.6
69,0.013000000000000001,4,0.6
70,0.013000000000000001,4,0.6
71,0.014,4,0.6
72,0.013000000000000001,4,0.6
73,0.013000000000000001,4,0.6
74,0.012,4,0.6
75,0.012,4,0.6
76,0.012,4,0.6
77,0.012,4,0.6
78,0.012,4,0.6
79,0.012,4,0.6
80,0.012,4,0.6
81,0.012,4,0.6
82,0.01,4,0.6
83,0.011,4,0.6
84,0.011,4,0.6
85,0.011,4,0.6
86,0.011,4,0.6
87,0.011,4,0.6
88,0.011,4,0.6
89,0.01,4,0.6
90,0.01,4,0.6
91,0.01,4,0.6
92,0.01,4,0.6
93,0.01,4,0.6
94,0.01,4,0.6
95,0.01,4,0.6
96,0.01,4,0.6
97,0.01,4,0.6
98,0.01,4,0.6
99,0.01,4,0.6
100,0.01,4,0.6
4,0.272,4,0.7
5,0.209,4,0.7
6,0.199,4,0.7
7,0.148,4,0.7
8,0.15,4,0.7
9,0.124,4,0.7
10,0.11800000000000001,4,0.7
11,0.115,4,0.7
12,0.098,4,0.7
13,0.085,4,0.7
14,0.088,4,0.7
15,0.074,4,0.7
16,0.07100000000000001,4,0.7
17,0.069,4,0.7
18,0.065,4,0.7
19,0.063,4,0.7
20,0.056,4,0.7
21,0.053,4,0.7
22,0.052000000000000005,4,0.7
23,0.051000000000000004,4,0.7
24,0.047,4,0.7
25,0.046,4,0.7
26,0.045,4,0.7
27,0.045,4,0.7
28,0.044,4,0.7
29,0.042,4,0.7
30,0.043000000000000003,4,0.7
31,0.037,4,0.7
32,0.039,4,0.7
33,0.038,4,0.7
34,0.036000000000000004,4,0.7
35,0.035,4,0.7
36,0.034,4,0.7
37,0.033,4,0.7
38,0.033,4,0.7
39,0.031,4,0.7
40,0.031,4,0.7
41,0.031,4,0.7
42,0.03,4,0.7
43,0.03,4,0.7
44,0.027,4,0.7
45,0.027,4,0.7
46,0.026000000000000002,4,0.7
47,0.025,4,0.7
48,0.026000000000000002,4,0.7
49,0.023,4,0.7
50,0.024,4,0.7
51,0.024,4,0.7
52,0.021,4,0.7
53,0.021,4,0.7
54,0.019,4,0.7
55,0.019,4,0.7
56,0.019,4,0.7
57,0.022,4,0.7
58,0.022,4,0.7
59,0.022,4,0.7
60,0.019,4,0.7
61,0.019,4,0.7
62,0.019,4,0.7
63,0.019,4,0.7
64,0.019,4,0.7
65,0.02,4,0.7
66,0.018000000000000002,4,0.7
67,0.018000000000000002,4,0.7
68,0.018000000000000002,4,0.7
69,0.018000000000000002,4,0.7
70,0.018000000000000002,4,0.7
71,0.016,4,0.7
72,0.016,4,0.7
73,0.016,4,0.7
74,0.016,4,0.7
75,0.016,4,0.7
76,0.016,4,0.7
77,0.016,4,0.7
78,0.015,4,0.7
79,0.017,4,0.7
80,0.017,4,0.7
81,0.015,4,0.7
82,0.017,4,0.7
83,0.017,4,0.7
84,0.017,4,0.7
85,0.013000000000000001,4,0.7
86,0.013000000000000001,4,0.7
87,0.013000000000000001,4,0.7
88,0.014,4,0.7
89,0.014,4,0.7
90,0.014,4,0.7
91,0.014,4,0.7
92,0.014,4,0.7
93,0.014,4,0.7
94,0.014,4,0.7
95,0.014,4,0.7
96,0.014,4,0.7
97,0.014,4,0.7
98,0.014,4,0.7
99,0.014,4,0.7
100,0.014,4,0.7
5,0.29,4,0.8
6,0.256,4,0.8
7,0.209,4,0.8
8,0.185,4,0.8
9,0.17200000000000001,4,0.8
10,0.152,4,0.8
11,0.138,4,0.8
12,0.124,4,0.8
13,0.11900000000000001,4,0.8
14,0.116,4,0.8
15,0.099,4,0.8
16,0.096,4,0.8
17,0.089,4,0.8
18,0.085,4,0.8
19,0.08700000000000001,4,0.8
20,0.077,4,0.8
21,0.081,4,0.8
22,0.069,4,0.8
23,0.069,4,0.8
24,0.068,4,0.8
25,0.065,4,0.8
26,0.061,4,0.8
27,0.061,4,0.8
28,0.057,4,0.8
29,0.059000000000000004,4,0.8
30,0.048,4,0.8
31,0.051000000000000004,4,0.8
32,0.053,4,0.8
33,0.046,4,0.8
34,0.05,4,0.8
35,0.05,4,0.8
36,0.047,4,0.8
37,0.044,4,0.8
38,0.04,4,0.8
39,0.042,4,0.8
40,0.043000000000000003,4,0.8
41,0.041,4,0.8
42,0.039,4,0.8
43,0.039,4,0.8
44,0.036000000000000004,4,0.8
45,0.036000000000000004,4,0.8
46,0.036000000000000004,4,0.8
47,0.035,4,0.8
48,0.035,4,0.8
49,0.035,4,0.8
50,0.034,4,0.8
51,0.034,4,0.8
52,0.032,4,0.8
53,0.031,4,0.8
54,0.03,4,0.8
55,0.03,4,0.8
56,0.029,4,0.8
57,0.029,4,0.8
58,0.027,4,0.8
59,0.026000000000000002,4,0.8
60,0.026000000000000002,4,0.8
61,0.026000000000000002,4,0.8
62,0.027,4,0.8
63,0.025,4,0.8
64,0.025,4,0.8
65,0.024,4,0.8
66,0.023,4,0.8
67,0.023,4,0.8
68,0.023,4,0.8
69,0.024,4,0.8
70,0.023,4,0.8
71,0.023,4,0.8
72,0.021,4,0.8
73,0.021,4,0.8
74,0.022,4,0.8
75,0.022,4,0.8
76,0.022,4,0.8
77,0.022,4,0.8
78,0.022,4,0.8
79,0.022,4,0.8
80,0.019,4,0.8
81,0.019,4,0.8
82,0.019,4,0.8
83,0.019,4,0.8
84,0.019,4,0.8
85,0.019,4,0.8
86,0.02,4,0.8
87,0.02,4,0.8
88,0.02,4,0.8
89,0.018000000000000002,4,0.8
90,0.018000000000000002,4,0.8
91,0.018000000000000002,4,0.8
92,0.018000000000000002,4,0.8
93,0.018000000000000002,4,0.8
94,0.018000000000000002,4,0.8
95,0.016,4,0.8
96,0.016,4,0.8
97,0.016,4,0.8
98,0.016,4,0.8
99,0.016,4,0.8
100,0.016,4,0.8
6,0.298,4,0.9
7,0.29,4,0.9
8,0.26,4,0.9
9,0.243,4,0.9
10,0.202,4,0.9
11,0.211,4,0.9
12,0.181,4,0.9
13,0.163,4,0.9
14,0.154,4,0.9
15,0.161,4,0.9
16,0.134,4,0.9
17,0.133,4,0.9
18,0.122,4,0.9
19,0.123,4,0.9
20,0.117,4,0.9
21,0.117,4,0.9
22,0.101,4,0.9
23,0.091,4,0.9
24,0.091,4,0.9
25,0.08600000000000001,4,0.9
26,0.084,4,0.9
27,0.085,4,0.9
28,0.078,4,0.9
29,0.076,4,0.9
30,0.08,4,0.9
31,0.075,4,0.9
32,0.067,4,0.9
33,0.073,4,0.9
34,0.073,4,0.9
35,0.065,4,0.9
36,0.065,4,0.9
37,0.061,4,0.9
38,0.062,4,0.9
39,0.064,4,0.9
40,0.06,4,0.9
41,0.056,4,0.9
42,0.051000000000000004,4,0.9
43,0.049,4,0.9
44,0.053,4,0.9
45,0.049,4,0.9
46,0.049,4,0.9
47,0.048,4,0.9
48,0.046,4,0.9
49,0.047,4,0.9
50,0.044,4,0.9
51,0.045,4,0.9
52,0.045,4,0.9
53,0.045,4,0.9
54,0.04,4,0.9
55,0.043000000000000003,4,0.9
56,0.043000000000000003,4,0.9
57,0.043000000000000003,4,0.9
58,0.042,4,0.9
59,0.037,4,0.9
60,0.037,4,0.9
61,0.038,4,0.9
62,0.038,4,0.9
63,0.041,4,0.9
64,0.038,4,0.9
65,0.041,4,0.9
66,0.036000000000000004,4,0.9
67,0.036000000000000004,4,0.9
68,0.036000000000000004,4,0.9
69,0.035,4,0.9
70,0.033,4,0.9
71,0.033,4,0.9
72,0.033,4,0.9
73,0.033,4,0.9
74,0.03,4,0.9
75,0.03,4,0.9
76,0.03,4,0.9
77,0.03,4,0.9
78,0.028,4,0.9
79,0.032,4,0.9
80,0.032,4,0.9
81,0.032,4,0.9
82,0.029,4,0.9
83,0.029,4,0.9
84,0.029,4,0.9
85,0.026000000000000002,4,0.9
86,0.027,4,0.9
87,0.027,4,0.9
88,0.027,4,0.9
89,0.026000000000000002,4,0.9
90,0.026000000000000002,4,0.9
91,0.025,4,0.9
92,0.025,4,0.9
93,0.025,4,0.9
94,0.023,4,0.9
95,0.023,4,0.9
96,0.023,4,0.9
97,0.023,4,0.9
98,0.023,4,0.9
99,0.023,4,0.9
100,0.023,4,0.9
2,0.291,5,0.5
3,0.219,5,0.5
4,0.158,5,0.5
5,0.126,5,0.5
6,0.101,5,0.5
7,0.097,5,0.5
8,0.075,5,0.5
9,0.07,5,0.5
10,0.064,5,0.5
11,0.063,5,0.5
12,0.056,5,0.5
13,0.054,5,0.5
14,0.052000000000000005,5,0.5
15,0.044,5,0.5
16,0.043000000000000003,5,0.5
17,0.041,5,0.5
18,0.036000000000000004,5,0.5
19,0.035,5,0.5
20,0.038,5,0.5
21,0.034,5,0.5
22,0.034,5,0.5
23,0.027,5,0.5
24,0.028,5,0.5
25,0.029,5,0.5
26,0.029,5,0.5
27,0.029,5,0.5
28,0.026000000000000002,5,0.5
29,0.026000000000000002,5,0.5
30,0.025,5,0.5
31,0.022,5,0.5
32,0.024,5,0.5
33,0.018000000000000002,5,0.5
34,0.018000000000000002,5,0.5
35,0.018000000000000002,5,0.5
36,0.018000000000000002,5,0.5
37,0.018000000000000002,5,0.5
38,0.02,5,0.5
39,0.02,5,0.5
40,0.019,5,0.5
41,0.015,5,0.5
42,0.015,5,0.5
43,0.016,5,0.5
44,0.016,5,0.5
45,0.016,5,0.5
46,0.017,5,0.5
47,0.017,5,0.5
48,0.017,5,0.5
49,0.017,5,0.5
50,0.017,5,0.5
51,0.014,5,0.5
52,0.014,5,0.5
53,0.014,5,0.5
54,0.013000000000000001,5,0.5
55,0.013000000000000001,5,0.5
56,0.013000000000000001,5,0.5
57,0.013000000000000001,5,0.5
58,0.011,5,0.5
59,0.011,5,0.5
60,0.012,5,0.5
61,0.012,5,0.5
62,0.012,5,0.5
63,0.012,5,0.5
64,0.012,5,0.5
65,0.012,5,0.5
66,0.012,5,0.5
67,0.011,5,0.5
68,0.011,5,0.5
69,0.011,5,0.5
70,0.011,5,0.5
71,0.01,5,0.5
72,0.01,5,0.5
73,0.01,5,0.5
74,0.009000000000000001,5,0.5
75,0.009000000000000001,5,0.5
76,0.009000000000000001,5,0.5
77,0.009000000000000001,5,0.5
78,0.009000000000000001,5,0.5
79,0.009000000000000001,5,0.5
80,0.009000000000000001,5,0.5
81,0.009000000000000001,5,0.5
82,0.009000000000000001,5,0.5
83,0.009000000000000001,5,0.5
84,0.009000000000000001,5,0.5
85,0.01,5,0.5
86,0.01,5,0.5
87,0.01,5,0.5
88,0.01,5,0.5
89,0.01,5,0.5
90,0.01,5,0.5
91,0.01,5,0.5
92,0.01,5,0.5
93,0.01,5,0.5
94,0.01,5,0.5
95,0.01,5,0.5
96,0.01,5,0.5
97,0.008,5,0.5
98,0.008,5,0.5
99,0.007,5,0.5
100,0.007,5,0.5
3,0.267,5,0.6
4,0.20700000000000002,5,0.6
5,0.182,5,0.6
6,0.147,5,0.6
7,0.11800000000000001,5,0.6
8,0.107,5,0.6
9,0.092,5,0.6
10,0.08700000000000001,5,0.6
11,0.078,5,0.6
12,0.073,5,0.6
13,0.068,5,0.6
14,0.064,5,0.6
15,0.061,5,0.6
16,0.055,5,0.6
17,0.054,5,0.6
18,0.05,5,0.6
19,0.049,5,0.6
20,0.047,5,0.6
21,0.042,5,0.6
22,0.043000000000000003,5,0.6
23,0.037,5,0.6
24,0.036000000000000004,5,0.6
25,0.038,5,0.6
26,0.032,5,0.6
27,0.034,5,0.6
28,0.033,5,0.6
29,0.033,5,0.6
30,0.027,5,0.6
31,0.03,5,0.6
32,0.028,5,0.6
33,0.029,5,0.6
34,0.029,5,0.6
35,0.028,5,0.6
36,0.028,5,0.6
37,0.026000000000000002,5,0.6
38,0.026000000000000002,5,0.6
39,0.023,5,0.6
40,0.025,5,0.6
41,0.024,5,0.6
42,0.021,5,0.6
43,0.021,5,0.6
44,0.021,5,0.6
45,0.018000000000000002,5,0.6
46,0.018000000000000002,5,0.6
47,0.018000000000000002,5,0.6
48,0.018000000000000002,5,0.6
49,0.018000000000000002,5,0.6
50,0.019,5,0.6
51,0.02,5,0.6
52,0.02,5,0.6
53,0.02,5,0.6
54,0.015,5,0.6
55,0.015,5,0.6
56,0.015,5,0.6
57,0.016,5,0.6
58,0.016,5,0.6
59,0.016,5,0.6
60,0.017,5,0.6
61,0.017,5,0.6
62,0.017,5,0.6
63,0.017,5,0.6
64,0.017,5,0.6
65,0.017,5,0.6
66,0.017,5,0.6
67,0.017,5,0.6
68,0.017,5,0.6
69,0.013000000000000001,5,0.6
70,0.013000000000000001,5,0.6
71,0.014,5,0.6
72,0.014,5,0.6
73,0.013000000000000001,5,0.6
74,0.013000000000000001,5,0.6
75,0.013000000000000001,5,0.6
76,0.013000000000000001,5,0.6
77,0.012,5,0.6
78,0.012,5,0.6
79,0.012,5,0.6
80,0.012,5,0.6
81,0.011,5,0.6
82,0.011,5,0.6
83,0.011,5,0.6
84,0.011,5,0.6
85,0.011,5,0.6
86,0.011,5,0.6
87,0.011,5,0.6
88,0.011,5,0.6
89,0.011,5,0.6
90,0.011,5,0.6
91,0.009000000000000001,5,0.6
92,0.009000000000000001,5,0.6
93,0.009000000000000001,5,0.6
94,0.01,5,0.6
95,0.01,5,0.6
96,0.01,5,0.6
97,0.01,5,0.6
98,0.01,5,0.6
99,0.01,5,0.6
100,0.01,5,0.6
4,0.272,5,0.7
5,0.226,5,0.7
6,0.189,5,0.7
7,0.158,5,0.7
8,0.152,5,0.7
9,0.127,5,0.7
10,0.121,5,0.7
11,0.109,5,0.7
12,0.089,5,0.7
13,0.093,5,0.7
14,0.079,5,0.7
15,0.081,5,0.7
16,0.074,5,0.7
17,0.064,5,0.7
18,0.066,5,0.7
19,0.065,5,0.7
20,0.059000000000000004,5,0.7
21,0.055,5,0.7
22,0.058,5,0.7
23,0.051000000000000004,5,0.7
24,0.048,5,0.7
25,0.05,5,0.7
26,0.049,5,0.7
27,0.047,5,0.7
28,0.043000000000000003,5,0.7
29,0.039,5,0.7
30,0.039,5,0.7
31,0.039,5,0.7
32,0.04,5,0.7
33,0.036000000000000004,5,0.7
34,0.036000000000000004,5,0.7
35,0.034,5,0.7
36,0.033,5,0.7
37,0.033,5,0.7
38,0.033,5,0.7
39,0.033,5,0.7
40,0.033,5,0.7
41,0.029,5,0.7
42,0.028,5,0.7
43,0.027,5,0.7
44,0.028,5,0.7
45,0.029,5,0.7
46,0.026000000000000002,5,0.7
47,0.026000000000000002,5,0.7
48,0.026000000000000002,5,0.7
49,0.026000000000000002,5,0.7
50,0.025,5,0.7
51,0.025,5,0.7
52,0.025,5,0.7
53,0.025,5,0.7
54,0.023,5,0.7
55,0.023,5,0.7
56,0.023,5,0.7
57,0.023,5,0.7
58,0.021,5,0.7
59,0.018000000000000002,5,0.7
60,0.018000000000000002,5,0.7
61,0.02,5,0.7
62,0.018000000000000002,5,0.7
63,0.019,5,0.7
64,0.019,5,0.7
65,0.019,5,0.7
66,0.019,5,0.7
67,0.019,5,0.7
68,0.019,5,0.7
69,0.019,5,0.7
70,0.018000000000000002,5,0.7
71,0.021,5,0.7
72,0.018000000000000002,5,0.7
73,0.018000000000000002,5,0.7
74,0.021,5,0.7
75,0.016,5,0.7
76,0.016,5,0.7
77,0.016,5,0.7
78,0.016,5,0.7
79,0.017,5,0.7
80,0.017,5,0.7
81,0.017,5,0.7
82,0.017,5,0.7
83,0.017,5,0.7
84,0.017,5,0.7
85,0.017,5,0.7
86,0.017,5,0.7
87,0.017,5,0.7
88,0.014,5,0.7
89,0.014,5,0.7
90,0.014,5,0.7
91,0.014,5,0.7
92,0.014,5,0.7
93,0.013000000000000001,5,0.7
94,0.013000000000000001,5,0.7
95,0.013000000000000001,5,0.7
96,0.013000000000000001,5,0.7
97,0.013000000000000001,5,0.7
98,0.013000000000000001,5,0.7
99,0.013000000000000001,5,0.7
100,0.013000000000000001,5,0.7
5,0.289,5,0.8
6,0.23700000000000002,5,0.8
7,0.216,5,0.8
8,0.192,5,0.8
9,0.164,5,0.8
10,0.15,5,0.8
11,0.134,5,0.8
12,0.127,5,0.8
13,0.122,5,0.8
14,0.108,5,0.8
15,0.1,5,0.8
16,0.097,5,0.8
17,0.096,5,0.8
18,0.093,5,0.8
19,0.084,5,0.8
20,0.081,5,0.8
21,0.073,5,0.8
22,0.074,5,0.8
23,0.064,5,0.8
24,0.065,5,0.8
25,0.06,5,0.8
26,0.059000000000000004,5,0.8
27,0.057,5,0.8
28,0.056,5,0.8
29,0.058,5,0.8
30,0.054,5,0.8
31,0.052000000000000005,5,0.8
32,0.052000000000000005,5,0.8
33,0.048,5,0.8
34,0.049,5,0.8
35,0.049,5,0.8
36,0.045,5,0.8
37,0.045,5,0.8
38,0.043000000000000003,5,0.8
39,0.045,5,0.8
40,0.039,5,0.8
41,0.038,5,0.8
42,0.04,5,0.8
43,0.039,5,0.8
44,0.039,5,0.8
45,0.035,5,0.8
46,0.036000000000000004,5,0.8
47,0.037,5,0.8
48,0.034,5,0.8
49,0.037,5,0.8
50,0.033,5,0.8
51,0.033,5,0.8
52,0.033,5,0.8
53,0.033,5,0.8
54,0.033,5,0.8
55,0.031,5,0.8
56,0.03,5,0.8
57,0.029,5,0.8
58,0.029,5,0.8
59,0.028,5,0.8
60,0.028,5,0.8
61,0.027,5,0.8
62,0.027,5,0.8
63,0.026000000000000002,5,0.8
64,0.025,5,0.8
65,0.025,5,0.8
66,0.026000000000000002,5,0.8
67,0.024,5,0.8
68,0.024,5,0.8
69,0.024,5,0.8
70,0.026000000000000002,5,0.8
71,0.026000000000000002,5,0.8
72,0.026000000000000002,5,0.8
73,0.022,5,0.8
74,0.022,5,0.8
75,0.022,5,0.8
76,0.022,5,0.8
77,0.023,5,0.8
78,0.02,5,0.8
79,0.018000000000000002,5,0.8
80,0.021,5,0.8
81,0.021,5,0.8
82,0.021,5,0.8
83,0.021,5,0.8
84,0.021,5,0.8
85,0.021,5,0.8
86,0.021,5,0.8
87,0.021,5,0.8
88,0.021,5,0.8
89,0.021,5,0.8
90,0.021,5,0.8
91,0.021,5,0.8
92,0.021,5,0.8
93,0.021,5,0.8
94,0.021,5,0.8
95,0.021,5,0.8
96,0.021,5,0.8
97,0.021,5,0.8
98,0.018000000000000002,5,0.8
99,0.018000000000000002,5,0.8
100,0.018000000000000002,5,0.8
6,0.3,5,0.9
7,0.28400000000000003,5,0.9
8,0.263,5,0.9
9,0.225,5,0.9
10,0.218,5,0.9
11,0.194,5,0.9
12,0.193,5,0.9
13,0.161,5,0.9
14,0.14400000000000002,5,0.9
15,0.138,5,0.9
16,0.149,5,0.9
17,0.117,5,0.9
18,0.128,5,0.9
19,0.105,5,0.9
20,0.113,5,0.9
21,0.106,5,0.9
22,0.10200000000000001,5,0.9
23,0.095,5,0.9
24,0.092,5,0.9
25,0.096,5,0.9
26,0.08600000000000001,5,0.9
27,0.079,5,0.9
28,0.084,5,0.9
29,0.08,5,0.9
30,0.074,5,0.9
31,0.077,5,0.9
32,0.069,5,0.9
33,0.069,5,0.9
34,0.07,5,0.9
35,0.06,5,0.9
36,0.062,5,0.9
37,0.057,5,0.9
38,0.056,5,0.9
39,0.061,5,0.9
40,0.058,5,0.9
41,0.053,5,0.9
42,0.053,5,0.9
43,0.051000000000000004,5,0.9
44,0.055,5,0.9
45,0.054,5,0.9
46,0.05,5,0.9
47,0.052000000000000005,5,0.9
48,0.046,5,0.9
49,0.046,5,0.9
50,0.047,5,0.9
51,0.045,5,0.9
52,0.042,5,0.9
53,0.044,5,0.9
54,0.044,5,0.9
55,0.04,5,0.9
56,0.04,5,0.9
57,0.04,5,0.9
58,0.04,5,0.9
59,0.041,5,0.9
60,0.041,5,0.9
61,0.035,5,0.9
62,0.035,5,0.9
63,0.035,5,0.9
64,0.034,5,0.9
65,0.034,5,0.9
66,0.036000000000000004,5,0.9
67,0.037,5,0.9
68,0.037,5,0.9
69,0.037,5,0.9
70,0.037,5,0.9
71,0.037,5,0.9
72,0.033,5,0.9
73,0.033,5,0.9
74,0.033,5,0.9
75,0.032,5,0.9
76,0.03,5,0.9
77,0.03,5,0.9
78,0.029,5,0.9
79,0.029,5,0.9
80,0.029,5,0.9
81,0.029,5,0.9
82,0.031,5,0.9
83,0.031,5,0.9
84,0.027,5,0.9
85,0.027,5,0.9
86,0.031,5,0.9
87,0.027,5,0.9
88,0.027,5,0.9
89,0.028,5,0.9
90,0.027,5,0.9
91,0.027,5,0.9
92,0.027,5,0.9
93,0.025,5,0.9
94,0.025,5,0.9
95,0.026000000000000002,5,0.9
96,0.026000000000000002,5,0.9
97,0.026000000000000002,5,0.9
98,0.024,5,0.9
99,0.024,5,0.9
100,0.024,5,0.9
2,0.28600000000000003,6,0.5
3,0.2,6,0.5
4,0.167,6,0.5
5,0.134,6,0.5
6,0.107,6,0.5
7,0.094,6,0.5
8,0.08700000000000001,6,0.5
9,0.079,6,0.5
10,0.063,6,0.5
11,0.061,6,0.5
12,0.053,6,0.5
13,0.05,6,0.5
14,0.058,6,0.5
15,0.046,6,0.5
16,0.043000000000000003,6,0.5
17,0.036000000000000004,6,0.5
18,0.04,6,0.5
19,0.038,6,0.5
20,0.037,6,0.5
21,0.033,6,0.5
22,0.03,6,0.5
23,0.031,6,0.5
24,0.027,6,0.5
25,0.027,6,0.5
26,0.025,6,0.5
27,0.024,6,0.5
28,0.026000000000000002,6,0.5
29,0.021,6,0.5
30,0.021,6,0.5
31,0.022,6,0.5
32,0.022,6,0.5
33,0.023,6,0.5
34,0.023,6,0.5
35,0.023,6,0.5
36,0.02,6,0.5
37,0.02,6,0.5
38,0.019,6,0.5
39,0.018000000000000002,6,0.5
40,0.018000000000000002,6,0.5
41,0.017,6,0.5
42,0.017,6,0.5
43,0.017,6,0.5
44,0.016,6,0.5
45,0.016,6,0.5
46,0.016,6,0.5
47,0.016,6,0.5
48,0.016,6,0.5
49,0.016,6,0.5
50,0.016,6,0.5
51,0.013000000000000001,6,0.5
52,0.013000000000000001,6,0.5
53,0.013000000000000001,6,0.5
54,0.015,6,0.5
55,0.015,6,0.5
56,0.014,6,0.5
57,0.014,6,0.5
58,0.014,6,0.5
59,0.014,6,0.5
60,0.014,6,0.5
61,0.014,6,0.5
62,0.014,6,0.5
63,0.012,6,0.5
64,0.012,6,0.5
65,0.012,6,0.5
66,0.012,6,0.5
67,0.012,6,0.5
68,0.012,6,0.5
69,0.012,6,0.5
70,0.011,6,0.5
71,0.011,6,0.5
72,0.011,6,0.5
73,0.011,6,0.5
74,0.01,6,0.5
75,0.01,6,0.5
76,0.01,6,0.5
77,0.01,6,0.5
78,0.01,6,0.5
79,0.01,6,0.5
80,0.008,6,0.5
81,0.008,6,0.5
82,0.008,6,0.5
83,0.009000000000000001,6,0.5
84,0.009000000000000001,6,0.5
85,0.008,6,0.5
86,0.008,6,0.5
87,0.008,6,0.5
88,0.008,6,0.5
89,0.008,6,0.5
90,0.008,6,0.5
91,0.008,6,0.5
92,0.008,6,0.5
93,0.008,6,0.5
94,0.008,6,0.5
95,0.008,6,0.5
96,0.008,6,0.5
97,0.008,6,0.5
98,0.008,6,0.5
99,0.008,6,0.5
100,0.008,6,0.5
3,0.271,6,0.6
4,0.21,6,0.6
5,0.166,6,0.6
6,0.135,6,0.6
7,0.115,6,0.6
8,0.113,6,0.6
9,0.1,6,0.6
10,0.084,6,0.6
11,0.083,6,0.6
12,0.077,6,0.6
13,0.069,6,0.6
14,0.067,6,0.6
15,0.059000000000000004,6,0.6
16,0.057,6,0.6
17,0.051000000000000004,6,0.6
18,0.052000000000000005,6,0.6
19,0.044,6,0.6
20,0.043000000000000003,6,0.6
21,0.039,6,0.6
22,0.042,6,0.6
23,0.041,6,0.6
24,0.038,6,0.6
25,0.037,6,0.6
26,0.037,6,0.6
27,0.035,6,0.6
28,0.032,6,0.6
29,0.033,6,0.6
30,0.031,6,0.6
31,0.031,6,0.6
32,0.031,6,0.6
33,0.027,6,0.6
34,0.027,6,0.6
35,0.025,6,0.6
36,0.025,6,0.6
37,0.026000000000000002,6,0.6
38,0.026000000000000002,6,0.6
39,0.021,6,0.6
40,0.022,6,0.6
41,0.023,6,0.6
42,0.022,6,0.6
43,0.022,6,0.6
44,0.022,6,0.6
45,0.02,6,0.6
46,0.02,6,0.6
47,0.02,6,0.6
48,0.02,6,0.6
49,0.02,6,0.6
50,0.018000000000000002,6,0.6
51,0.019,6,0.6
52,0.017,6,0.6
53,0.017,6,0.6
54,0.017,6,0.6
55,0.017,6,0.6
56,0.017,6,0.6
57,0.017,6,0.6
58,0.017,6,0.6
59,0.017,6,0.6
60,0.017,6,0.6
61,0.016,6,0.6
62,0.016,6,0.6
63,0.016,6,0.6
64,0.016,6,0.6
65,0.016,6,0.6
66,0.016,6,0.6
67,0.016,6,0.6
68,0.016,6,0.6
69,0.015,6,0.6
70,0.013000000000000001,6,0.6
71,0.013000000000000001,6,0.6
72,0.014,6,0.6
73,0.014,6,0.6
74,0.014,6,0.6
75,0.012,6,0.6
76,0.012,6,0.6
77,0.012,6,0.6
78,0.012,6,0.6
79,0.012,6,0.6
80,0.012,6,0.6
81,0.012,6,0.6
82,0.012,6,0.6
83,0.012,6,0.6
84,0.012,6,0.6
85,0.012,6,0.6
86,0.012,6,0.6
87,0.012,6,0.6
88,0.012,6,0.6
89,0.012,6,0.6
90,0.012,6,0.6
91,0.01,6,0.6
92,0.011,6,0.6
93,0.011,6,0.6
94,0.011,6,0.6
95,0.011,6,0.6
96,0.011,6,0.6
97,0.011,6,0.6
98,0.011,6,0.6
99,0.011,6,0.6
100,0.011,6,0.6
4,0.246,6,0.7
5,0.222,6,0.7
6,0.209,6,0.7
7,0.157,6,0.7
8,0.149,6,0.7
9,0.115,6,0.7
10,0.105,6,0.7
11,0.108,6,0.7
12,0.092,6,0.7
13,0.08600000000000001,6,0.7
14,0.081,6,0.7
15,0.082,6,0.7
16,0.073,6,0.7
17,0.074,6,0.7
18,0.066,6,0.7
19,0.059000000000000004,6,0.7
20,0.059000000000000004,6,0.7
21,0.057,6,0.7
22,0.058,6,0.7
23,0.052000000000000005,6,0.7
24,0.05,6,0.7
25,0.045,6,0.7
26,0.044,6,0.7
27,0.043000000000000003,6,0.7
28,0.039,6,0.7
29,0.041,6,0.7
30,0.042,6,0.7
31,0.036000000000000004,6,0.7
32,0.038,6,0.7
33,0.037,6,0.7
34,0.04,6,0.7
35,0.035,6,0.7
36,0.034,6,0.7
37,0.032,6,0.7
38,0.03,6,0.7
39,0.031,6,0.7
40,0.031,6,0.7
41,0.031,6,0.7
42,0.027,6,0.7
43,0.027,6,0.7
44,0.027,6,0.7
45,0.027,6,0.7
46,0.025,6,0.7
47,0.024,6,0.7
48,0.026000000000000002,6,0.7
49,0.026000000000000002,6,0.7
50,0.026000000000000002,6,0.7
51,0.024,6,0.7
52,0.023,6,0.7
53,0.023,6,0.7
54,0.023,6,0.7
55,0.023,6,0.7
56,0.023,6,0.7
57,0.021,6,0.7
58,0.021,6,0.7
59,0.02,6,0.7
60,0.02,6,0.7
61,0.02,6,0.7
62,0.02,6,0.7
63,0.02,6,0.7
64,0.02,6,0.7
65,0.018000000000000002,6,0.7
66,0.019,6,0.7
67,0.017,6,0.7
68,0.017,6,0.7
69,0.017,6,0.7
70,0.017,6,0.7
71,0.017,6,0.7
72,0.017,6,0.7
73,0.017,6,0.7
74,0.017,6,0.7
75,0.019,6,0.7
76,0.019,6,0.7
77,0.019,6,0.7
78,0.019,6,0.7
79,0.019,6,0.7
80,0.019,6,0.7
81,0.017,6,0.7
82,0.016,6,0.7
83,0.016,6,0.7
84,0.016,6,0.7
85,0.016,6,0.7
86,0.016,6,0.7
87,0.016,6,0.7
88,0.016,6,0.7
89,0.016,6,0.7
90,0.014,6,0.7
91,0.014,6,0.7
92,0.015,6,0.7
93,0.012,6,0.7
94,0.012,6,0.7
95,0.012,6,0.7
96,0.012,6,0.7
97,0.012,6,0.7
98,0.012,6,0.7
99,0.014,6,0.7
100,0.014,6,0.7
5,0.27,6,0.8
6,0.23600000000000002,6,0.8
7,0.213,6,0.8
8,0.186,6,0.8
9,0.157,6,0.8
10,0.159,6,0.8
11,0.139,6,0.8
12,0.13,6,0.8
13,0.117,6,0.8
14,0.106,6,0.8
15,0.10200000000000001,6,0.8
16,0.092,6,0.8
17,0.091,6,0.8
18,0.085,6,0.8
19,0.08700000000000001,6,0.8
20,0.08,6,0.8
21,0.07200000000000001,6,0.8
22,0.068,6,0.8
23,0.07,6,0.8
24,0.07,6,0.8
25,0.061,6,0.8
26,0.063,6,0.8
27,0.063,6,0.8
28,0.056,6,0.8
29,0.051000000000000004,6,0.8
30,0.052000000000000005,6,0.8
31,0.052000000000000005,6,0.8
32,0.052000000000000005,6,0.8
33,0.047,6,0.8
34,0.048,6,0.8
35,0.043000000000000003,6,0.8
36,0.043000000000000003,6,0.8
37,0.044,6,0.8
38,0.039,6,0.8
39,0.041,6,0.8
40,0.041,6,0.8
41,0.041,6,0.8
42,0.038,6,0.8
43,0.036000000000000004,6,0.8
44,0.038,6,0.8
45,0.038,6,0.8
46,0.037,6,0.8
47,0.032,6,0.8
48,0.032,6,0.8
49,0.034,6,0.8
50,0.034,6,0.8
51,0.031,6,0.8
52,0.031,6,0.8
53,0.031,6,0.8
54,0.03,6,0.8
55,0.03,6,0.8
56,0.028,6,0.8
57,0.029,6,0.8
58,0.029,6,0.8
59,0.029,6,0.8
60,0.027,6,0.8
61,0.027,6,0.8
62,0.025,6,0.8
63,0.024,6,0.8
64,0.025,6,0.8
65,0.025,6,0.8
66,0.026000000000000002,6,0.8
67,0.023,6,0.8
68,0.023,6,0.8
69,0.023,6,0.8
70,0.022,6,0.8
71,0.022,6,0.8
72,0.022,6,0.8
73,0.022,6,0.8
74,0.022,6,0.8
75,0.022,6,0.8
76,0.022,6,0.8
77,0.021,6,0.8
78,0.02,6,0.8
79,0.02,6,0.8
80,0.02,6,0.8
81,0.02,6,0.8
82,0.02,6,0.8
83,0.018000000000000002,6,0.8
84,0.018000000000000002,6,0.8
85,0.018000000000000002,6,0.8
86,0.018000000000000002,6,0.8
87,0.018000000000000002,6,0.8
88,0.019,6,0.8
89,0.019,6,0.8
90,0.017,6,0.8
91,0.017,6,0.8
92,0.017,6,0.8
93,0.017,6,0.8
94,0.017,6,0.8
95,0.017,6,0.8
96,0.017,6,0.8
97,0.017,6,0.8
98,0.017,6,0.8
99,0.017,6,0.8
100,0.017,6,0.8
7,0.28300000000000003,6,0.9
8,0.258,6,0.9
9,0.232,6,0.9
10,0.21,6,0.9
11,0.209,6,0.9
12,0.169,6,0.9
13,0.179,6,0.9
14,0.147,6,0.9
15,0.15,6,0.9
16,0.133,6,0.9
17,0.134,6,0.9
18,0.13,6,0.9
19,0.115,6,0.9
20,0.106,6,0.9
21,0.10300000000000001,6,0.9
22,0.108,6,0.9
23,0.092,6,0.9
24,0.091,6,0.9
25,0.091,6,0.9
26,0.089,6,0.9
27,0.084,6,0.9
28,0.076,6,0.9
29,0.07100000000000001,6,0.9
30,0.079,6,0.9
31,0.073,6,0.9
32,0.068,6,0.9
33,0.067,6,0.9
34,0.067,6,0.9
35,0.061,6,0.9
36,0.064,6,0.9
37,0.063,6,0.9
38,0.063,6,0.9
39,0.055,6,0.9
40,0.057,6,0.9
41,0.051000000000000004,6,0.9
42,0.058,6,0.9
43,0.049,6,0.9
44,0.054,6,0.9
45,0.047,6,0.9
46,0.052000000000000005,6,0.9
47,0.05,6,0.9
48,0.05,6,0.9
49,0.045,6,0.9
50,0.048,6,0.9
51,0.045,6,0.9
52,0.042,6,0.9
53,0.044,6,0.9
54,0.042,6,0.9
55,0.042,6,0.9
56,0.041,6,0.9
57,0.039,6,0.9
58,0.039,6,0.9
59,0.039,6,0.9
60,0.039,6,0.9
61,0.038,6,0.9
62,0.04,6,0.9
63,0.04,6,0.9
64,0.037,6,0.9
65,0.037,6,0.9
66,0.036000000000000004,6,0.9
67,0.036000000000000004,6,0.9
68,0.033,6,0.9
69,0.033,6,0.9
70,0.031,6,0.9
71,0.031,6,0.9
72,0.034,6,0.9
73,0.034,6,0.9
74,0.034,6,0.9
75,0.034,6,0.9
76,0.034,6,0.9
77,0.031,6,0.9
78,0.031,6,0.9
79,0.028,6,0.9
80,0.028,6,0.9
81,0.028,6,0.9
82,0.028,6,0.9
83,0.028,6,0.9
84,0.027,6,0.9
85,0.027,6,0.9
86,0.027,6,0.9
87,0.027,6,0.9
88,0.025,6,0.9
89,0.025,6,0.9
90,0.026000000000000002,6,0.9
91,0.024,6,0.9
92,0.024,6,0.9
93,0.024,6,0.9
94,0.023,6,0.9
95,0.023,6,0.9
96,0.023,6,0.9
97,0.023,6,0.9
98,0.024,6,0.9
99,0.022,6,0.9
100,0.022,6,0.9
2,0.291,7,0.5
3,0.20500000000000002,7,0.5
4,0.165,7,0.5
5,0.12,7,0.5
6,0.107,7,0.5
7,0.093,7,0.5
8,0.092,7,0.5
9,0.074,7,0.5
10,0.062,7,0.5
11,0.065,7,0.5
12,0.059000000000000004,7,0.5
13,0.051000000000000004,7,0.5
14,0.049,7,0.5
15,0.044,7,0.5
16,0.048,7,0.5
17,0.038,7,0.5
18,0.036000000000000004,7,0.5
19,0.033,7,0.5
20,0.034,7,0.5
21,0.032,7,0.5
22,0.032,7,0.5
23,0.03,7,0.5
24,0.03,7,0.5
25,0.027,7,0.5
26,0.028,7,0.5
27,0.025,7,0.5
28,0.025,7,0.5
29,0.025,7,0.5
30,0.025,7,0.5
31,0.024,7,0.5
32,0.024,7,0.5
33,0.022,7,0.5
34,0.022,7,0.5
35,0.02,7,0.5
36,0.019,7,0.5
37,0.019,7,0.5
38,0.018000000000000002,7,0.5
39,0.018000000000000002,7,0.5
40,0.02,7,0.5
41,0.017,7,0.5
42,0.016,7,0.5
43,0.016,7,0.5
44,0.016,7,0.5
45,0.016,7,0.5
46,0.017,7,0.5
47,0.017,7,0.5
48,0.015,7,0.5
49,0.014,7,0.5
50,0.013000000000000001,7,0.5
51,0.013000000000000001,7,0.5
52,0.013000000000000001,7,0.5
53,0.013000000000000001,7,0.5
54,0.013000000000000001,7,0.5
55,0.013000000000000001,7,0.5
56,0.013000000000000001,7,0.5
57,0.013000000000000001,7,0.5
58,0.013000000000000001,7,0.5
59,0.013000000000000001,7,0.5
60,0.013000000000000001,7,0.5
61,0.011,7,0.5
62,0.011,7,0.5
63,0.012,7,0.5
64,0.012,7,0.5
65,0.012,7,0.5
66,0.012,7,0.5
67,0.012,7,0.5
68,0.012,7,0.5
69,0.01,7,0.5
70,0.01,7,0.5
71,0.01,7,0.5
72,0.01,7,0.5
73,0.01,7,0.5
74,0.01,7,0.5
75,0.01,7,0.5
76,0.01,7,0.5
77,0.01,7,0.5
78,0.01,7,0.5
79,0.01,7,0.5
80,0.01,7,0.5
81,0.01,7,0.5
82,0.01,7,0.5
83,0.009000000000000001,7,0.5
84,0.009000000000000001,7,0.5
85,0.009000000000000001,7,0.5
86,0.009000000000000001,7,0.5
87,0.009000000000000001,7,0.5
88,0.008,7,0.5
89,0.008,7,0.5
90,0.008,7,0.5
91,0.008,7,0.5
92,0.008,7,0.5
93,0.008,7,0.5
94,0.008,7,0.5
95,0.008,7,0.5
96,0.008,7,0.5
97,0.008,7,0.5
98,0.007,7,0.5
99,0.007,7,0.5
100,0.007,7,0.5
3,0.243,7,0.6
4,0.217,7,0.6
5,0.17300000000000001,7,0.6
6,0.155,7,0.6
7,0.114,7,0.6
8,0.117,7,0.6
9,0.098,7,0.6
10,0.084,7,0.6
11,0.075,7,0.6
12,0.079,7,0.6
13,0.062,7,0.6
14,0.063,7,0.6
15,0.064,7,0.6
16,0.057,7,0.6
17,0.052000000000000005,7,0.6
18,0.055,7,0.6
19,0.047,7,0.6
20,0.046,7,0.6
21,0.048,7,0.6
22,0.042,7,0.6
23,0.039,7,0.6
24,0.036000000000000004,7,0.6
25,0.037,7,0.6
26,0.033,7,0.6
27,0.034,7,0.6
28,0.032,7,0.6
29,0.029,7,0.6
30,0.031,7,0.6
31,0.031,7,0.6
32,0.031,7,0.6
33,0.028,7,0.6
34,0.028,7,0.6
35,0.027,7,0.6
36,0.025,7,0.6
37,0.027,7,0.6
38,0.027,7,0.6
39,0.026000000000000002,7,0.6
40,0.026000000000000002,7,0.6
41,0.026000000000000002,7,0.6
42,0.023,7,0.6
43,0.024,7,0.6
44,0.024,7,0.6
45,0.024,7,0.6
46,0.019,7,0.6
47,0.018000000000000002,7,0.6
48,0.018000000000000002,7,0.6
49,0.018000000000000002,7,0.6
50,0.019,7,0.6
51,0.018000000000000002,7,0.6
52,0.018000000000000002,7,0.6
53,0.02,7,0.6
54,0.016,7,0.6
55,0.017,7,0.6
56,0.017,7,0.6
57,0.017,7,0.6
58,0.017,7,0.6
59,0.017,7,0.6
60,0.017,7,0.6
61,0.015,7,0.6
62,0.015,7,0.6
63,0.014,7,0.6
64,0.014,7,0.6
65,0.014,7,0.6
66,0.014,7,0.6
67,0.014,7,0.6
68,0.013000000000000001,7,0.6
69,0.013000000000000001,7,0.6
70,0.013000000000000001,7,0.6
71,0.013000000000000001,7,0.6
72,0.013000000000000001,7,0.6
73,0.013000000000000001,7,0.6
74,0.013000000000000001,7,0.6
75,0.013000000000000001,7,0.6
76,0.013000000000000001,7,0.6
77,0.013000000000000001,7,0.6
78,0.013000000000000001,7,0.6
79,0.013000000000000001,7,0.6
80,0.013000000000000001,7,0.6
81,0.013000000000000001,7,0.6
82,0.013000000000000001,7,0.6
83,0.011,7,0.6
84,0.012,7,0.6
85,0.012,7,0.6
86,0.012,7,0.6
87,0.012,7,0.6
88,0.011,7,0.6
89,0.011,7,0.6
90,0.011,7,0.6
91,0.01,7,0.6
92,0.01,7,0.6
93,0.01,7,0.6
94,0.01,7,0.6
95,0.01,7,0.6
96,0.01,7,0.6
97,0.01,7,0.6
98,0.01,7,0.6
99,0.01,7,0.6
100,0.01,7,0.6
4,0.272,7,0.7
5,0.226,7,0.7
6,0.181,7,0.7
7,0.163,7,0.7
8,0.14300000000000002,7,0.7
9,0.124,7,0.7
10,0.121,7,0.7
11,0.10400000000000001,7,0.7
12,0.10200000000000001,7,0.7
13,0.08600000000000001,7,0.7
14,0.08700000000000001,7,0.7
15,0.079,7,0.7
16,0.07200000000000001,7,0.7
17,0.07,7,0.7
18,0.067,7,0.7
19,0.063,7,0.7
20,0.061,7,0.7
21,0.057,7,0.7
22,0.059000000000000004,7,0.7
23,0.052000000000000005,7,0.7
24,0.049,7,0.7
25,0.051000000000000004,7,0.7
26,0.048,7,0.7
27,0.045,7,0.7
28,0.044,7,0.7
29,0.044,7,0.7
30,0.041,7,0.7
31,0.038,7,0.7
32,0.038,7,0.7
33,0.037,7,0.7
34,0.035,7,0.7
35,0.034,7,0.7
36,0.034,7,0.7
37,0.032,7,0.7
38,0.03,7,0.7
39,0.03,7,0.7
40,0.029,7,0.7
41,0.029,7,0.7
42,0.029,7,0.7
43,0.029,7,0.7
44,0.025,7,0.7
45,0.028,7,0.7
46,0.028,7,0.7
47,0.028,7,0.7
48,0.028,7,0.7
49,0.026000000000000002,7,0.7
50,0.026000000000000002,7,0.7
51,0.026000000000000002,7,0.7
52,0.024,7,0.7
53,0.024,7,0.7
54,0.024,7,0.7
55,0.023,7,0.7
56,0.023,7,0.7
57,0.023,7,0.7
58,0.023,7,0.7
59,0.023,7,0.7
60,0.023,7,0.7
61,0.023,7,0.7
62,0.018000000000000002,7,0.7
63,0.02,7,0.7
64,0.019,7,0.7
65,0.019,7,0.7
66,0.018000000000000002,7,0.7
67,0.018000000000000002,7,0.7
68,0.016,7,0.7
69,0.017,7,0.7
70,0.017,7,0.7
71,0.017,7,0.7
72,0.017,7,0.7
73,0.017,7,0.7
74,0.017,7,0.7
75,0.017,7,0.7
76,0.017,7,0.7
77,0.017,7,0.7
78,0.017,7,0.7
79,0.017,7,0.7
80,0.017,7,0.7
81,0.017,7,0.7
82,0.017,7,0.7
83,0.015,7,0.7
84,0.015,7,0.7
85,0.014,7,0.7
86,0.014,7,0.7
87,0.013000000000000001,7,0.7
88,0.013000000000000001,7,0.7
89,0.013000000000000001,7,0.7
90,0.013000000000000001,7,0.7
91,0.013000000000000001,7,0.7
92,0.013000000000000001,7,0.7
93,0.013000000000000001,7,0.7
94,0.013000000000000001,7,0.7
95,0.013000000000000001,7,0.7
96,0.013000000000000001,7,0.7
97,0.013000000000000001,7,0.7
98,0.013000000000000001,7,0.7
99,0.013000000000000001,7,0.7
100,0.013000000000000001,7,0.7
4,0.296,7,0.8
5,0.28,7,0.8
6,0.23700000000000002,7,0.8
7,0.202,7,0.8
8,0.181,7,0.8
9,0.161,7,0.8
10,0.14200000000000002,7,0.8
11,0.138,7,0.8
12,0.128,7,0.8
13,0.113,7,0.8
14,0.107,7,0.8
15,0.101,7,0.8
16,0.1,7,0.8
17,0.09,7,0.8
18,0.094,7,0.8
19,0.075,7,0.8
20,0.078,7,0.8
21,0.073,7,0.8
22,0.074,7,0.8
23,0.067,7,0.8
24,0.065,7,0.8
25,0.064,7,0.8
26,0.061,7,0.8
27,0.063,7,0.8
28,0.058,7,0.8
29,0.059000000000000004,7,0.8
30,0.056,7,0.8
31,0.05,7,0.8
32,0.049,7,0.8
33,0.051000000000000004,7,0.8
34,0.048,7,0.8
35,0.045,7,0.8
36,0.045,7,0.8
37,0.044,7,0.8
38,0.043000000000000003,7,0.8
39,0.041,7,0.8
40,0.04,7,0.8
41,0.04,7,0.8
42,0.037,7,0.8
43,0.038,7,0.8
44,0.038,7,0.8
45,0.038,7,0.8
46,0.036000000000000004,7,0.8
47,0.035,7,0.8
48,0.034,7,0.8
49,0.034,7,0.8
50,0.03,7,0.8
51,0.031,7,0.8
52,0.032,7,0.8
53,0.032,7,0.8
54,0.032,7,0.8
55,0.032,7,0.8
56,0.029,7,0.8
57,0.029,7,0.8
58,0.029,7,0.8
59,0.027,7,0.8
60,0.027,7,0.8
61,0.025,7,0.8
62,0.027,7,0.8
63,0.025,7,0.8
64,0.025,7,0.8
65,0.025,7,0.8
66,0.026000000000000002,7,0.8
67,0.022,7,0.8
68,0.024,7,0.8
69,0.024,7,0.8
70,0.022,7,0.8
71,0.022,7,0.8
72,0.022,7,0.8
73,0.024,7,0.8
74,0.023,7,0.8
75,0.023,7,0.8
76,0.023,7,0.8
77,0.023,7,0.8
78,0.023,7,0.8
79,0.021,7,0.8
80,0.02,7,0.8
81,0.021,7,0.8
82,0.02,7,0.8
83,0.02,7,0.8
84,0.02,7,0.8
85,0.019,7,0.8
86,0.019,7,0.8
87,0.019,7,0.8
88,0.019,7,0.8
89,0.016,7,0.8
90,0.018000000000000002,7,0.8
91,0.018000000000000002,7,0.8
92,0.018000000000000002,7,0.8
93,0.018000000000000002,7,0.8
94,0.018000000000000002,7,0.8
95,0.017,7,0.8
96,0.017,7,0.8
97,0.017,7,0.8
98,0.017,7,0.8
99,0.017,7,0.8
100,0.017,7,0.8
7,0.255,7,0.9
8,0.25,7,0.9
9,0.226,7,0.9
10,0.197,7,0.9
11,0.198,7,0.9
12,0.177,7,0.9
13,0.158,7,0.9
14,0.156,7,0.9
15,0.136,7,0.9
16,0.14300000000000002,7,0.9
17,0.126,7,0.9
18,0.116,7,0.9
19,0.11900000000000001,7,0.9
20,0.115,7,0.9
21,0.1,7,0.9
22,0.091,7,0.9
23,0.095,7,0.9
24,0.09,7,0.9
25,0.088,7,0.9
26,0.088,7,0.9
27,0.076,7,0.9
28,0.077,7,0.9
29,0.085,7,0.9
30,0.079,7,0.9
31,0.069,7,0.9
32,0.069,7,0.9
33,0.07,7,0.9
34,0.064,7,0.9
35,0.061,7,0.9
36,0.065,7,0.9
37,0.065,7,0.9
38,0.065,7,0.9
39,0.057,7,0.9
40,0.056,7,0.9
41,0.058,7,0.9
42,0.054,7,0.9
43,0.052000000000000005,7,0.9
44,0.052000000000000005,7,0.9
45,0.046,7,0.9
46,0.05,7,0.9
47,0.053,7,0.9
48,0.049,7,0.9
49,0.049,7,0.9
50,0.049,7,0.9
51,0.045,7,0.9
52,0.045,7,0.9
53,0.044,7,0.9
54,0.044,7,0.9
55,0.042,7,0.9
56,0.039,7,0.9
57,0.04,7,0.9
58,0.04,7,0.9
59,0.036000000000000004,7,0.9
60,0.04,7,0.9
61,0.04,7,0.9
62,0.04,7,0.9
63,0.033,7,0.9
64,0.033,7,0.9
65,0.033,7,0.9
66,0.033,7,0.9
67,0.033,7,0.9
68,0.033,7,0.9
69,0.034,7,0.9
70,0.03,7,0.9
71,0.03,7,0.9
72,0.032,7,0.9
73,0.031,7,0.9
74,0.032,7,0.9
75,0.032,7,0.9
76,0.029,7,0.9
77,0.029,7,0.9
78,0.029,7,0.9
79,0.029,7,0.9
80,0.029,7,0.9
81,0.029,7,0.9
82,0.029,7,0.9
83,0.029,7,0.9
84,0.029,7,0.9
85,0.029,7,0.9
86,0.029,7,0.9
87,0.029,7,0.9
88,0.029,7,0.9
89,0.026000000000000002,7,0.9
90,0.025,7,0.9
91,0.028,7,0.9
92,0.028,7,0.9
93,0.028,7,0.9
94,0.028,7,0.9
95,0.024,7,0.9
96,0.022,7,0.9
97,0.022,7,0.9
98,0.022,7,0.9
99,0.022,7,0.9
100,0.022,7,0.9
2,0.293,8,0.5
3,0.216,8,0.5
4,0.162,8,0.5
5,0.123,8,0.5
6,0.115,8,0.5
7,0.10200000000000001,8,0.5
8,0.083,8,0.5
9,0.07200000000000001,8,0.5
10,0.074,8,0.5
11,0.062,8,0.5
12,0.061,8,0.5
13,0.055,8,0.5
14,0.048,8,0.5
15,0.047,8,0.5
16,0.044,8,0.5
17,0.039,8,0.5
18,0.038,8,0.5
19,0.037,8,0.5
20,0.033,8,0.5
21,0.032,8,0.5
22,0.031,8,0.5
23,0.028,8,0.5
24,0.029,8,0.5
25,0.029,8,0.5
26,0.026000000000000002,8,0.5
27,0.025,8,0.5
28,0.024,8,0.5
29,0.024,8,0.5
30,0.022,8,0.5
31,0.022,8,0.5
32,0.022,8,0.5
33,0.021,8,0.5
34,0.021,8,0.5
35,0.021,8,0.5
36,0.021,8,0.5
37,0.02,8,0.5
38,0.016,8,0.5
39,0.016,8,0.5
40,0.019,8,0.5
41,0.017,8,0.5
42,0.018000000000000002,8,0.5
43,0.018000000000000002,8,0.5
44,0.018000000000000002,8,0.5
45,0.017,8,0.5
46,0.017,8,0.5
47,0.017,8,0.5
48,0.016,8,0.5
49,0.016,8,0.5
50,0.015,8,0.5
51,0.013000000000000001,8,0.5
52,0.013000000000000001,8,0.5
53,0.013000000000000001,8,0.5
54,0.014,8,0.5
55,0.012,8,0.5
56,0.012,8,0.5
57,0.014,8,0.5
58,0.014,8,0.5
59,0.014,8,0.5
60,0.012,8,0.5
61,0.014,8,0.5
62,0.014,8,0.5
63,0.014,8,0.5
64,0.014,8,0.5
65,0.014,8,0.5
66,0.014,8,0.5
67,0.011,8,0.5
68,0.009000000000000001,8,0.5
69,0.009000000000000001,8,0.5
70,0.009000000000000001,8,0.5
71,0.009000000000000001,8,0.5
72,0.009000000000000001,8,0.5
73,0.009000000000000001,8,0.5
74,0.009000000000000001,8,0.5
75,0.009000000000000001,8,0.5
76,0.009000000000000001,8,0.5
77,0.009000000000000001,8,0.5
78,0.009000000000000001,8,0.5
79,0.009000000000000001,8,0.5
80,0.009000000000000001,8,0.5
81,0.009000000000000001,8,0.5
82,0.008,8,0.5
83,0.008,8,0.5
84,0.008,8,0.5
85,0.008,8,0.5
86,0.008,8,0.5
87,0.008,8,0.5
88,0.008,8,0.5
89,0.008,8,0.5
90,0.008,8,0.5
91,0.008,8,0.5
92,0.008,8,0.5
93,0.008,8,0.5
94,0.008,8,0.5
95,0.008,8,0.5
96,0.008,8,0.5
97,0.008,8,0.5
98,0.008,8,0.5
99,0.008,8,0.5
100,0.008,8,0.5
3,0.258,8,0.6
4,0.195,8,0.6
5,0.166,8,0.6
6,0.138,8,0.6
7,0.122,8,0.6
8,0.108,8,0.6
9,0.1,8,0.6
10,0.093,8,0.6
11,0.078,8,0.6
12,0.07200000000000001,8,0.6
13,0.065,8,0.6
14,0.067,8,0.6
15,0.064,8,0.6
16,0.058,8,0.6
17,0.056,8,0.6
18,0.049,8,0.6
19,0.049,8,0.6
20,0.046,8,0.6
21,0.047,8,0.6
22,0.047,8,0.6
23,0.042,8,0.6
24,0.038,8,0.6
25,0.036000000000000004,8,0.6
26,0.034,8,0.6
27,0.035,8,0.6
28,0.033,8,0.6
29,0.03,8,0.6
30,0.031,8,0.6
31,0.029,8,0.6
32,0.029,8,0.6
33,0.026000000000000002,8,0.6
34,0.025,8,0.6
35,0.025,8,0.6
36,0.025,8,0.6
37,0.024,8,0.6
38,0.023,8,0.6
39,0.022,8,0.6
40,0.022,8,0.6
41,0.022,8,0.6
42,0.022,8,0.6
43,0.022,8,0.6
44,0.021,8,0.6
45,0.021,8,0.6
46,0.021,8,0.6
47,0.02,8,0.6
48,0.02,8,0.6
49,0.02,8,0.6
50,0.02,8,0.6
51,0.019,8,0.6
52,0.019,8,0.6
53,0.017,8,0.6
54,0.017,8,0.6
55,0.016,8,0.6
56,0.016,8,0.6
57,0.016,8,0.6
58,0.016,8,0.6
59,0.016,8,0.6
60,0.016,8,0.6
61,0.016,8,0.6
62,0.016,8,0.6
63,0.015,8,0.6
64,0.015,8,0.6
65,0.015,8,0.6
66,0.015,8,0.6
67,0.013000000000000001,8,0.6
68,0.013000000000000001,8,0.6
69,0.013000000000000001,8,0.6
70,0.013000000000000001,8,0.6
71,0.013000000000000001,8,0.6
72,0.013000000000000001,8,0.6
73,0.013000000000000001,8,0.6
74,0.012,8,0.6
75,0.014,8,0.6
76,0.014,8,0.6
77,0.014,8,0.6
78,0.014,8,0.6
79,0.014,8,0.6
80,0.014,8,0.6
81,0.012,8,0.6
82,0.014,8,0.6
83,0.012,8,0.6
84,0.012,8,0.6
85,0.012,8,0.6
86,0.012,8,0.6
87,0.012,8,0.6
88,0.012,8,0.6
89,0.012,8,0.6
90,0.01,8,0.6
91,0.011,8,0.6
92,0.011,8,0.6
93,0.011,8,0.6
94,0.01,8,0.6
95,0.01,8,0.6
96,0.009000000000000001,8,0.6
97,0.009000000000000001,8,0.6
98,0.009000000000000001,8,0.6
99,0.009000000000000001,8,0.6
100,0.009000000000000001,8,0.6
4,0.278,8,0.7
5,0.196,8,0.7
6,0.179,8,0.7
7,0.158,8,0.7
8,0.135,8,0.7
9,0.11800000000000001,8,0.7
10,0.115,8,0.7
11,0.105,8,0.7
12,0.099,8,0.7
13,0.092,8,0.7
14,0.08700000000000001,8,0.7
15,0.08,8,0.7
16,0.069,8,0.7
17,0.068,8,0.7
18,0.066,8,0.7
19,0.063,8,0.7
20,0.057,8,0.7
21,0.059000000000000004,8,0.7
22,0.055,8,0.7
23,0.055,8,0.7
24,0.05,8,0.7
25,0.049,8,0.7
26,0.049,8,0.7
27,0.041,8,0.7
28,0.047,8,0.7
29,0.045,8,0.7
30,0.04,8,0.7
31,0.038,8,0.7
32,0.039,8,0.7
33,0.039,8,0.7
34,0.036000000000000004,8,0.7
35,0.035,8,0.7
36,0.037,8,0.7
37,0.032,8,0.7
38,0.03,8,0.7
39,0.03,8,0.7
40,0.031,8,0.7
41,0.029,8,0.7
42,0.026000000000000002,8,0.7
43,0.026000000000000002,8,0.7
44,0.029,8,0.7
45,0.027,8,0.7
46,0.027,8,0.7
47,0.024,8,0.7
48,0.025,8,0.7
49,0.025,8,0.7
50,0.025,8,0.7
51,0.023,8,0.7
52,0.023,8,0.7
53,0.023,8,0.7
54,0.022,8,0.7
55,0.022,8,0.7
56,0.021,8,0.7
57,0.021,8,0.7
58,0.021,8,0.7
59,0.021,8,0.7
60,0.021,8,0.7
61,0.021,8,0.7
62,0.02,8,0.7
63,0.02,8,0.7
64,0.02,8,0.7
65,0.018000000000000002,8,0.7
66,0.018000000000000002,8,0.7
67,0.019,8,0.7
68,0.019,8,0.7
69,0.017,8,0.7
70,0.017,8,0.7
71,0.017,8,0.7
72,0.017,8,0.7
73,0.017,8,0.7
74,0.017,8,0.7
75,0.017,8,0.7
76,0.017,8,0.7
77,0.017,8,0.7
78,0.017,8,0.7
79,0.017,8,0.7
80,0.017,8,0.7
81,0.017,8,0.7
82,0.015,8,0.7
83,0.015,8,0.7
84,0.015,8,0.7
85,0.015,8,0.7
86,0.015,8,0.7
87,0.013000000000000001,8,0.7
88,0.013000000000000001,8,0.7
89,0.013000000000000001,8,0.7
90,0.013000000000000001,8,0.7
91,0.013000000000000001,8,0.7
92,0.013000000000000001,8,0.7
93,0.013000000000000001,8,0.7
94,0.013000000000000001,8,0.7
95,0.013000000000000001,8,0.7
96,0.013000000000000001,8,0.7
97,0.014,8,0.7
98,0.014,8,0.7
99,0.012,8,0.7
100,0.012,8,0.7
5,0.279,8,0.8
6,0.23900000000000002,8,0.8
7,0.186,8,0.8
8,0.177,8,0.8
9,0.164,8,0.8
10,0.15,8,0.8
11,0.14200000000000002,8,0.8
12,0.11900000000000001,8,0.8
13,0.115,8,0.8
14,0.105,8,0.8
15,0.109,8,0.8
16,0.097,8,0.8
17,0.093,8,0.8
18,0.09,8,0.8
19,0.082,8,0.8
20,0.084,8,0.8
21,0.081,8,0.8
22,0.069,8,0.8
23,0.065,8,0.8
24,0.068,8,0.8
25,0.062,8,0.8
26,0.06,8,0.8
27,0.061,8,0.8
28,0.054,8,0.8
29,0.056,8,0.8
30,0.048,8,0.8
31,0.052000000000000005,8,0.8
32,0.052000000000000005,8,0.8
33,0.049,8,0.8
34,0.049,8,0.8
35,0.044,8,0.8
36,0.043000000000000003,8,0.8
37,0.041,8,0.8
38,0.041,8,0.8
39,0.042,8,0.8
40,0.04,8,0.8
41,0.04,8,0.8
42,0.038,8,0.8
43,0.039,8,0.8
44,0.035,8,0.8
45,0.034,8,0.8
46,0.036000000000000004,8,0.8
47,0.037,8,0.8
48,0.033,8,0.8
49,0.034,8,0.8
50,0.028,8,0.8
51,0.028,8,0.8
52,0.03,8,0.8
53,0.031,8,0.8
54,0.03,8,0.8
55,0.029,8,0.8
56,0.029,8,0.8
57,0.029,8,0.8
58,0.026000000000000002,8,0.8
59,0.026000000000000002,8,0.8
60,0.026000000000000002,8,0.8
61,0.027,8,0.8
62,0.025,8,0.8
63,0.024,8,0.8
64,0.024,8,0.8
65,0.024,8,0.8
66,0.023,8,0.8
67,0.023,8,0.8
68,0.023,8,0.8
69,0.023,8,0.8
70,0.023,8,0.8
71,0.023,8,0.8
72,0.023,8,0.8
73,0.022,8,0.8
74,0.022,8,0.8
75,0.022,8,0.8
76,0.022,8,0.8
77,0.022,8,0.8
78,0.022,8,0.8
79,0.021,8,0.8
80,0.02,8,0.8
81,0.02,8,0.8
82,0.02,8,0.8
83,0.021,8,0.8
84,0.021,8,0.8
85,0.021,8,0.8
86,0.02,8,0.8
87,0.019,8,0.8
88,0.019,8,0.8
89,0.019,8,0.8
90,0.019,8,0.8
91,0.019,8,0.8
92,0.019,8,0.8
93,0.019,8,0.8
94,0.017,8,0.8
95,0.017,8,0.8
96,0.017,8,0.8
97,0.016,8,0.8
98,0.016,8,0.8
99,0.016,8,0.8
100,0.016,8,0.8
6,0.296,8,0.9
7,0.271,8,0.9
8,0.254,8,0.9
9,0.229,8,0.9
10,0.196,8,0.9
11,0.202,8,0.9
12,0.17500000000000002,8,0.9
13,0.164,8,0.9
14,0.161,8,0.9
15,0.136,8,0.9
16,0.134,8,0.9
17,0.126,8,0.9
18,0.112,8,0.9
19,0.122,8,0.9
20,0.10300000000000001,8,0.9
21,0.109,8,0.9
22,0.094,8,0.9
23,0.10400000000000001,8,0.9
24,0.097,8,0.9
25,0.08600000000000001,8,0.9
26,0.09,8,0.9
27,0.08700000000000001,8,0.9
28,0.079,8,0.9
29,0.077,8,0.9
30,0.07200000000000001,8,0.9
31,0.073,8,0.9
32,0.07,8,0.9
33,0.069,8,0.9
34,0.066,8,0.9
35,0.062,8,0.9
36,0.064,8,0.9
37,0.063,8,0.9
38,0.059000000000000004,8,0.9
39,0.057,8,0.9
40,0.058,8,0.9
41,0.054,8,0.9
42,0.056,8,0.9
43,0.052000000000000005,8,0.9
44,0.048,8,0.9
45,0.05,8,0.9
46,0.05,8,0.9
47,0.05,8,0.9
48,0.049,8,0.9
49,0.046,8,0.9
50,0.044,8,0.9
51,0.043000000000000003,8,0.9
52,0.043000000000000003,8,0.9
53,0.049,8,0.9
54,0.045,8,0.9
55,0.045,8,0.9
56,0.041,8,0.9
57,0.041,8,0.9
58,0.042,8,0.9
59,0.038,8,0.9
60,0.038,8,0.9
61,0.038,8,0.9
62,0.038,8,0.9
63,0.038,8,0.9
64,0.035,8,0.9
65,0.035,8,0.9
66,0.037,8,0.9
67,0.034,8,0.9
68,0.034,8,0.9
69,0.033,8,0.9
70,0.033,8,0.9
71,0.033,8,0.9
72,0.033,8,0.9
73,0.033,8,0.9
74,0.033,8,0.9
75,0.032,8,0.9
76,0.031,8,0.9
77,0.031,8,0.9
78,0.029,8,0.9
79,0.029,8,0.9
80,0.028,8,0.9
81,0.028,8,0.9
82,0.026000000000000002,8,0.9
83,0.026000000000000002,8,0.9
84,0.026000000000000002,8,0.9
85,0.026000000000000002,8,0.9
86,0.026000000000000002,8,0.9
87,0.029,8,0.9
88,0.029,8,0.9
89,0.027,8,0.9
90,0.027,8,0.9
91,0.027,8,0.9
92,0.027,8,0.9
93,0.024,8,0.9
94,0.024,8,0.9
95,0.024,8,0.9
96,0.024,8,0.9
97,0.024,8,0.9
98,0.024,8,0.9
99,0.024,8,0.9
100,0.022,8,0.9
2,0.297,9,0.5
3,0.215,9,0.5
4,0.139,9,0.5
5,0.132,9,0.5
6,0.11900000000000001,9,0.5
7,0.10200000000000001,9,0.5
8,0.078,9,0.5
9,0.08,9,0.5
10,0.073,9,0.5
11,0.062,9,0.5
12,0.056,9,0.5
13,0.051000000000000004,9,0.5
14,0.05,9,0.5
15,0.045,9,0.5
16,0.043000000000000003,9,0.5
17,0.037,9,0.5
18,0.04,9,0.5
19,0.038,9,0.5
20,0.038,9,0.5
21,0.031,9,0.5
22,0.036000000000000004,9,0.5
23,0.036000000000000004,9,0.5
24,0.036000000000000004,9,0.5
25,0.029,9,0.5
26,0.025,9,0.5
27,0.027,9,0.5
28,0.024,9,0.5
29,0.022,9,0.5
30,0.026000000000000002,9,0.5
31,0.026000000000000002,9,0.5
32,0.021,9,0.5
33,0.021,9,0.5
34,0.021,9,0.5
35,0.019,9,0.5
36,0.018000000000000002,9,0.5
37,0.018000000000000002,9,0.5
38,0.018000000000000002,9,0.5
39,0.018000000000000002,9,0.5
40,0.017,9,0.5
41,0.016,9,0.5
42,0.016,9,0.5
43,0.016,9,0.5
44,0.016,9,0.5
45,0.016,9,0.5
46,0.015,9,0.5
47,0.015,9,0.5
48,0.015,9,0.5
49,0.015,9,0.5
50,0.015,9,0.5
51,0.014,9,0.5
52,0.014,9,0.5
53,0.013000000000000001,9,0.5
54,0.013000000000000001,9,0.5
55,0.013000000000000001,9,0.5
56,0.013000000000000001,9,0.5
57,0.013000000000000001,9,0.5
58,0.013000000000000001,9,0.5
59,0.013000000000000001,9,0.5
60,0.013000000000000001,9,0.5
61,0.012,9,0.5
62,0.012,9,0.5
63,0.012,9,0.5
64,0.012,9,0.5
65,0.011,9,0.5
66,0.011,9,0.5
67,0.01,9,0.5
68,0.01,9,0.5
69,0.01,9,0.5
70,0.01,9,0.5
71,0.01,9,0.5
72,0.01,9,0.5
73,0.01,9,0.5
74,0.01,9,0.5
75,0.01,9,0.5
76,0.01,9,0.5
77,0.01,9,0.5
78,0.01,9,0.5
79,0.01,9,0.5
80,0.01,9,0.5
81,0.01,9,0.5
82,0.009000000000000001,9,0.5
83,0.009000000000000001,9,0.5
84,0.009000000000000001,9,0.5
85,0.009000000000000001,9,0.5
86,0.009000000000000001,9,0.5
87,0.009000000000000001,9,0.5
88,0.009000000000000001,9,0.5
89,0.009000000000000001,9,0.5
90,0.009000000000000001,9,0.5
91,0.009000000000000001,9,0.5
92,0.009000000000000001,9,0.5
93,0.009000000000000001,9,0.5
94,0.009000000000000001,9,0.5
95,0.008,9,0.5
96,0.008,9,0.5
97,0.006,9,0.5
98,0.006,9,0.5
99,0.006,9,0.5
100,0.006,9,0.5
3,0.273,9,0.6
4,0.20700000000000002,9,0.6
5,0.171,9,0.6
6,0.147,9,0.6
7,0.123,9,0.6
8,0.106,9,0.6
9,0.10200000000000001,9,0.6
10,0.099,9,0.6
11,0.082,9,0.6
12,0.068,9,0.6
13,0.073,9,0.6
14,0.063,9,0.6
15,0.067,9,0.6
16,0.057,9,0.6
17,0.053,9,0.6
18,0.048,9,0.6
19,0.049,9,0.6
20,0.043000000000000003,9,0.6
21,0.046,9,0.6
22,0.046,9,0.6
23,0.04,9,0.6
24,0.039,9,0.6
25,0.038,9,0.6
26,0.038,9,0.6
27,0.032,9,0.6
28,0.032,9,0.6
29,0.032,9,0.6
30,0.032,9,0.6
31,0.032,9,0.6
32,0.029,9,0.6
33,0.03,9,0.6
34,0.027,9,0.6
35,0.028,9,0.6
36,0.028,9,0.6
37,0.028,9,0.6
38,0.022,9,0.6
39,0.024,9,0.6
40,0.024,9,0.6
41,0.024,9,0.6
42,0.021,9,0.6
43,0.021,9,0.6
44,0.02,9,0.6
45,0.02,9,0.6
46,0.02,9,0.6
47,0.02,9,0.6
48,0.019,9,0.6
49,0.019,9,0.6
50,0.019,9,0.6
51,0.019,9,0.6
52,0.018000000000000002,9,0.6
53,0.016,9,0.6
54,0.016,9,0.6
55,0.016,9,0.6
56,0.016,9,0.6
57,0.016,9,0.6
58,0.016,9,0.6
59,0.015,9,0.6
60,0.015,9,0.6
61,0.015,9,0.6
62,0.015,9,0.6
63,0.015,9,0.6
64,0.015,9,0.6
65,0.015,9,0.6
66,0.015,9,0.6
67,0.014,9,0.6
68,0.013000000000000001,9,0.6
69,0.013000000000000001,9,0.6
70,0.013000000000000001,9,0.6
71,0.013000000000000001,9,0.6
72,0.014,9,0.6
73,0.013000000000000001,9,0.6
74,0.013000000000000001,9,0.6
75,0.013000000000000001,9,0.6
76,0.014,9,0.6
77,0.012,9,0.6
78,0.012,9,0.6
79,0.012,9,0.6
80,0.012,9,0.6
81,0.012,9,0.6
82,0.012,9,0.6
83,0.012,9,0.6
84,0.012,9,0.6
85,0.012,9,0.6
86,0.012,9,0.6
87,0.011,9,0.6
88,0.011,9,0.6
89,0.011,9,0.6
90,0.011,9,0.6
91,0.011,9,0.6
92,0.011,9,0.6
93,0.011,9,0.6
94,0.011,9,0.6
95,0.011,9,0.6
96,0.01,9,0.6
97,0.01,9,0.6
98,0.01,9,0.6
99,0.01,9,0.6
100,0.01,9,0.6
4,0.263,9,0.7
5,0.217,9,0.7
6,0.17500000000000002,9,0.7
7,0.15,9,0.7
8,0.147,9,0.7
9,0.13,9,0.7
10,0.112,9,0.7
11,0.10300000000000001,9,0.7
12,0.097,9,0.7
13,0.09,9,0.7
14,0.085,9,0.7
15,0.08,9,0.7
16,0.068,9,0.7
17,0.065,9,0.7
18,0.066,9,0.7
19,0.067,9,0.7
20,0.061,9,0.7
21,0.055,9,0.7
22,0.054,9,0.7
23,0.052000000000000005,9,0.7
24,0.047,9,0.7
25,0.049,9,0.7
26,0.045,9,0.7
27,0.044,9,0.7
28,0.046,9,0.7
29,0.04,9,0.7
30,0.037,9,0.7
31,0.039,9,0.7
32,0.041,9,0.7
33,0.038,9,0.7
34,0.034,9,0.7
35,0.034,9,0.7
36,0.034,9,0.7
37,0.031,9,0.7
38,0.032,9,0.7
39,0.032,9,0.7
40,0.032,9,0.7
41,0.029,9,0.7
42,0.03,9,0.7
43,0.03,9,0.7
44,0.027,9,0.7
45,0.025,9,0.7
46,0.028,9,0.7
47,0.025,9,0.7
48,0.028,9,0.7
49,0.023,9,0.7
50,0.023,9,0.7
51,0.023,9,0.7
52,0.026000000000000002,9,0.7
53,0.022,9,0.7
54,0.024,9,0.7
55,0.024,9,0.7
56,0.021,9,0.7
57,0.021,9,0.7
58,0.021,9,0.7
59,0.021,9,0.7
60,0.02,9,0.7
61,0.02,9,0.7
62,0.02,9,0.7
63,0.019,9,0.7
64,0.019,9,0.7
65,0.018000000000000002,9,0.7
66,0.018000000000000002,9,0.7
67,0.016,9,0.7
68,0.016,9,0.7
69,0.016,9,0.7
70,0.016,9,0.7
71,0.017,9,0.7
72,0.017,9,0.7
73,0.017,9,0.7
74,0.017,9,0.7
75,0.017,9,0.7
76,0.017,9,0.7
77,0.017,9,0.7
78,0.017,9,0.7
79,0.017,9,0.7
80,0.017,9,0.7
81,0.017,9,0.7
82,0.017,9,0.7
83,0.017,9,0.7
84,0.017,9,0.7
85,0.015,9,0.7
86,0.015,9,0.7
87,0.015,9,0.7
88,0.015,9,0.7
89,0.013000000000000001,9,0.7
90,0.013000000000000001,9,0.7
91,0.013000000000000001,9,0.7
92,0.013000000000000001,9,0.7
93,0.013000000000000001,9,0.7
94,0.014,9,0.7
95,0.014,9,0.7
96,0.014,9,0.7
97,0.014,9,0.7
98,0.014,9,0.7
99,0.014,9,0.7
100,0.014,9,0.7
5,0.277,9,0.8
6,0.234,9,0.8
7,0.20400000000000001,9,0.8
8,0.176,9,0.8
9,0.165,9,0.8
10,0.154,9,0.8
11,0.14100000000000001,9,0.8
12,0.121,9,0.8
13,0.117,9,0.8
14,0.113,9,0.8
15,0.106,9,0.8
16,0.095,9,0.8
17,0.08700000000000001,9,0.8
18,0.09,9,0.8
19,0.08,9,0.8
20,0.085,9,0.8
21,0.07100000000000001,9,0.8
22,0.068,9,0.8
23,0.073,9,0.8
24,0.066,9,0.8
25,0.063,9,0.8
26,0.06,9,0.8
27,0.061,9,0.8
28,0.058,9,0.8
29,0.057,9,0.8
30,0.053,9,0.8
31,0.052000000000000005,9,0.8
32,0.047,9,0.8
33,0.049,9,0.8
34,0.046,9,0.8
35,0.046,9,0.8
36,0.043000000000000003,9,0.8
37,0.043000000000000003,9,0.8
38,0.042,9,0.8
39,0.042,9,0.8
40,0.04,9,0.8
41,0.04,9,0.8
42,0.039,9,0.8
43,0.039,9,0.8
44,0.035,9,0.8
45,0.033,9,0.8
46,0.035,9,0.8
47,0.035,9,0.8
48,0.034,9,0.8
49,0.031,9,0.8
50,0.032,9,0.8
51,0.031,9,0.8
52,0.031,9,0.8
53,0.031,9,0.8
54,0.029,9,0.8
55,0.029,9,0.8
56,0.029,9,0.8
57,0.03,9,0.8
58,0.025,9,0.8
59,0.025,9,0.8
60,0.027,9,0.8
61,0.028,9,0.8
62,0.028,9,0.8
63,0.028,9,0.8
64,0.028,9,0.8
65,0.024,9,0.8
66,0.023,9,0.8
67,0.023,9,0.8
68,0.023,9,0.8
69,0.023,9,0.8
70,0.023,9,0.8
71,0.023,9,0.8
72,0.022,9,0.8
73,0.021,9,0.8
74,0.021,9,0.8
75,0.021,9,0.8
76,0.021,9,0.8
77,0.021,9,0.8
78,0.021,9,0.8
79,0.021,9,0.8
80,0.02,9,0.8
81,0.02,9,0.8
82,0.02,9,0.8
83,0.019,9,0.8
84,0.019,9,0.8
85,0.019,9,0.8
86,0.019,9,0.8
87,0.018000000000000002,9,0.8
88,0.016,9,0.8
89,0.016,9,0.8
90,0.016,9,0.8
91,0.016,9,0.8
92,0.016,9,0.8
93,0.016,9,0.8
94,0.016,9,0.8
95,0.017,9,0.8
96,0.017,9,0.8
97,0.017,9,0.8
98,0.017,9,0.8
99,0.017,9,0.8
100,0.017,9,0.8
7,0.278,9,0.9
8,0.259,9,0.9
9,0.249,9,0.9
10,0.224,9,0.9
11,0.196,9,0.9
12,0.192,9,0.9
13,0.17200000000000001,9,0.9
14,0.153,9,0.9
15,0.14300000000000002,9,0.9
16,0.128,9,0.9
17,0.137,9,0.9
18,0.129,9,0.9
19,0.112,9,0.9
20,0.114,9,0.9
21,0.109,9,0.9
22,0.097,9,0.9
23,0.099,9,0.9
24,0.1,9,0.9
25,0.09,9,0.9
26,0.077,9,0.9
27,0.088,9,0.9
28,0.082,9,0.9
29,0.078,9,0.9
30,0.073,9,0.9
31,0.07200000000000001,9,0.9
32,0.065,9,0.9
33,0.065,9,0.9
34,0.076,9,0.9
35,0.067,9,0.9
36,0.062,9,0.9
37,0.063,9,0.9
38,0.059000000000000004,9,0.9
39,0.056,9,0.9
40,0.056,9,0.9
41,0.058,9,0.9
42,0.051000000000000004,9,0.9
43,0.053,9,0.9
44,0.05,9,0.9
45,0.05,9,0.9
46,0.047,9,0.9
47,0.052000000000000005,9,0.9
48,0.046,9,0.9
49,0.043000000000000003,9,0.9
50,0.049,9,0.9
51,0.043000000000000003,9,0.9
52,0.045,9,0.9
53,0.043000000000000003,9,0.9
54,0.043000000000000003,9,0.9
55,0.044,9,0.9
56,0.041,9,0.9
57,0.042,9,0.9
58,0.042,9,0.9
59,0.042,9,0.9
60,0.04,9,0.9
61,0.04,9,0.9
62,0.04,9,0.9
63,0.038,9,0.9
64,0.038,9,0.9
65,0.033,9,0.9
66,0.033,9,0.9
67,0.033,9,0.9
68,0.033,9,0.9
69,0.033,9,0.9
70,0.034,9,0.9
71,0.032,9,0.9
72,0.032,9,0.9
73,0.031,9,0.9
74,0.031,9,0.9
75,0.029,9,0.9
76,0.029,9,0.9
77,0.029,9,0.9
78,0.029,9,0.9
79,0.029,9,0.9
80,0.029,9,0.9
81,0.029,9,0.9
82,0.03,9,0.9
83,0.03,9,0.9
84,0.03,9,0.9
85,0.03,9,0.9
86,0.03,9,0.9
87,0.025,9,0.9
88,0.028,9,0.9
89,0.028,9,0.9
90,0.028,9,0.9
91,0.026000000000000002,9,0.9
92,0.026000000000000002,9,0.9
93,0.026000000000000002,9,0.9
94,0.026000000000000002,9,0.9
95,0.024,9,0.9
96,0.024,9,0.9
97,0.024,9,0.9
98,0.024,9,0.9
99,0.024,9,0.9
100,0.024,9,0.9
