generations,characters,branch_edit_frac,site_edit_frac,edit_rate,iteration,edit_pct
1,60,0.5,0.008333333333333333,0.01,0,0.8333333333333334
2,60,0.55,0.021666666666666667,0.01,0,2.166666666666667
3,60,0.5333333333333333,0.03333333333333333,0.01,0,3.3333333333333335
4,60,0.45,0.04,0.01,0,4.0
5,60,0.38,0.041666666666666664,0.01,0,4.166666666666666
6,60,0.36666666666666664,0.04666666666666667,0.01,0,4.666666666666667
7,60,0.37142857142857144,0.05333333333333334,0.01,0,5.333333333333334
8,60,0.4,0.06333333333333334,0.01,0,6.333333333333334
9,60,0.4,0.07333333333333333,0.01,0,7.333333333333333
10,60,0.42,0.08833333333333333,0.01,0,8.833333333333334
11,60,0.41818181818181815,0.09833333333333333,0.01,0,9.833333333333332
12,60,0.4083333333333333,0.10333333333333333,0.01,0,10.333333333333334
13,60,0.4076923076923077,0.11333333333333333,0.01,0,11.333333333333332
14,60,0.40714285714285714,0.12,0.01,0,12.0
15,60,0.4066666666666667,0.12833333333333333,0.01,0,12.833333333333332
16,60,0.41875,0.14166666666666666,0.01,0,14.166666666666666
17,60,0.4117647058823529,0.14666666666666667,0.01,0,14.666666666666666
18,60,0.42777777777777776,0.16666666666666666,0.01,0,16.666666666666664
19,60,0.4368421052631579,0.17833333333333334,0.01,0,17.833333333333336
20,60,0.445,0.19166666666666668,0.01,0,19.166666666666668
21,60,0.44285714285714284,0.20166666666666666,0.01,0,20.166666666666664
22,60,0.45,0.21166666666666667,0.01,0,21.166666666666668
23,60,0.45217391304347826,0.22,0.01,0,22.0
24,60,0.4583333333333333,0.23166666666666666,0.01,0,23.166666666666664
25,60,0.448,0.23666666666666666,0.01,0,23.666666666666668
26,60,0.45,0.24666666666666667,0.01,0,24.666666666666668
27,60,0.45555555555555555,0.26,0.01,0,26.0
28,60,0.45357142857142857,0.2683333333333333,0.01,0,26.833333333333332
29,60,0.4517241379310345,0.27666666666666667,0.01,0,27.666666666666668
30,60,0.4533333333333333,0.28833333333333333,0.01,0,28.833333333333332
1,60,0.9,0.028333333333333332,0.02,0,2.833333333333333
2,60,0.8,0.051666666666666666,0.02,0,5.166666666666667
3,60,0.7333333333333333,0.06833333333333333,0.02,0,6.833333333333333
4,60,0.65,0.07833333333333334,0.02,0,7.833333333333334
5,60,0.7,0.11333333333333333,0.02,0,11.333333333333332
6,60,0.6666666666666666,0.13166666666666665,0.02,0,13.166666666666666
7,60,0.6714285714285714,0.15,0.02,0,15.0
8,60,0.675,0.16833333333333333,0.02,0,16.833333333333332
9,60,0.7111111111111111,0.19666666666666666,0.02,0,19.666666666666664
10,60,0.69,0.205,0.02,0,20.5
11,60,0.6727272727272727,0.22333333333333333,0.02,0,22.333333333333332
12,60,0.6583333333333333,0.23666666666666666,0.02,0,23.666666666666668
13,60,0.6384615384615384,0.25,0.02,0,25.0
14,60,0.65,0.27,0.02,0,27.0
15,60,0.64,0.28,0.02,0,28.000000000000004
16,60,0.64375,0.3,0.02,0,30.0
17,60,0.6470588235294118,0.31666666666666665,0.02,0,31.666666666666664
18,60,0.6444444444444445,0.3333333333333333,0.02,0,33.33333333333333
19,60,0.6526315789473685,0.35333333333333333,0.02,0,35.333333333333336
20,60,0.65,0.36666666666666664,0.02,0,36.666666666666664
21,60,0.6333333333333333,0.37333333333333335,0.02,0,37.333333333333336
22,60,0.6181818181818182,0.37833333333333335,0.02,0,37.833333333333336
23,60,0.6130434782608696,0.39,0.02,0,39.0
24,60,0.6208333333333333,0.4166666666666667,0.02,0,41.66666666666667
25,60,0.612,0.42333333333333334,0.02,0,42.333333333333336
26,60,0.6153846153846154,0.43666666666666665,0.02,0,43.666666666666664
27,60,0.6,0.44,0.02,0,44.0
28,60,0.6,0.45166666666666666,0.02,0,45.166666666666664
29,60,0.603448275862069,0.4666666666666667,0.02,0,46.666666666666664
30,60,0.5933333333333334,0.4716666666666667,0.02,0,47.16666666666667
1,60,1.0,0.04,0.04,0,4.0
2,60,1.0,0.07833333333333334,0.04,0,7.833333333333334
3,60,1.0,0.12333333333333334,0.04,0,12.333333333333334
4,60,0.975,0.15333333333333332,0.04,0,15.333333333333332
5,60,0.98,0.18166666666666667,0.04,0,18.166666666666668
6,60,0.9333333333333333,0.21666666666666667,0.04,0,21.666666666666668
7,60,0.9142857142857143,0.25166666666666665,0.04,0,25.166666666666664
8,60,0.8875,0.275,0.04,0,27.500000000000004
9,60,0.9,0.31833333333333336,0.04,0,31.833333333333336
10,60,0.88,0.3433333333333333,0.04,0,34.333333333333336
11,60,0.8727272727272727,0.36,0.04,0,36.0
12,60,0.8666666666666667,0.39166666666666666,0.04,0,39.166666666666664
13,60,0.8692307692307693,0.425,0.04,0,42.5
14,60,0.8714285714285714,0.46,0.04,0,46.0
15,60,0.8533333333333334,0.4816666666666667,0.04,0,48.16666666666667
16,60,0.85,0.5133333333333333,0.04,0,51.33333333333333
17,60,0.8294117647058824,0.525,0.04,0,52.5
18,60,0.8222222222222222,0.5383333333333333,0.04,0,53.833333333333336
19,60,0.8315789473684211,0.5633333333333334,0.04,0,56.333333333333336
20,60,0.81,0.5783333333333334,0.04,0,57.833333333333336
21,60,0.8047619047619048,0.6033333333333334,0.04,0,60.333333333333336
22,60,0.8045454545454546,0.6216666666666667,0.04,0,62.16666666666667
23,60,0.8,0.6416666666666667,0.04,0,64.16666666666667
24,60,0.7833333333333333,0.65,0.04,0,65.0
25,60,0.768,0.6583333333333333,0.04,0,65.83333333333333
26,60,0.7538461538461538,0.6666666666666666,0.04,0,66.66666666666666
27,60,0.7444444444444445,0.68,0.04,0,68.0
28,60,0.7428571428571429,0.6966666666666667,0.04,0,69.66666666666667
29,60,0.7310344827586207,0.7033333333333334,0.04,0,70.33333333333334
30,60,0.7233333333333334,0.715,0.04,0,71.5
1,60,1.0,0.08666666666666667,0.08,0,8.666666666666668
2,60,1.0,0.15833333333333333,0.08,0,15.833333333333332
3,60,1.0,0.23333333333333334,0.08,0,23.333333333333332
4,60,0.975,0.2866666666666667,0.08,0,28.666666666666668
5,60,0.98,0.35,0.08,0,35.0
6,60,0.9833333333333333,0.4166666666666667,0.08,0,41.66666666666667
7,60,0.9714285714285714,0.47333333333333333,0.08,0,47.333333333333336
8,60,0.9625,0.5216666666666666,0.08,0,52.166666666666664
9,60,0.9555555555555556,0.57,0.08,0,56.99999999999999
10,60,0.95,0.5966666666666667,0.08,0,59.66666666666667
11,60,0.9454545454545454,0.6383333333333333,0.08,0,63.83333333333333
12,60,0.95,0.675,0.08,0,67.5
13,60,0.9384615384615385,0.7083333333333334,0.08,0,70.83333333333334
14,60,0.9214285714285714,0.735,0.08,0,73.5
15,60,0.9066666666666666,0.755,0.08,0,75.5
16,60,0.9,0.78,0.08,0,78.0
17,60,0.9,0.8066666666666666,0.08,0,80.66666666666666
18,60,0.8777777777777778,0.8166666666666667,0.08,0,81.66666666666667
19,60,0.868421052631579,0.8333333333333334,0.08,0,83.33333333333334
20,60,0.85,0.8433333333333334,0.08,0,84.33333333333334
21,60,0.8285714285714286,0.8516666666666667,0.08,0,85.16666666666667
22,60,0.8045454545454546,0.8583333333333333,0.08,0,85.83333333333333
23,60,0.782608695652174,0.8666666666666667,0.08,0,86.66666666666667
24,60,0.7625,0.8716666666666667,0.08,0,87.16666666666667
25,60,0.752,0.8833333333333333,0.08,0,88.33333333333333
26,60,0.7346153846153847,0.8883333333333333,0.08,0,88.83333333333333
27,60,0.7222222222222222,0.8983333333333333,0.08,0,89.83333333333333
28,60,0.7142857142857143,0.9083333333333333,0.08,0,90.83333333333333
29,60,0.7,0.9166666666666666,0.08,0,91.66666666666666
30,60,0.6833333333333333,0.92,0.08,0,92.0
1,60,1.0,0.16,0.16,0,16.0
2,60,1.0,0.2783333333333333,0.16,0,27.833333333333332
3,60,1.0,0.37333333333333335,0.16,0,37.333333333333336
4,60,1.0,0.49333333333333335,0.16,0,49.333333333333336
5,60,1.0,0.5633333333333334,0.16,0,56.333333333333336
6,60,1.0,0.62,0.16,0,62.0
7,60,0.9857142857142858,0.6666666666666666,0.16,0,66.66666666666666
8,60,0.9625,0.7116666666666667,0.16,0,71.16666666666667
9,60,0.9666666666666667,0.7633333333333333,0.16,0,76.33333333333333
10,60,0.96,0.805,0.16,0,80.5
11,60,0.9454545454545454,0.8283333333333334,0.16,0,82.83333333333334
12,60,0.9166666666666666,0.8483333333333334,0.16,0,84.83333333333334
13,60,0.9076923076923077,0.8716666666666667,0.16,0,87.16666666666667
14,60,0.9,0.8983333333333333,0.16,0,89.83333333333333
15,60,0.8866666666666667,0.9133333333333333,0.16,0,91.33333333333333
16,60,0.8625,0.93,0.16,0,93.0
17,60,0.8470588235294118,0.945,0.16,0,94.5
18,60,0.8222222222222222,0.9516666666666667,0.16,0,95.16666666666667
19,60,0.7894736842105263,0.955,0.16,0,95.5
20,60,0.765,0.9616666666666667,0.16,0,96.16666666666667
21,60,0.7380952380952381,0.9666666666666667,0.16,0,96.66666666666667
22,60,0.7136363636363636,0.9733333333333334,0.16,0,97.33333333333334
23,60,0.6869565217391305,0.975,0.16,0,97.5
24,60,0.6708333333333333,0.9816666666666667,0.16,0,98.16666666666667
25,60,0.652,0.9866666666666667,0.16,0,98.66666666666667
26,60,0.6307692307692307,0.9883333333333333,0.16,0,98.83333333333333
27,60,0.6111111111111112,0.99,0.16,0,99.0
28,60,0.5928571428571429,0.9916666666666667,0.16,0,99.16666666666667
29,60,0.5724137931034483,0.9916666666666667,0.16,0,99.16666666666667
30,60,0.5566666666666666,0.9933333333333333,0.16,0,99.33333333333333
1,60,0.3,0.006666666666666667,0.01,1,0.6666666666666667
2,60,0.25,0.01,0.01,1,1.0
3,60,0.26666666666666666,0.018333333333333333,0.01,1,1.8333333333333333
4,60,0.325,0.028333333333333332,0.01,1,2.833333333333333
5,60,0.3,0.03333333333333333,0.01,1,3.3333333333333335
6,60,0.3333333333333333,0.045,0.01,1,4.5
7,60,0.34285714285714286,0.05333333333333334,0.01,1,5.333333333333334
8,60,0.3375,0.058333333333333334,0.01,1,5.833333333333333
9,60,0.34444444444444444,0.06666666666666667,0.01,1,6.666666666666667
10,60,0.32,0.06833333333333333,0.01,1,6.833333333333333
11,60,0.3090909090909091,0.07333333333333333,0.01,1,7.333333333333333
12,60,0.325,0.08333333333333333,0.01,1,8.333333333333332
13,60,0.3153846153846154,0.08666666666666667,0.01,1,8.666666666666668
14,60,0.3142857142857143,0.09666666666666666,0.01,1,9.666666666666666
15,60,0.32,0.10833333333333334,0.01,1,10.833333333333334
16,60,0.3,0.10833333333333334,0.01,1,10.833333333333334
17,60,0.3058823529411765,0.11833333333333333,0.01,1,11.833333333333334
18,60,0.31666666666666665,0.12833333333333333,0.01,1,12.833333333333332
19,60,0.3157894736842105,0.13333333333333333,0.01,1,13.333333333333334
20,60,0.315,0.13833333333333334,0.01,1,13.833333333333334
21,60,0.32857142857142857,0.15,0.01,1,15.0
22,60,0.32727272727272727,0.15666666666666668,0.01,1,15.666666666666668
23,60,0.3217391304347826,0.16166666666666665,0.01,1,16.166666666666664
24,60,0.325,0.16833333333333333,0.01,1,16.833333333333332
25,60,0.328,0.18,0.01,1,18.0
26,60,0.3384615384615385,0.19333333333333333,0.01,1,19.333333333333332
27,60,0.337037037037037,0.19833333333333333,0.01,1,19.833333333333332
28,60,0.3464285714285714,0.21166666666666667,0.01,1,21.166666666666668
29,60,0.35172413793103446,0.22166666666666668,0.01,1,22.166666666666668
30,60,0.36,0.235,0.01,1,23.5
1,60,0.8,0.02666666666666667,0.02,1,2.666666666666667
2,60,0.8,0.05,0.02,1,5.0
3,60,0.7,0.06,0.02,1,6.0
4,60,0.725,0.08666666666666667,0.02,1,8.666666666666668
5,60,0.74,0.105,0.02,1,10.5
6,60,0.6833333333333333,0.115,0.02,1,11.5
7,60,0.6857142857142857,0.13833333333333334,0.02,1,13.833333333333334
8,60,0.7125,0.16333333333333333,0.02,1,16.333333333333332
9,60,0.7,0.17833333333333334,0.02,1,17.833333333333336
10,60,0.7,0.195,0.02,1,19.5
11,60,0.6727272727272727,0.20166666666666666,0.02,1,20.166666666666664
12,60,0.6666666666666666,0.225,0.02,1,22.5
13,60,0.6615384615384615,0.245,0.02,1,24.5
14,60,0.6571428571428571,0.25666666666666665,0.02,1,25.666666666666664
15,60,0.66,0.2683333333333333,0.02,1,26.833333333333332
16,60,0.64375,0.2783333333333333,0.02,1,27.833333333333332
17,60,0.6529411764705882,0.295,0.02,1,29.5
18,60,0.6444444444444445,0.30333333333333334,0.02,1,30.333333333333336
19,60,0.6473684210526316,0.31666666666666665,0.02,1,31.666666666666664
20,60,0.63,0.3233333333333333,0.02,1,32.33333333333333
21,60,0.6238095238095238,0.3383333333333333,0.02,1,33.83333333333333
22,60,0.6272727272727273,0.35333333333333333,0.02,1,35.333333333333336
23,60,0.6130434782608696,0.3616666666666667,0.02,1,36.16666666666667
24,60,0.6166666666666667,0.37833333333333335,0.02,1,37.833333333333336
25,60,0.616,0.3983333333333333,0.02,1,39.83333333333333
26,60,0.6153846153846154,0.4116666666666667,0.02,1,41.16666666666667
27,60,0.6148148148148148,0.4266666666666667,0.02,1,42.66666666666667
28,60,0.6107142857142858,0.43833333333333335,0.02,1,43.833333333333336
29,60,0.6103448275862069,0.45,0.02,1,45.0
30,60,0.61,0.4633333333333333,0.02,1,46.33333333333333
1,60,1.0,0.051666666666666666,0.04,1,5.166666666666667
2,60,1.0,0.11,0.04,1,11.0
3,60,0.9666666666666667,0.15666666666666668,0.04,1,15.666666666666668
4,60,0.95,0.19666666666666666,0.04,1,19.666666666666664
5,60,0.94,0.235,0.04,1,23.5
6,60,0.9166666666666666,0.265,0.04,1,26.5
7,60,0.9,0.2966666666666667,0.04,1,29.666666666666668
8,60,0.9,0.325,0.04,1,32.5
9,60,0.8888888888888888,0.34833333333333333,0.04,1,34.833333333333336
10,60,0.88,0.38166666666666665,0.04,1,38.166666666666664
11,60,0.8727272727272727,0.41,0.04,1,41.0
12,60,0.8666666666666667,0.42833333333333334,0.04,1,42.833333333333336
13,60,0.8384615384615385,0.44166666666666665,0.04,1,44.166666666666664
14,60,0.8428571428571429,0.4666666666666667,0.04,1,46.666666666666664
15,60,0.82,0.48333333333333334,0.04,1,48.333333333333336
16,60,0.8125,0.5,0.04,1,50.0
17,60,0.8058823529411765,0.5166666666666667,0.04,1,51.66666666666667
18,60,0.7888888888888889,0.5333333333333333,0.04,1,53.333333333333336
19,60,0.7736842105263158,0.5516666666666666,0.04,1,55.166666666666664
20,60,0.755,0.5683333333333334,0.04,1,56.833333333333336
21,60,0.7476190476190476,0.58,0.04,1,57.99999999999999
22,60,0.7454545454545455,0.5966666666666667,0.04,1,59.66666666666667
23,60,0.7347826086956522,0.6116666666666667,0.04,1,61.16666666666667
24,60,0.7375,0.625,0.04,1,62.5
25,60,0.74,0.6516666666666666,0.04,1,65.16666666666666
26,60,0.7384615384615385,0.6683333333333333,0.04,1,66.83333333333333
27,60,0.737037037037037,0.685,0.04,1,68.5
28,60,0.7357142857142858,0.7066666666666667,0.04,1,70.66666666666667
29,60,0.7310344827586207,0.7183333333333334,0.04,1,71.83333333333334
30,60,0.7233333333333334,0.7316666666666667,0.04,1,73.16666666666667
1,60,1.0,0.07833333333333334,0.08,1,7.833333333333334
2,60,1.0,0.17333333333333334,0.08,1,17.333333333333336
3,60,1.0,0.25,0.08,1,25.0
4,60,1.0,0.295,0.08,1,29.5
5,60,1.0,0.34833333333333333,0.08,1,34.833333333333336
6,60,1.0,0.3983333333333333,0.08,1,39.83333333333333
7,60,1.0,0.435,0.08,1,43.5
8,60,1.0,0.485,0.08,1,48.5
9,60,0.9888888888888889,0.5166666666666667,0.08,1,51.66666666666667
10,60,0.99,0.5683333333333334,0.08,1,56.833333333333336
11,60,0.9818181818181818,0.6133333333333333,0.08,1,61.33333333333333
12,60,0.9833333333333333,0.6483333333333333,0.08,1,64.83333333333333
13,60,0.9769230769230769,0.6766666666666666,0.08,1,67.66666666666666
14,60,0.9714285714285714,0.7083333333333334,0.08,1,70.83333333333334
15,60,0.96,0.73,0.08,1,73.0
16,60,0.9625,0.765,0.08,1,76.5
17,60,0.9529411764705882,0.7833333333333333,0.08,1,78.33333333333333
18,60,0.95,0.81,0.08,1,81.0
19,60,0.9315789473684211,0.825,0.08,1,82.5
20,60,0.905,0.8333333333333334,0.08,1,83.33333333333334
21,60,0.8904761904761904,0.855,0.08,1,85.5
22,60,0.8681818181818182,0.8616666666666667,0.08,1,86.16666666666667
23,60,0.8478260869565217,0.8683333333333333,0.08,1,86.83333333333333
24,60,0.8291666666666667,0.875,0.08,1,87.5
25,60,0.804,0.8783333333333333,0.08,1,87.83333333333333
26,60,0.7846153846153846,0.8833333333333333,0.08,1,88.33333333333333
27,60,0.7703703703703704,0.8916666666666667,0.08,1,89.16666666666667
28,60,0.7607142857142857,0.905,0.08,1,90.5
29,60,0.7482758620689656,0.915,0.08,1,91.5
30,60,0.7333333333333333,0.92,0.08,1,92.0
1,60,1.0,0.16,0.16,1,16.0
2,60,1.0,0.29,0.16,1,28.999999999999996
3,60,1.0,0.3883333333333333,0.16,1,38.83333333333333
4,60,1.0,0.4816666666666667,0.16,1,48.16666666666667
5,60,1.0,0.5866666666666667,0.16,1,58.666666666666664
6,60,1.0,0.6533333333333333,0.16,1,65.33333333333333
7,60,0.9857142857142858,0.7116666666666667,0.16,1,71.16666666666667
8,60,0.95,0.7433333333333333,0.16,1,74.33333333333333
9,60,0.9555555555555556,0.775,0.16,1,77.5
10,60,0.95,0.8183333333333334,0.16,1,81.83333333333334
11,60,0.9363636363636364,0.8516666666666667,0.16,1,85.16666666666667
12,60,0.9166666666666666,0.87,0.16,1,87.0
13,60,0.8846153846153846,0.8816666666666667,0.16,1,88.16666666666667
14,60,0.8714285714285714,0.9016666666666666,0.16,1,90.16666666666666
15,60,0.8666666666666667,0.92,0.16,1,92.0
16,60,0.85625,0.9383333333333334,0.16,1,93.83333333333333
17,60,0.8235294117647058,0.945,0.16,1,94.5
18,60,0.8166666666666667,0.9633333333333334,0.16,1,96.33333333333334
19,60,0.8,0.9733333333333334,0.16,1,97.33333333333334
20,60,0.765,0.975,0.16,1,97.5
21,60,0.7380952380952381,0.9783333333333334,0.16,1,97.83333333333334
22,60,0.7227272727272728,0.985,0.16,1,98.5
23,60,0.7,0.9883333333333333,0.16,1,98.83333333333333
24,60,0.675,0.99,0.16,1,99.0
25,60,0.652,0.9916666666666667,0.16,1,99.16666666666667
26,60,0.6307692307692307,0.9933333333333333,0.16,1,99.33333333333333
27,60,0.6074074074074074,0.9933333333333333,0.16,1,99.33333333333333
28,60,0.5892857142857143,0.995,0.16,1,99.5
29,60,0.5724137931034483,0.9966666666666667,0.16,1,99.66666666666667
30,60,0.5566666666666666,0.9983333333333333,0.16,1,99.83333333333333
1,60,0.4,0.01,0.01,2,1.0
2,60,0.35,0.016666666666666666,0.01,2,1.6666666666666667
3,60,0.3333333333333333,0.02666666666666667,0.01,2,2.666666666666667
4,60,0.35,0.03833333333333333,0.01,2,3.833333333333333
5,60,0.36,0.05,0.01,2,5.0
6,60,0.35,0.056666666666666664,0.01,2,5.666666666666666
7,60,0.38571428571428573,0.06833333333333333,0.01,2,6.833333333333333
8,60,0.4125,0.07833333333333334,0.01,2,7.833333333333334
9,60,0.4,0.08333333333333333,0.01,2,8.333333333333332
10,60,0.41,0.095,0.01,2,9.5
11,60,0.4090909090909091,0.10166666666666667,0.01,2,10.166666666666666
12,60,0.4,0.10666666666666667,0.01,2,10.666666666666668
13,60,0.3923076923076923,0.11333333333333333,0.01,2,11.333333333333332
14,60,0.37142857142857144,0.11666666666666667,0.01,2,11.666666666666666
15,60,0.36666666666666664,0.12333333333333334,0.01,2,12.333333333333334
16,60,0.35625,0.12666666666666668,0.01,2,12.666666666666668
17,60,0.36470588235294116,0.135,0.01,2,13.5
18,60,0.36666666666666664,0.14166666666666666,0.01,2,14.166666666666666
19,60,0.35789473684210527,0.145,0.01,2,14.499999999999998
20,60,0.375,0.16166666666666665,0.01,2,16.166666666666664
21,60,0.3761904761904762,0.16833333333333333,0.01,2,16.833333333333332
22,60,0.38181818181818183,0.17833333333333334,0.01,2,17.833333333333336
23,60,0.3782608695652174,0.18666666666666668,0.01,2,18.666666666666668
24,60,0.37916666666666665,0.195,0.01,2,19.5
25,60,0.368,0.19666666666666666,0.01,2,19.666666666666664
26,60,0.36538461538461536,0.20166666666666666,0.01,2,20.166666666666664
27,60,0.37037037037037035,0.21333333333333335,0.01,2,21.333333333333336
28,60,0.3607142857142857,0.215,0.01,2,21.5
29,60,0.36551724137931035,0.22666666666666666,0.01,2,22.666666666666664
30,60,0.36,0.23166666666666666,0.01,2,23.166666666666664
1,60,0.8,0.02,0.02,2,2.0
2,60,0.7,0.03,0.02,2,3.0
3,60,0.6666666666666666,0.043333333333333335,0.02,2,4.333333333333334
4,60,0.625,0.056666666666666664,0.02,2,5.666666666666666
5,60,0.68,0.08666666666666667,0.02,2,8.666666666666668
6,60,0.65,0.10166666666666667,0.02,2,10.166666666666666
7,60,0.6,0.11333333333333333,0.02,2,11.333333333333332
8,60,0.6125,0.13333333333333333,0.02,2,13.333333333333334
9,60,0.6444444444444445,0.16,0.02,2,16.0
10,60,0.64,0.18,0.02,2,18.0
11,60,0.6363636363636364,0.19833333333333333,0.02,2,19.833333333333332
12,60,0.6416666666666667,0.21166666666666667,0.02,2,21.166666666666668
13,60,0.6538461538461539,0.23166666666666666,0.02,2,23.166666666666664
14,60,0.6428571428571429,0.24166666666666667,0.02,2,24.166666666666668
15,60,0.6466666666666666,0.25333333333333335,0.02,2,25.333333333333336
16,60,0.6375,0.26666666666666666,0.02,2,26.666666666666668
17,60,0.6470588235294118,0.2833333333333333,0.02,2,28.333333333333332
18,60,0.6444444444444445,0.30333333333333334,0.02,2,30.333333333333336
19,60,0.6263157894736842,0.30833333333333335,0.02,2,30.833333333333336
20,60,0.625,0.32,0.02,2,32.0
21,60,0.638095238095238,0.3383333333333333,0.02,2,33.83333333333333
22,60,0.6318181818181818,0.34833333333333333,0.02,2,34.833333333333336
23,60,0.6304347826086957,0.36333333333333334,0.02,2,36.333333333333336
24,60,0.6375,0.37833333333333335,0.02,2,37.833333333333336
25,60,0.628,0.385,0.02,2,38.5
26,60,0.6346153846153846,0.4,0.02,2,40.0
27,60,0.6407407407407407,0.41833333333333333,0.02,2,41.833333333333336
28,60,0.6464285714285715,0.43833333333333335,0.02,2,43.833333333333336
29,60,0.6413793103448275,0.44666666666666666,0.02,2,44.666666666666664
30,60,0.64,0.46166666666666667,0.02,2,46.166666666666664
1,60,0.9,0.04,0.04,2,4.0
2,60,0.9,0.07333333333333333,0.04,2,7.333333333333333
3,60,0.8333333333333334,0.08833333333333333,0.04,2,8.833333333333334
4,60,0.825,0.11,0.04,2,11.0
5,60,0.82,0.13666666666666666,0.04,2,13.666666666666666
6,60,0.85,0.19166666666666668,0.04,2,19.166666666666668
7,60,0.8571428571428571,0.22333333333333333,0.04,2,22.333333333333332
8,60,0.875,0.25166666666666665,0.04,2,25.166666666666664
9,60,0.8666666666666667,0.29,0.04,2,28.999999999999996
10,60,0.86,0.325,0.04,2,32.5
11,60,0.8636363636363636,0.36,0.04,2,36.0
12,60,0.8666666666666667,0.38666666666666666,0.04,2,38.666666666666664
13,60,0.8615384615384616,0.4116666666666667,0.04,2,41.16666666666667
14,60,0.8571428571428571,0.43833333333333335,0.04,2,43.833333333333336
15,60,0.86,0.47,0.04,2,47.0
16,60,0.85,0.48833333333333334,0.04,2,48.833333333333336
17,60,0.8352941176470589,0.505,0.04,2,50.5
18,60,0.8388888888888889,0.535,0.04,2,53.5
19,60,0.8263157894736842,0.5566666666666666,0.04,2,55.666666666666664
20,60,0.815,0.5716666666666667,0.04,2,57.166666666666664
21,60,0.8142857142857143,0.59,0.04,2,59.0
22,60,0.8090909090909091,0.605,0.04,2,60.5
23,60,0.8043478260869565,0.6183333333333333,0.04,2,61.83333333333333
24,60,0.7916666666666666,0.63,0.04,2,63.0
25,60,0.776,0.6416666666666667,0.04,2,64.16666666666667
26,60,0.7615384615384615,0.6483333333333333,0.04,2,64.83333333333333
27,60,0.7481481481481481,0.6566666666666666,0.04,2,65.66666666666666
28,60,0.7357142857142858,0.6683333333333333,0.04,2,66.83333333333333
29,60,0.7275862068965517,0.68,0.04,2,68.0
30,60,0.72,0.695,0.04,2,69.5
1,60,1.0,0.09,0.08,2,9.0
2,60,1.0,0.15166666666666667,0.08,2,15.166666666666668
3,60,1.0,0.22666666666666666,0.08,2,22.666666666666664
4,60,1.0,0.2783333333333333,0.08,2,27.833333333333332
5,60,0.98,0.33,0.08,2,33.0
6,60,0.9833333333333333,0.39166666666666666,0.08,2,39.166666666666664
7,60,0.9857142857142858,0.44666666666666666,0.08,2,44.666666666666664
8,60,0.975,0.48833333333333334,0.08,2,48.833333333333336
9,60,0.9777777777777777,0.5266666666666666,0.08,2,52.666666666666664
10,60,0.97,0.5583333333333333,0.08,2,55.833333333333336
11,60,0.9545454545454546,0.585,0.08,2,58.5
12,60,0.9416666666666667,0.6216666666666667,0.08,2,62.16666666666667
13,60,0.9461538461538461,0.655,0.08,2,65.5
14,60,0.9285714285714286,0.6816666666666666,0.08,2,68.16666666666666
15,60,0.9266666666666666,0.72,0.08,2,72.0
16,60,0.90625,0.7383333333333333,0.08,2,73.83333333333333
17,60,0.8823529411764706,0.7533333333333333,0.08,2,75.33333333333333
18,60,0.8666666666666667,0.77,0.08,2,77.0
19,60,0.8473684210526315,0.7816666666666666,0.08,2,78.16666666666666
20,60,0.845,0.7966666666666666,0.08,2,79.66666666666666
21,60,0.8428571428571429,0.815,0.08,2,81.5
22,60,0.8318181818181818,0.8283333333333334,0.08,2,82.83333333333334
23,60,0.8130434782608695,0.84,0.08,2,84.0
24,60,0.8083333333333333,0.8616666666666667,0.08,2,86.16666666666667
25,60,0.804,0.875,0.08,2,87.5
26,60,0.7923076923076923,0.885,0.08,2,88.5
27,60,0.7888888888888889,0.9016666666666666,0.08,2,90.16666666666666
28,60,0.7714285714285715,0.9066666666666666,0.08,2,90.66666666666666
29,60,0.7655172413793103,0.9183333333333333,0.08,2,91.83333333333333
30,60,0.75,0.925,0.08,2,92.5
1,60,1.0,0.17333333333333334,0.16,2,17.333333333333336
2,60,1.0,0.31,0.16,2,31.0
3,60,1.0,0.42,0.16,2,42.0
4,60,1.0,0.5083333333333333,0.16,2,50.83333333333333
5,60,1.0,0.5916666666666667,0.16,2,59.166666666666664
6,60,1.0,0.6633333333333333,0.16,2,66.33333333333333
7,60,1.0,0.72,0.16,2,72.0
8,60,1.0,0.7583333333333333,0.16,2,75.83333333333333
9,60,1.0,0.8016666666666666,0.16,2,80.16666666666666
10,60,0.96,0.82,0.16,2,82.0
11,60,0.9545454545454546,0.8433333333333334,0.16,2,84.33333333333334
12,60,0.95,0.875,0.16,2,87.5
13,60,0.9307692307692308,0.8933333333333333,0.16,2,89.33333333333333
14,60,0.9071428571428571,0.9116666666666666,0.16,2,91.16666666666666
15,60,0.8666666666666667,0.92,0.16,2,92.0
16,60,0.85625,0.9366666666666666,0.16,2,93.66666666666667
17,60,0.8411764705882353,0.9466666666666667,0.16,2,94.66666666666667
18,60,0.8222222222222222,0.9583333333333334,0.16,2,95.83333333333334
19,60,0.7894736842105263,0.9616666666666667,0.16,2,96.16666666666667
20,60,0.77,0.9683333333333334,0.16,2,96.83333333333334
21,60,0.7476190476190476,0.9733333333333334,0.16,2,97.33333333333334
22,60,0.7181818181818181,0.975,0.16,2,97.5
23,60,0.6956521739130435,0.9783333333333334,0.16,2,97.83333333333334
24,60,0.675,0.9816666666666667,0.16,2,98.16666666666667
25,60,0.656,0.985,0.16,2,98.5
26,60,0.6307692307692307,0.985,0.16,2,98.5
27,60,0.6185185185185185,0.99,0.16,2,99.0
28,60,0.6035714285714285,0.9933333333333333,0.16,2,99.33333333333333
29,60,0.593103448275862,0.9983333333333333,0.16,2,99.83333333333333
30,60,0.5733333333333334,0.9983333333333333,0.16,2,99.83333333333333
1,60,0.6,0.015,0.01,3,1.5
2,60,0.45,0.02,0.01,3,2.0
3,60,0.4666666666666667,0.03166666666666667,0.01,3,3.166666666666667
4,60,0.475,0.041666666666666664,0.01,3,4.166666666666666
5,60,0.42,0.045,0.01,3,4.5
6,60,0.45,0.06,0.01,3,6.0
7,60,0.4714285714285714,0.07166666666666667,0.01,3,7.166666666666667
8,60,0.4625,0.07833333333333334,0.01,3,7.833333333333334
9,60,0.4666666666666667,0.09,0.01,3,9.0
10,60,0.48,0.10333333333333333,0.01,3,10.333333333333334
11,60,0.4636363636363636,0.10833333333333334,0.01,3,10.833333333333334
12,60,0.44166666666666665,0.115,0.01,3,11.5
13,60,0.4461538461538462,0.125,0.01,3,12.5
14,60,0.42857142857142855,0.12833333333333333,0.01,3,12.833333333333332
15,60,0.41333333333333333,0.13166666666666665,0.01,3,13.166666666666666
16,60,0.4375,0.15,0.01,3,15.0
17,60,0.43529411764705883,0.15666666666666668,0.01,3,15.666666666666668
18,60,0.43333333333333335,0.165,0.01,3,16.5
19,60,0.43157894736842106,0.17166666666666666,0.01,3,17.166666666666668
20,60,0.45,0.185,0.01,3,18.5
21,60,0.44761904761904764,0.19666666666666666,0.01,3,19.666666666666664
22,60,0.4409090909090909,0.20166666666666666,0.01,3,20.166666666666664
23,60,0.4217391304347826,0.20166666666666666,0.01,3,20.166666666666664
24,60,0.4125,0.20833333333333334,0.01,3,20.833333333333336
25,60,0.416,0.22166666666666668,0.01,3,22.166666666666668
26,60,0.40384615384615385,0.22333333333333333,0.01,3,22.333333333333332
27,60,0.4,0.23166666666666666,0.01,3,23.166666666666664
28,60,0.4,0.24,0.01,3,24.0
29,60,0.39655172413793105,0.245,0.01,3,24.5
30,60,0.39666666666666667,0.25333333333333335,0.01,3,25.333333333333336
1,60,0.7,0.018333333333333333,0.02,3,1.8333333333333333
2,60,0.7,0.041666666666666664,0.02,3,4.166666666666666
3,60,0.6666666666666666,0.058333333333333334,0.02,3,5.833333333333333
4,60,0.675,0.08333333333333333,0.02,3,8.333333333333332
5,60,0.66,0.09333333333333334,0.02,3,9.333333333333334
6,60,0.6333333333333333,0.105,0.02,3,10.5
7,60,0.6571428571428571,0.125,0.02,3,12.5
8,60,0.675,0.145,0.02,3,14.499999999999998
9,60,0.6888888888888889,0.165,0.02,3,16.5
10,60,0.7,0.185,0.02,3,18.5
11,60,0.6909090909090909,0.205,0.02,3,20.5
12,60,0.6666666666666666,0.21333333333333335,0.02,3,21.333333333333336
13,60,0.676923076923077,0.23166666666666666,0.02,3,23.166666666666664
14,60,0.6928571428571428,0.25,0.02,3,25.0
15,60,0.6866666666666666,0.26666666666666666,0.02,3,26.666666666666668
16,60,0.675,0.275,0.02,3,27.500000000000004
17,60,0.6764705882352942,0.29,0.02,3,28.999999999999996
18,60,0.6722222222222223,0.31,0.02,3,31.0
19,60,0.6631578947368421,0.32,0.02,3,32.0
20,60,0.665,0.33666666666666667,0.02,3,33.666666666666664
21,60,0.6714285714285714,0.3616666666666667,0.02,3,36.16666666666667
22,60,0.6636363636363637,0.37166666666666665,0.02,3,37.166666666666664
23,60,0.6608695652173913,0.385,0.02,3,38.5
24,60,0.65,0.395,0.02,3,39.5
25,60,0.656,0.41333333333333333,0.02,3,41.333333333333336
26,60,0.6461538461538462,0.425,0.02,3,42.5
27,60,0.6481481481481481,0.44,0.02,3,44.0
28,60,0.6428571428571429,0.45,0.02,3,45.0
29,60,0.6310344827586207,0.455,0.02,3,45.5
30,60,0.6333333333333333,0.4683333333333333,0.02,3,46.833333333333336
1,60,1.0,0.043333333333333335,0.04,3,4.333333333333334
2,60,0.9,0.08166666666666667,0.04,3,8.166666666666666
3,60,0.9333333333333333,0.12,0.04,3,12.0
4,60,0.95,0.16166666666666665,0.04,3,16.166666666666664
5,60,0.94,0.19166666666666668,0.04,3,19.166666666666668
6,60,0.95,0.22166666666666668,0.04,3,22.166666666666668
7,60,0.9428571428571428,0.25333333333333335,0.04,3,25.333333333333336
8,60,0.9125,0.2866666666666667,0.04,3,28.666666666666668
9,60,0.9222222222222223,0.33166666666666667,0.04,3,33.166666666666664
10,60,0.92,0.36,0.04,3,36.0
11,60,0.8909090909090909,0.37833333333333335,0.04,3,37.833333333333336
12,60,0.9,0.4083333333333333,0.04,3,40.833333333333336
13,60,0.8923076923076924,0.43,0.04,3,43.0
14,60,0.8857142857142857,0.455,0.04,3,45.5
15,60,0.86,0.47333333333333333,0.04,3,47.333333333333336
16,60,0.86875,0.51,0.04,3,51.0
17,60,0.8588235294117647,0.535,0.04,3,53.5
18,60,0.8555555555555555,0.5583333333333333,0.04,3,55.833333333333336
19,60,0.8368421052631579,0.57,0.04,3,56.99999999999999
20,60,0.81,0.58,0.04,3,57.99999999999999
21,60,0.8,0.5916666666666667,0.04,3,59.166666666666664
22,60,0.7954545454545454,0.6133333333333333,0.04,3,61.33333333333333
23,60,0.7782608695652173,0.6233333333333333,0.04,3,62.33333333333333
24,60,0.7708333333333334,0.6333333333333333,0.04,3,63.33333333333333
25,60,0.76,0.6483333333333333,0.04,3,64.83333333333333
26,60,0.75,0.6616666666666666,0.04,3,66.16666666666666
27,60,0.7333333333333333,0.6683333333333333,0.04,3,66.83333333333333
28,60,0.7214285714285714,0.6766666666666666,0.04,3,67.66666666666666
29,60,0.7206896551724138,0.6966666666666667,0.04,3,69.66666666666667
30,60,0.7166666666666667,0.715,0.04,3,71.5
1,60,1.0,0.08333333333333333,0.08,3,8.333333333333332
2,60,0.95,0.13666666666666666,0.08,3,13.666666666666666
3,60,0.9666666666666667,0.21833333333333332,0.08,3,21.833333333333332
4,60,0.975,0.2783333333333333,0.08,3,27.833333333333332
5,60,0.98,0.3333333333333333,0.08,3,33.33333333333333
6,60,0.9833333333333333,0.38,0.08,3,38.0
7,60,0.9571428571428572,0.415,0.08,3,41.5
8,60,0.9625,0.46166666666666667,0.08,3,46.166666666666664
9,60,0.9666666666666667,0.49666666666666665,0.08,3,49.666666666666664
10,60,0.96,0.5333333333333333,0.08,3,53.333333333333336
11,60,0.9454545454545454,0.5583333333333333,0.08,3,55.833333333333336
12,60,0.9416666666666667,0.5966666666666667,0.08,3,59.66666666666667
13,60,0.9384615384615385,0.6266666666666667,0.08,3,62.66666666666667
14,60,0.9285714285714286,0.65,0.08,3,65.0
15,60,0.92,0.6766666666666666,0.08,3,67.66666666666666
16,60,0.9125,0.705,0.08,3,70.5
17,60,0.9058823529411765,0.7266666666666667,0.08,3,72.66666666666667
18,60,0.8888888888888888,0.7433333333333333,0.08,3,74.33333333333333
19,60,0.8894736842105263,0.77,0.08,3,77.0
20,60,0.88,0.7883333333333333,0.08,3,78.83333333333333
21,60,0.8761904761904762,0.8066666666666666,0.08,3,80.66666666666666
22,60,0.8681818181818182,0.8216666666666667,0.08,3,82.16666666666667
23,60,0.8565217391304348,0.84,0.08,3,84.0
24,60,0.8416666666666667,0.8516666666666667,0.08,3,85.16666666666667
25,60,0.82,0.865,0.08,3,86.5
26,60,0.8038461538461539,0.8766666666666667,0.08,3,87.66666666666667
27,60,0.7888888888888889,0.8866666666666667,0.08,3,88.66666666666667
28,60,0.7678571428571429,0.8916666666666667,0.08,3,89.16666666666667
29,60,0.7517241379310344,0.8983333333333333,0.08,3,89.83333333333333
30,60,0.74,0.9066666666666666,0.08,3,90.66666666666666
1,60,1.0,0.17333333333333334,0.16,3,17.333333333333336
2,60,1.0,0.29,0.16,3,28.999999999999996
3,60,1.0,0.405,0.16,3,40.5
4,60,1.0,0.5083333333333333,0.16,3,50.83333333333333
5,60,1.0,0.5866666666666667,0.16,3,58.666666666666664
6,60,1.0,0.645,0.16,3,64.5
7,60,1.0,0.715,0.16,3,71.5
8,60,0.9875,0.7566666666666667,0.16,3,75.66666666666667
9,60,0.9888888888888889,0.8083333333333333,0.16,3,80.83333333333333
10,60,0.98,0.8383333333333334,0.16,3,83.83333333333334
11,60,0.9636363636363636,0.8616666666666667,0.16,3,86.16666666666667
12,60,0.9333333333333333,0.88,0.16,3,88.0
13,60,0.9230769230769231,0.8983333333333333,0.16,3,89.83333333333333
14,60,0.8857142857142857,0.905,0.16,3,90.5
15,60,0.8666666666666667,0.9183333333333333,0.16,3,91.83333333333333
16,60,0.8375,0.9283333333333333,0.16,3,92.83333333333333
17,60,0.8176470588235294,0.9383333333333334,0.16,3,93.83333333333333
18,60,0.7833333333333333,0.9416666666666667,0.16,3,94.16666666666667
19,60,0.7736842105263158,0.955,0.16,3,95.5
20,60,0.75,0.96,0.16,3,96.0
21,60,0.7285714285714285,0.9666666666666667,0.16,3,96.66666666666667
22,60,0.7181818181818181,0.975,0.16,3,97.5
23,60,0.6869565217391305,0.975,0.16,3,97.5
24,60,0.6625,0.9766666666666667,0.16,3,97.66666666666667
25,60,0.656,0.985,0.16,3,98.5
26,60,0.6384615384615384,0.9883333333333333,0.16,3,98.83333333333333
27,60,0.6185185185185185,0.9916666666666667,0.16,3,99.16666666666667
28,60,0.6,0.9933333333333333,0.16,3,99.33333333333333
29,60,0.5827586206896552,0.995,0.16,3,99.5
30,60,0.5633333333333334,0.995,0.16,3,99.5
1,60,0.7,0.015,0.01,4,1.5
2,60,0.75,0.03666666666666667,0.01,4,3.6666666666666665
3,60,0.6666666666666666,0.04666666666666667,0.01,4,4.666666666666667
4,60,0.625,0.056666666666666664,0.01,4,5.666666666666666
5,60,0.56,0.06666666666666667,0.01,4,6.666666666666667
6,60,0.5,0.07166666666666667,0.01,4,7.166666666666667
7,60,0.5142857142857142,0.08333333333333333,0.01,4,8.333333333333332
8,60,0.475,0.08666666666666667,0.01,4,8.666666666666668
9,60,0.4444444444444444,0.09,0.01,4,9.0
10,60,0.45,0.1,0.01,4,10.0
11,60,0.45454545454545453,0.11,0.01,4,11.0
12,60,0.45,0.11666666666666667,0.01,4,11.666666666666666
13,60,0.45384615384615384,0.13,0.01,4,13.0
14,60,0.45,0.13666666666666666,0.01,4,13.666666666666666
15,60,0.44,0.145,0.01,4,14.499999999999998
16,60,0.45,0.155,0.01,4,15.5
17,60,0.4411764705882353,0.16333333333333333,0.01,4,16.333333333333332
18,60,0.43333333333333335,0.17166666666666666,0.01,4,17.166666666666668
19,60,0.4263157894736842,0.18,0.01,4,18.0
20,60,0.415,0.18333333333333332,0.01,4,18.333333333333332
21,60,0.4095238095238095,0.19166666666666668,0.01,4,19.166666666666668
22,60,0.40454545454545454,0.19833333333333333,0.01,4,19.833333333333332
23,60,0.41304347826086957,0.20833333333333334,0.01,4,20.833333333333336
24,60,0.4083333333333333,0.21333333333333335,0.01,4,21.333333333333336
25,60,0.412,0.22333333333333333,0.01,4,22.333333333333332
26,60,0.4076923076923077,0.22833333333333333,0.01,4,22.833333333333332
27,60,0.4074074074074074,0.23833333333333334,0.01,4,23.833333333333336
28,60,0.4035714285714286,0.24333333333333335,0.01,4,24.333333333333336
29,60,0.40344827586206894,0.25166666666666665,0.01,4,25.166666666666664
30,60,0.4066666666666667,0.26666666666666666,0.01,4,26.666666666666668
1,60,0.9,0.028333333333333332,0.02,4,2.833333333333333
2,60,0.85,0.04666666666666667,0.02,4,4.666666666666667
3,60,0.8666666666666667,0.075,0.02,4,7.5
4,60,0.825,0.095,0.02,4,9.5
5,60,0.78,0.10666666666666667,0.02,4,10.666666666666668
6,60,0.7666666666666667,0.12666666666666668,0.02,4,12.666666666666668
7,60,0.7142857142857143,0.13666666666666666,0.02,4,13.666666666666666
8,60,0.7125,0.155,0.02,4,15.5
9,60,0.6888888888888889,0.165,0.02,4,16.5
10,60,0.67,0.17833333333333334,0.02,4,17.833333333333336
11,60,0.6818181818181818,0.19833333333333333,0.02,4,19.833333333333332
12,60,0.675,0.21666666666666667,0.02,4,21.666666666666668
13,60,0.6923076923076923,0.24,0.02,4,24.0
14,60,0.6928571428571428,0.26,0.02,4,26.0
15,60,0.6666666666666666,0.27,0.02,4,27.0
16,60,0.65625,0.2816666666666667,0.02,4,28.166666666666668
17,60,0.6529411764705882,0.29333333333333333,0.02,4,29.333333333333332
18,60,0.6611111111111111,0.31333333333333335,0.02,4,31.333333333333336
19,60,0.6578947368421053,0.325,0.02,4,32.5
20,60,0.66,0.345,0.02,4,34.5
21,60,0.6523809523809524,0.355,0.02,4,35.5
22,60,0.6545454545454545,0.37,0.02,4,37.0
23,60,0.6434782608695652,0.38333333333333336,0.02,4,38.333333333333336
24,60,0.6458333333333334,0.39666666666666667,0.02,4,39.666666666666664
25,60,0.648,0.415,0.02,4,41.5
26,60,0.6538461538461539,0.43166666666666664,0.02,4,43.166666666666664
27,60,0.6444444444444445,0.44,0.02,4,44.0
28,60,0.6428571428571429,0.4533333333333333,0.02,4,45.33333333333333
29,60,0.6344827586206897,0.46166666666666667,0.02,4,46.166666666666664
30,60,0.6266666666666667,0.47,0.02,4,47.0
1,60,0.8,0.04,0.04,4,4.0
2,60,0.85,0.07833333333333334,0.04,4,7.833333333333334
3,60,0.8666666666666667,0.10666666666666667,0.04,4,10.666666666666668
4,60,0.9,0.15,0.04,4,15.0
5,60,0.9,0.17333333333333334,0.04,4,17.333333333333336
6,60,0.9,0.205,0.04,4,20.5
7,60,0.9142857142857143,0.24,0.04,4,24.0
8,60,0.9125,0.275,0.04,4,27.500000000000004
9,60,0.9222222222222223,0.30833333333333335,0.04,4,30.833333333333336
10,60,0.91,0.335,0.04,4,33.5
11,60,0.8909090909090909,0.3566666666666667,0.04,4,35.66666666666667
12,60,0.8833333333333333,0.38166666666666665,0.04,4,38.166666666666664
13,60,0.8846153846153846,0.4083333333333333,0.04,4,40.833333333333336
14,60,0.8714285714285714,0.43166666666666664,0.04,4,43.166666666666664
15,60,0.86,0.455,0.04,4,45.5
16,60,0.84375,0.4683333333333333,0.04,4,46.833333333333336
17,60,0.8470588235294118,0.49,0.04,4,49.0
18,60,0.8333333333333334,0.5083333333333333,0.04,4,50.83333333333333
19,60,0.8315789473684211,0.535,0.04,4,53.5
20,60,0.825,0.5533333333333333,0.04,4,55.333333333333336
21,60,0.8285714285714286,0.57,0.04,4,56.99999999999999
22,60,0.8227272727272728,0.5883333333333334,0.04,4,58.833333333333336
23,60,0.808695652173913,0.6016666666666667,0.04,4,60.16666666666667
24,60,0.8041666666666667,0.6233333333333333,0.04,4,62.33333333333333
25,60,0.784,0.6316666666666667,0.04,4,63.16666666666667
26,60,0.7807692307692308,0.65,0.04,4,65.0
27,60,0.774074074074074,0.6683333333333333,0.04,4,66.83333333333333
28,60,0.7714285714285715,0.6833333333333333,0.04,4,68.33333333333333
29,60,0.7586206896551724,0.6916666666666667,0.04,4,69.16666666666667
30,60,0.7466666666666667,0.7033333333333334,0.04,4,70.33333333333334
1,60,1.0,0.07666666666666666,0.08,4,7.666666666666666
2,60,1.0,0.15666666666666668,0.08,4,15.666666666666668
3,60,1.0,0.22833333333333333,0.08,4,22.833333333333332
4,60,1.0,0.285,0.08,4,28.499999999999996
5,60,1.0,0.345,0.08,4,34.5
6,60,0.9833333333333333,0.4,0.08,4,40.0
7,60,0.9857142857142858,0.45166666666666666,0.08,4,45.166666666666664
8,60,0.975,0.49166666666666664,0.08,4,49.166666666666664
9,60,0.9777777777777777,0.5383333333333333,0.08,4,53.833333333333336
10,60,0.97,0.5766666666666667,0.08,4,57.666666666666664
11,60,0.9636363636363636,0.6233333333333333,0.08,4,62.33333333333333
12,60,0.9583333333333334,0.6516666666666666,0.08,4,65.16666666666666
13,60,0.9461538461538461,0.6816666666666666,0.08,4,68.16666666666666
14,60,0.9357142857142857,0.705,0.08,4,70.5
15,60,0.9133333333333333,0.7216666666666667,0.08,4,72.16666666666667
16,60,0.89375,0.755,0.08,4,75.5
17,60,0.8764705882352941,0.7716666666666666,0.08,4,77.16666666666666
18,60,0.8722222222222222,0.795,0.08,4,79.5
19,60,0.8578947368421053,0.8133333333333334,0.08,4,81.33333333333333
20,60,0.85,0.8316666666666667,0.08,4,83.16666666666667
21,60,0.8380952380952381,0.8516666666666667,0.08,4,85.16666666666667
22,60,0.8272727272727273,0.8616666666666667,0.08,4,86.16666666666667
23,60,0.8130434782608695,0.8733333333333333,0.08,4,87.33333333333333
24,60,0.7916666666666666,0.8783333333333333,0.08,4,87.83333333333333
25,60,0.78,0.8916666666666667,0.08,4,89.16666666666667
26,60,0.7576923076923077,0.895,0.08,4,89.5
27,60,0.7444444444444445,0.9033333333333333,0.08,4,90.33333333333333
28,60,0.725,0.91,0.08,4,91.0
29,60,0.7034482758620689,0.9116666666666666,0.08,4,91.16666666666666
30,60,0.6866666666666666,0.915,0.08,4,91.5
1,60,1.0,0.17833333333333334,0.16,4,17.833333333333336
2,60,1.0,0.3233333333333333,0.16,4,32.33333333333333
3,60,1.0,0.43833333333333335,0.16,4,43.833333333333336
4,60,1.0,0.525,0.16,4,52.5
5,60,1.0,0.62,0.16,4,62.0
6,60,1.0,0.685,0.16,4,68.5
7,60,1.0,0.7366666666666667,0.16,4,73.66666666666667
8,60,1.0,0.7783333333333333,0.16,4,77.83333333333333
9,60,0.9777777777777777,0.8183333333333334,0.16,4,81.83333333333334
10,60,0.97,0.8516666666666667,0.16,4,85.16666666666667
11,60,0.9545454545454546,0.875,0.16,4,87.5
12,60,0.9416666666666667,0.8933333333333333,0.16,4,89.33333333333333
13,60,0.9307692307692308,0.9133333333333333,0.16,4,91.33333333333333
14,60,0.9,0.925,0.16,4,92.5
15,60,0.8866666666666667,0.9416666666666667,0.16,4,94.16666666666667
16,60,0.8625,0.955,0.16,4,95.5
17,60,0.8411764705882353,0.965,0.16,4,96.5
18,60,0.8055555555555556,0.97,0.16,4,97.0
19,60,0.7736842105263158,0.975,0.16,4,97.5
20,60,0.74,0.9766666666666667,0.16,4,97.66666666666667
21,60,0.7095238095238096,0.9783333333333334,0.16,4,97.83333333333334
22,60,0.6909090909090909,0.9833333333333333,0.16,4,98.33333333333333
23,60,0.6695652173913044,0.9866666666666667,0.16,4,98.66666666666667
24,60,0.65,0.99,0.16,4,99.0
25,60,0.628,0.9916666666666667,0.16,4,99.16666666666667
26,60,0.6038461538461538,0.9916666666666667,0.16,4,99.16666666666667
27,60,0.5814814814814815,0.9916666666666667,0.16,4,99.16666666666667
28,60,0.5642857142857143,0.9933333333333333,0.16,4,99.33333333333333
29,60,0.5482758620689655,0.995,0.16,4,99.5
30,60,0.5366666666666666,1.0,0.16,4,100.0
1,60,0.4,0.008333333333333333,0.01,5,0.8333333333333334
2,60,0.4,0.015,0.01,5,1.5
3,60,0.43333333333333335,0.02666666666666667,0.01,5,2.666666666666667
4,60,0.425,0.03333333333333333,0.01,5,3.3333333333333335
5,60,0.42,0.04,0.01,5,4.0
6,60,0.43333333333333335,0.05,0.01,5,5.0
7,60,0.38571428571428573,0.051666666666666666,0.01,5,5.166666666666667
8,60,0.375,0.06,0.01,5,6.0
9,60,0.35555555555555557,0.06333333333333334,0.01,5,6.333333333333334
10,60,0.35,0.07666666666666666,0.01,5,7.666666666666666
11,60,0.36363636363636365,0.085,0.01,5,8.5
12,60,0.3333333333333333,0.085,0.01,5,8.5
13,60,0.34615384615384615,0.09333333333333334,0.01,5,9.333333333333334
14,60,0.32857142857142857,0.095,0.01,5,9.5
15,60,0.3333333333333333,0.10333333333333333,0.01,5,10.333333333333334
16,60,0.3375,0.11333333333333333,0.01,5,11.333333333333332
17,60,0.32941176470588235,0.11833333333333333,0.01,5,11.833333333333334
18,60,0.3333333333333333,0.125,0.01,5,12.5
19,60,0.3473684210526316,0.135,0.01,5,13.5
20,60,0.355,0.145,0.01,5,14.499999999999998
21,60,0.3523809523809524,0.15,0.01,5,15.0
22,60,0.35909090909090907,0.15833333333333333,0.01,5,15.833333333333332
23,60,0.3565217391304348,0.165,0.01,5,16.5
24,60,0.3541666666666667,0.17,0.01,5,17.0
25,60,0.36,0.18166666666666667,0.01,5,18.166666666666668
26,60,0.35384615384615387,0.185,0.01,5,18.5
27,60,0.362962962962963,0.19666666666666666,0.01,5,19.666666666666664
28,60,0.35714285714285715,0.20166666666666666,0.01,5,20.166666666666664
29,60,0.3620689655172414,0.21333333333333335,0.01,5,21.333333333333336
30,60,0.37,0.225,0.01,5,22.5
1,60,0.6,0.016666666666666666,0.02,5,1.6666666666666667
2,60,0.65,0.03333333333333333,0.02,5,3.3333333333333335
3,60,0.6333333333333333,0.051666666666666666,0.02,5,5.166666666666667
4,60,0.65,0.07666666666666666,0.02,5,7.666666666666666
5,60,0.66,0.09,0.02,5,9.0
6,60,0.65,0.10666666666666667,0.02,5,10.666666666666668
7,60,0.6571428571428571,0.125,0.02,5,12.5
8,60,0.65,0.14,0.02,5,14.000000000000002
9,60,0.6666666666666666,0.165,0.02,5,16.5
10,60,0.67,0.18,0.02,5,18.0
11,60,0.6909090909090909,0.20833333333333334,0.02,5,20.833333333333336
12,60,0.7083333333333334,0.22666666666666666,0.02,5,22.666666666666664
13,60,0.7230769230769231,0.245,0.02,5,24.5
14,60,0.7071428571428572,0.25333333333333335,0.02,5,25.333333333333336
15,60,0.7066666666666667,0.27,0.02,5,27.0
16,60,0.7,0.2833333333333333,0.02,5,28.333333333333332
17,60,0.6882352941176471,0.295,0.02,5,29.5
18,60,0.6777777777777778,0.30833333333333335,0.02,5,30.833333333333336
19,60,0.6789473684210526,0.3283333333333333,0.02,5,32.83333333333333
20,60,0.665,0.33666666666666667,0.02,5,33.666666666666664
21,60,0.6523809523809524,0.345,0.02,5,34.5
22,60,0.65,0.36,0.02,5,36.0
23,60,0.6434782608695652,0.37166666666666665,0.02,5,37.166666666666664
24,60,0.6375,0.385,0.02,5,38.5
25,60,0.632,0.395,0.02,5,39.5
26,60,0.6307692307692307,0.4083333333333333,0.02,5,40.833333333333336
27,60,0.6370370370370371,0.425,0.02,5,42.5
28,60,0.6392857142857142,0.44333333333333336,0.02,5,44.333333333333336
29,60,0.6275862068965518,0.45166666666666666,0.02,5,45.166666666666664
30,60,0.6133333333333333,0.45666666666666667,0.02,5,45.666666666666664
1,60,0.9,0.035,0.04,5,3.5000000000000004
2,60,0.9,0.07833333333333334,0.04,5,7.833333333333334
3,60,0.8333333333333334,0.10666666666666667,0.04,5,10.666666666666668
4,60,0.825,0.13833333333333334,0.04,5,13.833333333333334
5,60,0.82,0.16333333333333333,0.04,5,16.333333333333332
6,60,0.85,0.20666666666666667,0.04,5,20.666666666666668
7,60,0.8714285714285714,0.23333333333333334,0.04,5,23.333333333333332
8,60,0.875,0.26666666666666666,0.04,5,26.666666666666668
9,60,0.8777777777777778,0.2966666666666667,0.04,5,29.666666666666668
10,60,0.86,0.31666666666666665,0.04,5,31.666666666666664
11,60,0.8545454545454545,0.33666666666666667,0.04,5,33.666666666666664
12,60,0.8333333333333334,0.35,0.04,5,35.0
13,60,0.8384615384615385,0.385,0.04,5,38.5
14,60,0.8214285714285714,0.4066666666666667,0.04,5,40.666666666666664
15,60,0.8133333333333334,0.42833333333333334,0.04,5,42.833333333333336
16,60,0.80625,0.4483333333333333,0.04,5,44.83333333333333
17,60,0.8117647058823529,0.4716666666666667,0.04,5,47.16666666666667
18,60,0.7944444444444444,0.485,0.04,5,48.5
19,60,0.7947368421052632,0.5066666666666667,0.04,5,50.66666666666667
20,60,0.79,0.5266666666666666,0.04,5,52.666666666666664
21,60,0.7904761904761904,0.5516666666666666,0.04,5,55.166666666666664
22,60,0.7863636363636364,0.5716666666666667,0.04,5,57.166666666666664
23,60,0.7913043478260869,0.6016666666666667,0.04,5,60.16666666666667
24,60,0.7833333333333333,0.625,0.04,5,62.5
25,60,0.776,0.6366666666666667,0.04,5,63.66666666666667
26,60,0.7576923076923077,0.6433333333333333,0.04,5,64.33333333333333
27,60,0.7481481481481481,0.6566666666666666,0.04,5,65.66666666666666
28,60,0.7428571428571429,0.6683333333333333,0.04,5,66.83333333333333
29,60,0.7448275862068966,0.6833333333333333,0.04,5,68.33333333333333
30,60,0.7233333333333334,0.6866666666666666,0.04,5,68.66666666666667
1,60,1.0,0.085,0.08,5,8.5
2,60,1.0,0.14,0.08,5,14.000000000000002
3,60,1.0,0.20666666666666667,0.08,5,20.666666666666668
4,60,1.0,0.26166666666666666,0.08,5,26.166666666666664
5,60,1.0,0.31333333333333335,0.08,5,31.333333333333336
6,60,1.0,0.37166666666666665,0.08,5,37.166666666666664
7,60,0.9857142857142858,0.41833333333333333,0.08,5,41.833333333333336
8,60,0.975,0.46,0.08,5,46.0
9,60,0.9333333333333333,0.49333333333333335,0.08,5,49.333333333333336
10,60,0.94,0.53,0.08,5,53.0
11,60,0.9181818181818182,0.5533333333333333,0.08,5,55.333333333333336
12,60,0.925,0.6,0.08,5,60.0
13,60,0.9153846153846154,0.625,0.08,5,62.5
14,60,0.9142857142857143,0.6483333333333333,0.08,5,64.83333333333333
15,60,0.92,0.6866666666666666,0.08,5,68.66666666666667
16,60,0.9125,0.7166666666666667,0.08,5,71.66666666666667
17,60,0.9,0.7316666666666667,0.08,5,73.16666666666667
18,60,0.8888888888888888,0.7533333333333333,0.08,5,75.33333333333333
19,60,0.8789473684210526,0.7766666666666666,0.08,5,77.66666666666666
20,60,0.86,0.79,0.08,5,79.0
21,60,0.8428571428571429,0.8033333333333333,0.08,5,80.33333333333333
22,60,0.8363636363636363,0.8216666666666667,0.08,5,82.16666666666667
23,60,0.8173913043478261,0.8316666666666667,0.08,5,83.16666666666667
24,60,0.8041666666666667,0.8416666666666667,0.08,5,84.16666666666667
25,60,0.796,0.86,0.08,5,86.0
26,60,0.7884615384615384,0.8733333333333333,0.08,5,87.33333333333333
27,60,0.774074074074074,0.88,0.08,5,88.0
28,60,0.7714285714285715,0.895,0.08,5,89.5
29,60,0.7655172413793103,0.9066666666666666,0.08,5,90.66666666666666
30,60,0.7566666666666667,0.9166666666666666,0.08,5,91.66666666666666
1,60,1.0,0.125,0.16,5,12.5
2,60,1.0,0.27,0.16,5,27.0
3,60,1.0,0.41333333333333333,0.16,5,41.333333333333336
4,60,1.0,0.5216666666666666,0.16,5,52.166666666666664
5,60,0.98,0.5883333333333334,0.16,5,58.833333333333336
6,60,0.9833333333333333,0.6616666666666666,0.16,5,66.16666666666666
7,60,0.9857142857142858,0.715,0.16,5,71.5
8,60,0.9875,0.7616666666666667,0.16,5,76.16666666666667
9,60,0.9888888888888889,0.8066666666666666,0.16,5,80.66666666666666
10,60,0.96,0.8316666666666667,0.16,5,83.16666666666667
11,60,0.9363636363636364,0.86,0.16,5,86.0
12,60,0.9166666666666666,0.8766666666666667,0.16,5,87.66666666666667
13,60,0.8769230769230769,0.8866666666666667,0.16,5,88.66666666666667
14,60,0.8642857142857143,0.9,0.16,5,90.0
15,60,0.84,0.9116666666666666,0.16,5,91.16666666666666
16,60,0.83125,0.9266666666666666,0.16,5,92.66666666666666
17,60,0.8176470588235294,0.945,0.16,5,94.5
18,60,0.7888888888888889,0.9516666666666667,0.16,5,95.16666666666667
19,60,0.7736842105263158,0.9616666666666667,0.16,5,96.16666666666667
20,60,0.76,0.9716666666666667,0.16,5,97.16666666666667
21,60,0.7333333333333333,0.975,0.16,5,97.5
22,60,0.7045454545454546,0.9766666666666667,0.16,5,97.66666666666667
23,60,0.6782608695652174,0.9783333333333334,0.16,5,97.83333333333334
24,60,0.6583333333333333,0.9816666666666667,0.16,5,98.16666666666667
25,60,0.644,0.9866666666666667,0.16,5,98.66666666666667
26,60,0.6269230769230769,0.9933333333333333,0.16,5,99.33333333333333
27,60,0.6111111111111112,0.9966666666666667,0.16,5,99.66666666666667
28,60,0.5928571428571429,0.9983333333333333,0.16,5,99.83333333333333
29,60,0.5724137931034483,0.9983333333333333,0.16,5,99.83333333333333
30,60,0.5566666666666666,1.0,0.16,5,100.0
1,60,0.2,0.005,0.01,6,0.5
2,60,0.3,0.013333333333333334,0.01,6,1.3333333333333335
3,60,0.36666666666666664,0.02666666666666667,0.01,6,2.666666666666667
4,60,0.375,0.03333333333333333,0.01,6,3.3333333333333335
5,60,0.42,0.04666666666666667,0.01,6,4.666666666666667
6,60,0.43333333333333335,0.056666666666666664,0.01,6,5.666666666666666
7,60,0.4142857142857143,0.065,0.01,6,6.5
8,60,0.4625,0.07833333333333334,0.01,6,7.833333333333334
9,60,0.45555555555555555,0.08666666666666667,0.01,6,8.666666666666668
10,60,0.48,0.09833333333333333,0.01,6,9.833333333333332
11,60,0.4727272727272727,0.105,0.01,6,10.5
12,60,0.45,0.11166666666666666,0.01,6,11.166666666666666
13,60,0.4461538461538462,0.11833333333333333,0.01,6,11.833333333333334
14,60,0.4357142857142857,0.125,0.01,6,12.5
15,60,0.43333333333333335,0.13333333333333333,0.01,6,13.333333333333334
16,60,0.44375,0.15166666666666667,0.01,6,15.166666666666668
17,60,0.43529411764705883,0.15666666666666668,0.01,6,15.666666666666668
18,60,0.43333333333333335,0.165,0.01,6,16.5
19,60,0.43157894736842106,0.17166666666666666,0.01,6,17.166666666666668
20,60,0.43,0.17833333333333334,0.01,6,17.833333333333336
21,60,0.4142857142857143,0.18166666666666667,0.01,6,18.166666666666668
22,60,0.42272727272727273,0.2,0.01,6,20.0
23,60,0.4260869565217391,0.20833333333333334,0.01,6,20.833333333333336
24,60,0.4125,0.21,0.01,6,21.0
25,60,0.396,0.21,0.01,6,21.0
26,60,0.4,0.22,0.01,6,22.0
27,60,0.4074074074074074,0.23333333333333334,0.01,6,23.333333333333332
28,60,0.4142857142857143,0.24833333333333332,0.01,6,24.833333333333332
29,60,0.41724137931034483,0.25833333333333336,0.01,6,25.833333333333336
30,60,0.42,0.26666666666666666,0.01,6,26.666666666666668
1,60,0.8,0.021666666666666667,0.02,6,2.166666666666667
2,60,0.85,0.041666666666666664,0.02,6,4.166666666666666
3,60,0.8333333333333334,0.065,0.02,6,6.5
4,60,0.8,0.08333333333333333,0.02,6,8.333333333333332
5,60,0.76,0.1,0.02,6,10.0
6,60,0.7666666666666667,0.12333333333333334,0.02,6,12.333333333333334
7,60,0.7428571428571429,0.14666666666666667,0.02,6,14.666666666666666
8,60,0.725,0.16,0.02,6,16.0
9,60,0.7111111111111111,0.17666666666666667,0.02,6,17.666666666666668
10,60,0.68,0.185,0.02,6,18.5
11,60,0.6545454545454545,0.20166666666666666,0.02,6,20.166666666666664
12,60,0.65,0.22,0.02,6,22.0
13,60,0.6538461538461539,0.235,0.02,6,23.5
14,60,0.6571428571428571,0.25666666666666665,0.02,6,25.666666666666664
15,60,0.6466666666666666,0.275,0.02,6,27.500000000000004
16,60,0.65625,0.29,0.02,6,28.999999999999996
17,60,0.6529411764705882,0.305,0.02,6,30.5
18,60,0.6555555555555556,0.32,0.02,6,32.0
19,60,0.6473684210526316,0.3333333333333333,0.02,6,33.33333333333333
20,60,0.64,0.3466666666666667,0.02,6,34.66666666666667
21,60,0.6333333333333333,0.36,0.02,6,36.0
22,60,0.6227272727272727,0.37,0.02,6,37.0
23,60,0.6304347826086957,0.385,0.02,6,38.5
24,60,0.6208333333333333,0.39166666666666666,0.02,6,39.166666666666664
25,60,0.62,0.4033333333333333,0.02,6,40.33333333333333
26,60,0.6115384615384616,0.4116666666666667,0.02,6,41.16666666666667
27,60,0.6185185185185185,0.42833333333333334,0.02,6,42.833333333333336
28,60,0.6142857142857143,0.44,0.02,6,44.0
29,60,0.6137931034482759,0.45666666666666667,0.02,6,45.666666666666664
30,60,0.6166666666666667,0.4716666666666667,0.02,6,47.16666666666667
1,60,0.9,0.03,0.04,6,3.0
2,60,0.95,0.07333333333333333,0.04,6,7.333333333333333
3,60,0.9333333333333333,0.11333333333333333,0.04,6,11.333333333333332
4,60,0.925,0.14666666666666667,0.04,6,14.666666666666666
5,60,0.86,0.17666666666666667,0.04,6,17.666666666666668
6,60,0.8666666666666667,0.20833333333333334,0.04,6,20.833333333333336
7,60,0.8857142857142857,0.24666666666666667,0.04,6,24.666666666666668
8,60,0.8625,0.26666666666666666,0.04,6,26.666666666666668
9,60,0.8666666666666667,0.31,0.04,6,31.0
10,60,0.86,0.33666666666666667,0.04,6,33.666666666666664
11,60,0.8545454545454545,0.365,0.04,6,36.5
12,60,0.8583333333333333,0.39666666666666667,0.04,6,39.666666666666664
13,60,0.8615384615384616,0.4266666666666667,0.04,6,42.66666666666667
14,60,0.8571428571428571,0.44666666666666666,0.04,6,44.666666666666664
15,60,0.86,0.4766666666666667,0.04,6,47.66666666666667
16,60,0.85,0.49333333333333335,0.04,6,49.333333333333336
17,60,0.8294117647058824,0.5083333333333333,0.04,6,50.83333333333333
18,60,0.8111111111111111,0.52,0.04,6,52.0
19,60,0.8105263157894737,0.5366666666666666,0.04,6,53.666666666666664
20,60,0.815,0.5633333333333334,0.04,6,56.333333333333336
21,60,0.819047619047619,0.5833333333333334,0.04,6,58.333333333333336
22,60,0.8181818181818182,0.5983333333333334,0.04,6,59.833333333333336
23,60,0.8043478260869565,0.6133333333333333,0.04,6,61.33333333333333
24,60,0.7958333333333333,0.6316666666666667,0.04,6,63.16666666666667
25,60,0.792,0.645,0.04,6,64.5
26,60,0.7653846153846153,0.6466666666666666,0.04,6,64.66666666666666
27,60,0.7592592592592593,0.665,0.04,6,66.5
28,60,0.7535714285714286,0.675,0.04,6,67.5
29,60,0.7482758620689656,0.695,0.04,6,69.5
30,60,0.7533333333333333,0.7116666666666667,0.04,6,71.16666666666667
1,60,1.0,0.09333333333333334,0.08,6,9.333333333333334
2,60,1.0,0.15833333333333333,0.08,6,15.833333333333332
3,60,1.0,0.225,0.08,6,22.5
4,60,1.0,0.2783333333333333,0.08,6,27.833333333333332
5,60,0.98,0.3466666666666667,0.08,6,34.66666666666667
6,60,0.9833333333333333,0.3983333333333333,0.08,6,39.83333333333333
7,60,0.9857142857142858,0.4533333333333333,0.08,6,45.33333333333333
8,60,0.9875,0.51,0.08,6,51.0
9,60,0.9666666666666667,0.535,0.08,6,53.5
10,60,0.97,0.5733333333333334,0.08,6,57.333333333333336
11,60,0.9636363636363636,0.6066666666666667,0.08,6,60.66666666666667
12,60,0.9583333333333334,0.6366666666666667,0.08,6,63.66666666666667
13,60,0.9538461538461539,0.675,0.08,6,67.5
14,60,0.9428571428571428,0.7116666666666667,0.08,6,71.16666666666667
15,60,0.94,0.7466666666666667,0.08,6,74.66666666666667
16,60,0.93125,0.7783333333333333,0.08,6,77.83333333333333
17,60,0.9235294117647059,0.8016666666666666,0.08,6,80.16666666666666
18,60,0.9111111111111111,0.82,0.08,6,82.0
19,60,0.8894736842105263,0.8333333333333334,0.08,6,83.33333333333334
20,60,0.87,0.845,0.08,6,84.5
21,60,0.8476190476190476,0.855,0.08,6,85.5
22,60,0.8272727272727273,0.8633333333333333,0.08,6,86.33333333333333
23,60,0.8173913043478261,0.8766666666666667,0.08,6,87.66666666666667
24,60,0.8,0.8833333333333333,0.08,6,88.33333333333333
25,60,0.784,0.8933333333333333,0.08,6,89.33333333333333
26,60,0.7730769230769231,0.9033333333333333,0.08,6,90.33333333333333
27,60,0.7518518518518519,0.9066666666666666,0.08,6,90.66666666666666
28,60,0.7428571428571429,0.9183333333333333,0.08,6,91.83333333333333
29,60,0.7275862068965517,0.9233333333333333,0.08,6,92.33333333333333
30,60,0.72,0.9316666666666666,0.08,6,93.16666666666666
1,60,1.0,0.17333333333333334,0.16,6,17.333333333333336
2,60,1.0,0.3283333333333333,0.16,6,32.83333333333333
3,60,1.0,0.42833333333333334,0.16,6,42.833333333333336
4,60,1.0,0.535,0.16,6,53.5
5,60,1.0,0.6083333333333333,0.16,6,60.83333333333333
6,60,1.0,0.6966666666666667,0.16,6,69.66666666666667
7,60,0.9714285714285714,0.7433333333333333,0.16,6,74.33333333333333
8,60,0.9625,0.7866666666666666,0.16,6,78.66666666666666
9,60,0.9333333333333333,0.8083333333333333,0.16,6,80.83333333333333
10,60,0.92,0.845,0.16,6,84.5
11,60,0.9090909090909091,0.8666666666666667,0.16,6,86.66666666666667
12,60,0.8833333333333333,0.88,0.16,6,88.0
13,60,0.8846153846153846,0.9066666666666666,0.16,6,90.66666666666666
14,60,0.8642857142857143,0.9183333333333333,0.16,6,91.83333333333333
15,60,0.8533333333333334,0.935,0.16,6,93.5
16,60,0.85625,0.955,0.16,6,95.5
17,60,0.8411764705882353,0.965,0.16,6,96.5
18,60,0.8166666666666667,0.9716666666666667,0.16,6,97.16666666666667
19,60,0.7789473684210526,0.9766666666666667,0.16,6,97.66666666666667
20,60,0.76,0.9883333333333333,0.16,6,98.83333333333333
21,60,0.7238095238095238,0.9883333333333333,0.16,6,98.83333333333333
22,60,0.6909090909090909,0.9883333333333333,0.16,6,98.83333333333333
23,60,0.6608695652173913,0.9883333333333333,0.16,6,98.83333333333333
24,60,0.6375,0.99,0.16,6,99.0
25,60,0.616,0.9916666666666667,0.16,6,99.16666666666667
26,60,0.5961538461538461,0.9933333333333333,0.16,6,99.33333333333333
27,60,0.5740740740740741,0.9933333333333333,0.16,6,99.33333333333333
28,60,0.5535714285714286,0.9933333333333333,0.16,6,99.33333333333333
29,60,0.5379310344827586,0.995,0.16,6,99.5
30,60,0.52,0.995,0.16,6,99.5
1,60,0.4,0.011666666666666667,0.01,7,1.1666666666666667
2,60,0.35,0.02,0.01,7,2.0
3,60,0.43333333333333335,0.03,0.01,7,3.0
4,60,0.45,0.04,0.01,7,4.0
5,60,0.44,0.051666666666666666,0.01,7,5.166666666666667
6,60,0.4166666666666667,0.058333333333333334,0.01,7,5.833333333333333
7,60,0.4,0.06333333333333334,0.01,7,6.333333333333334
8,60,0.3875,0.07,0.01,7,7.000000000000001
9,60,0.3888888888888889,0.08166666666666667,0.01,7,8.166666666666666
10,60,0.4,0.09,0.01,7,9.0
11,60,0.37272727272727274,0.09166666666666666,0.01,7,9.166666666666666
12,60,0.39166666666666666,0.105,0.01,7,10.5
13,60,0.3923076923076923,0.11666666666666667,0.01,7,11.666666666666666
14,60,0.39285714285714285,0.12666666666666668,0.01,7,12.666666666666668
15,60,0.38666666666666666,0.13166666666666665,0.01,7,13.166666666666666
16,60,0.3875,0.13833333333333334,0.01,7,13.833333333333334
17,60,0.38823529411764707,0.145,0.01,7,14.499999999999998
18,60,0.39444444444444443,0.15833333333333333,0.01,7,15.833333333333332
19,60,0.3894736842105263,0.16333333333333333,0.01,7,16.333333333333332
20,60,0.4,0.18,0.01,7,18.0
21,60,0.4,0.19166666666666668,0.01,7,19.166666666666668
22,60,0.39545454545454545,0.19833333333333333,0.01,7,19.833333333333332
23,60,0.4,0.21,0.01,7,21.0
24,60,0.4041666666666667,0.22166666666666668,0.01,7,22.166666666666668
25,60,0.412,0.235,0.01,7,23.5
26,60,0.4076923076923077,0.24333333333333335,0.01,7,24.333333333333336
27,60,0.40370370370370373,0.24833333333333332,0.01,7,24.833333333333332
28,60,0.40714285714285714,0.25833333333333336,0.01,7,25.833333333333336
29,60,0.40344827586206894,0.2633333333333333,0.01,7,26.333333333333332
30,60,0.4033333333333333,0.27166666666666667,0.01,7,27.166666666666668
1,60,0.9,0.03,0.02,7,3.0
2,60,0.75,0.04833333333333333,0.02,7,4.833333333333333
3,60,0.7666666666666667,0.06833333333333333,0.02,7,6.833333333333333
4,60,0.8,0.09,0.02,7,9.0
5,60,0.78,0.10666666666666667,0.02,7,10.666666666666668
6,60,0.75,0.12,0.02,7,12.0
7,60,0.7142857142857143,0.13,0.02,7,13.0
8,60,0.6875,0.14,0.02,7,14.000000000000002
9,60,0.7,0.155,0.02,7,15.5
10,60,0.68,0.16333333333333333,0.02,7,16.333333333333332
11,60,0.6727272727272727,0.17666666666666667,0.02,7,17.666666666666668
12,60,0.675,0.195,0.02,7,19.5
13,60,0.6846153846153846,0.22833333333333333,0.02,7,22.833333333333332
14,60,0.6785714285714286,0.24833333333333332,0.02,7,24.833333333333332
15,60,0.6533333333333333,0.25833333333333336,0.02,7,25.833333333333336
16,60,0.65,0.2683333333333333,0.02,7,26.833333333333332
17,60,0.6352941176470588,0.28,0.02,7,28.000000000000004
18,60,0.6388888888888888,0.2966666666666667,0.02,7,29.666666666666668
19,60,0.631578947368421,0.315,0.02,7,31.5
20,60,0.64,0.3416666666666667,0.02,7,34.166666666666664
21,60,0.6333333333333333,0.3516666666666667,0.02,7,35.16666666666667
22,60,0.6272727272727273,0.36,0.02,7,36.0
23,60,0.6130434782608696,0.36666666666666664,0.02,7,36.666666666666664
24,60,0.6125,0.37833333333333335,0.02,7,37.833333333333336
25,60,0.608,0.3883333333333333,0.02,7,38.83333333333333
26,60,0.6,0.39666666666666667,0.02,7,39.666666666666664
27,60,0.5814814814814815,0.3983333333333333,0.02,7,39.83333333333333
28,60,0.5857142857142857,0.415,0.02,7,41.5
29,60,0.5827586206896552,0.425,0.02,7,42.5
30,60,0.5866666666666667,0.44,0.02,7,44.0
1,60,1.0,0.056666666666666664,0.04,7,5.666666666666666
2,60,1.0,0.09833333333333333,0.04,7,9.833333333333332
3,60,0.9666666666666667,0.12833333333333333,0.04,7,12.833333333333332
4,60,0.9,0.15666666666666668,0.04,7,15.666666666666668
5,60,0.88,0.19666666666666666,0.04,7,19.666666666666664
6,60,0.8666666666666667,0.22833333333333333,0.04,7,22.833333333333332
7,60,0.8571428571428571,0.255,0.04,7,25.5
8,60,0.875,0.2866666666666667,0.04,7,28.666666666666668
9,60,0.8888888888888888,0.31833333333333336,0.04,7,31.833333333333336
10,60,0.87,0.34833333333333333,0.04,7,34.833333333333336
11,60,0.8818181818181818,0.38,0.04,7,38.0
12,60,0.8666666666666667,0.3983333333333333,0.04,7,39.83333333333333
13,60,0.8538461538461538,0.41833333333333333,0.04,7,41.833333333333336
14,60,0.8357142857142857,0.445,0.04,7,44.5
15,60,0.84,0.47833333333333333,0.04,7,47.833333333333336
16,60,0.825,0.49666666666666665,0.04,7,49.666666666666664
17,60,0.8294117647058824,0.5266666666666666,0.04,7,52.666666666666664
18,60,0.8333333333333334,0.5516666666666666,0.04,7,55.166666666666664
19,60,0.8368421052631579,0.5816666666666667,0.04,7,58.166666666666664
20,60,0.835,0.5983333333333334,0.04,7,59.833333333333336
21,60,0.8285714285714286,0.6183333333333333,0.04,7,61.83333333333333
22,60,0.8090909090909091,0.6266666666666667,0.04,7,62.66666666666667
23,60,0.8043478260869565,0.6416666666666667,0.04,7,64.16666666666667
24,60,0.8041666666666667,0.6633333333333333,0.04,7,66.33333333333333
25,60,0.796,0.6783333333333333,0.04,7,67.83333333333333
26,60,0.7923076923076923,0.695,0.04,7,69.5
27,60,0.774074074074074,0.7,0.04,7,70.0
28,60,0.7678571428571429,0.7133333333333334,0.04,7,71.33333333333334
29,60,0.7620689655172413,0.7266666666666667,0.04,7,72.66666666666667
30,60,0.75,0.7366666666666667,0.04,7,73.66666666666667
1,60,0.9,0.04833333333333333,0.08,7,4.833333333333333
2,60,0.95,0.13833333333333334,0.08,7,13.833333333333334
3,60,0.9666666666666667,0.20333333333333334,0.08,7,20.333333333333332
4,60,0.95,0.2783333333333333,0.08,7,27.833333333333332
5,60,0.96,0.32666666666666666,0.08,7,32.666666666666664
6,60,0.9666666666666667,0.39166666666666666,0.08,7,39.166666666666664
7,60,0.9571428571428572,0.445,0.08,7,44.5
8,60,0.95,0.48,0.08,7,48.0
9,60,0.9444444444444444,0.5233333333333333,0.08,7,52.33333333333333
10,60,0.94,0.5616666666666666,0.08,7,56.166666666666664
11,60,0.9454545454545454,0.6033333333333334,0.08,7,60.333333333333336
12,60,0.9416666666666667,0.6366666666666667,0.08,7,63.66666666666667
13,60,0.9307692307692308,0.6666666666666666,0.08,7,66.66666666666666
14,60,0.9214285714285714,0.6883333333333334,0.08,7,68.83333333333333
15,60,0.9133333333333333,0.7183333333333334,0.08,7,71.83333333333334
16,60,0.88125,0.7266666666666667,0.08,7,72.66666666666667
17,60,0.8823529411764706,0.7466666666666667,0.08,7,74.66666666666667
18,60,0.8722222222222222,0.7683333333333333,0.08,7,76.83333333333333
19,60,0.8578947368421053,0.78,0.08,7,78.0
20,60,0.85,0.7983333333333333,0.08,7,79.83333333333333
21,60,0.8333333333333334,0.8083333333333333,0.08,7,80.83333333333333
22,60,0.8181818181818182,0.82,0.08,7,82.0
23,60,0.8130434782608695,0.8466666666666667,0.08,7,84.66666666666667
24,60,0.8,0.86,0.08,7,86.0
25,60,0.8,0.8783333333333333,0.08,7,87.83333333333333
26,60,0.7730769230769231,0.8816666666666667,0.08,7,88.16666666666667
27,60,0.7592592592592593,0.89,0.08,7,89.0
28,60,0.75,0.9,0.08,7,90.0
29,60,0.7379310344827587,0.9066666666666666,0.08,7,90.66666666666666
30,60,0.73,0.92,0.08,7,92.0
1,60,1.0,0.15833333333333333,0.16,7,15.833333333333332
2,60,1.0,0.315,0.16,7,31.5
3,60,1.0,0.44666666666666666,0.16,7,44.666666666666664
4,60,1.0,0.5333333333333333,0.16,7,53.333333333333336
5,60,1.0,0.6233333333333333,0.16,7,62.33333333333333
6,60,1.0,0.6716666666666666,0.16,7,67.16666666666666
7,60,0.9857142857142858,0.71,0.16,7,71.0
8,60,0.9625,0.7516666666666667,0.16,7,75.16666666666667
9,60,0.9666666666666667,0.7916666666666666,0.16,7,79.16666666666666
10,60,0.95,0.82,0.16,7,82.0
11,60,0.9363636363636364,0.845,0.16,7,84.5
12,60,0.9083333333333333,0.86,0.16,7,86.0
13,60,0.8923076923076924,0.8816666666666667,0.16,7,88.16666666666667
14,60,0.8785714285714286,0.9016666666666666,0.16,7,90.16666666666666
15,60,0.86,0.915,0.16,7,91.5
16,60,0.85,0.9283333333333333,0.16,7,92.83333333333333
17,60,0.8352941176470589,0.9416666666666667,0.16,7,94.16666666666667
18,60,0.8055555555555556,0.9483333333333334,0.16,7,94.83333333333334
19,60,0.7842105263157895,0.955,0.16,7,95.5
20,60,0.765,0.9616666666666667,0.16,7,96.16666666666667
21,60,0.7428571428571429,0.97,0.16,7,97.0
22,60,0.7227272727272728,0.975,0.16,7,97.5
23,60,0.7043478260869566,0.9816666666666667,0.16,7,98.16666666666667
24,60,0.675,0.9816666666666667,0.16,7,98.16666666666667
25,60,0.652,0.9833333333333333,0.16,7,98.33333333333333
26,60,0.6307692307692307,0.9866666666666667,0.16,7,98.66666666666667
27,60,0.6148148148148148,0.99,0.16,7,99.0
28,60,0.5928571428571429,0.99,0.16,7,99.0
29,60,0.5793103448275863,0.9933333333333333,0.16,7,99.33333333333333
30,60,0.5666666666666667,0.9966666666666667,0.16,7,99.66666666666667
1,60,0.4,0.008333333333333333,0.01,8,0.8333333333333334
2,60,0.4,0.018333333333333333,0.01,8,1.8333333333333333
3,60,0.4666666666666667,0.03,0.01,8,3.0
4,60,0.4,0.03333333333333333,0.01,8,3.3333333333333335
5,60,0.4,0.041666666666666664,0.01,8,4.166666666666666
6,60,0.43333333333333335,0.05333333333333334,0.01,8,5.333333333333334
7,60,0.44285714285714284,0.06333333333333334,0.01,8,6.333333333333334
8,60,0.45,0.07666666666666666,0.01,8,7.666666666666666
9,60,0.43333333333333335,0.085,0.01,8,8.5
10,60,0.43,0.09166666666666666,0.01,8,9.166666666666666
11,60,0.41818181818181815,0.1,0.01,8,10.0
12,60,0.4,0.105,0.01,8,10.5
13,60,0.4076923076923077,0.115,0.01,8,11.5
14,60,0.42142857142857143,0.125,0.01,8,12.5
15,60,0.44,0.14166666666666666,0.01,8,14.166666666666666
16,60,0.44375,0.15166666666666667,0.01,8,15.166666666666668
17,60,0.4470588235294118,0.16166666666666665,0.01,8,16.166666666666664
18,60,0.43333333333333335,0.165,0.01,8,16.5
19,60,0.4263157894736842,0.17333333333333334,0.01,8,17.333333333333336
20,60,0.42,0.17833333333333334,0.01,8,17.833333333333336
21,60,0.4238095238095238,0.18833333333333332,0.01,8,18.833333333333332
22,60,0.4409090909090909,0.21,0.01,8,21.0
23,60,0.43043478260869567,0.215,0.01,8,21.5
24,60,0.43333333333333335,0.225,0.01,8,22.5
25,60,0.444,0.24,0.01,8,24.0
26,60,0.4461538461538462,0.25,0.01,8,25.0
27,60,0.43703703703703706,0.25666666666666665,0.01,8,25.666666666666664
28,60,0.425,0.25833333333333336,0.01,8,25.833333333333336
29,60,0.41724137931034483,0.26166666666666666,0.01,8,26.166666666666664
30,60,0.41333333333333333,0.2683333333333333,0.01,8,26.833333333333332
1,60,0.7,0.02,0.02,8,2.0
2,60,0.65,0.03333333333333333,0.02,8,3.3333333333333335
3,60,0.6333333333333333,0.04833333333333333,0.02,8,4.833333333333333
4,60,0.6,0.06666666666666667,0.02,8,6.666666666666667
5,60,0.6,0.085,0.02,8,8.5
6,60,0.6,0.10666666666666667,0.02,8,10.666666666666668
7,60,0.6142857142857143,0.12,0.02,8,12.0
8,60,0.6375,0.145,0.02,8,14.499999999999998
9,60,0.6222222222222222,0.155,0.02,8,15.5
10,60,0.61,0.165,0.02,8,16.5
11,60,0.6272727272727273,0.19333333333333333,0.02,8,19.333333333333332
12,60,0.6166666666666667,0.20833333333333334,0.02,8,20.833333333333336
13,60,0.6,0.22,0.02,8,22.0
14,60,0.5857142857142857,0.23333333333333334,0.02,8,23.333333333333332
15,60,0.5866666666666667,0.245,0.02,8,24.5
16,60,0.575,0.255,0.02,8,25.5
17,60,0.5705882352941176,0.26666666666666666,0.02,8,26.666666666666668
18,60,0.5666666666666667,0.275,0.02,8,27.500000000000004
19,60,0.5631578947368421,0.2833333333333333,0.02,8,28.333333333333332
20,60,0.56,0.2916666666666667,0.02,8,29.166666666666668
21,60,0.5428571428571428,0.2966666666666667,0.02,8,29.666666666666668
22,60,0.55,0.31666666666666665,0.02,8,31.666666666666664
23,60,0.5565217391304348,0.33,0.02,8,33.0
24,60,0.55,0.33666666666666667,0.02,8,33.666666666666664
25,60,0.548,0.3516666666666667,0.02,8,35.16666666666667
26,60,0.55,0.36333333333333334,0.02,8,36.333333333333336
27,60,0.5518518518518518,0.37833333333333335,0.02,8,37.833333333333336
28,60,0.5464285714285714,0.3883333333333333,0.02,8,38.83333333333333
29,60,0.5448275862068965,0.39666666666666667,0.02,8,39.666666666666664
30,60,0.54,0.4033333333333333,0.02,8,40.33333333333333
1,60,0.8,0.025,0.04,8,2.5
2,60,0.85,0.06666666666666667,0.04,8,6.666666666666667
3,60,0.9,0.09333333333333334,0.04,8,9.333333333333334
4,60,0.925,0.12666666666666668,0.04,8,12.666666666666668
5,60,0.92,0.165,0.04,8,16.5
6,60,0.9333333333333333,0.19833333333333333,0.04,8,19.833333333333332
7,60,0.9285714285714286,0.23166666666666666,0.04,8,23.166666666666664
8,60,0.9,0.27166666666666667,0.04,8,27.166666666666668
9,60,0.8888888888888888,0.295,0.04,8,29.5
10,60,0.88,0.315,0.04,8,31.5
11,60,0.8545454545454545,0.335,0.04,8,33.5
12,60,0.8416666666666667,0.355,0.04,8,35.5
13,60,0.8461538461538461,0.375,0.04,8,37.5
14,60,0.8357142857142857,0.395,0.04,8,39.5
15,60,0.8133333333333334,0.42,0.04,8,42.0
16,60,0.8125,0.44333333333333336,0.04,8,44.333333333333336
17,60,0.8117647058823529,0.4683333333333333,0.04,8,46.833333333333336
18,60,0.8111111111111111,0.495,0.04,8,49.5
19,60,0.8,0.5116666666666667,0.04,8,51.16666666666667
20,60,0.795,0.5316666666666666,0.04,8,53.166666666666664
21,60,0.7904761904761904,0.5483333333333333,0.04,8,54.833333333333336
22,60,0.7863636363636364,0.58,0.04,8,57.99999999999999
23,60,0.782608695652174,0.6016666666666667,0.04,8,60.16666666666667
24,60,0.7708333333333334,0.6116666666666667,0.04,8,61.16666666666667
25,60,0.76,0.6266666666666667,0.04,8,62.66666666666667
26,60,0.7615384615384615,0.645,0.04,8,64.5
27,60,0.7481481481481481,0.6516666666666666,0.04,8,65.16666666666666
28,60,0.7464285714285714,0.6716666666666666,0.04,8,67.16666666666666
29,60,0.7448275862068966,0.6866666666666666,0.04,8,68.66666666666667
30,60,0.7366666666666667,0.6966666666666667,0.04,8,69.66666666666667
1,60,1.0,0.08333333333333333,0.08,8,8.333333333333332
2,60,1.0,0.15166666666666667,0.08,8,15.166666666666668
3,60,1.0,0.20666666666666667,0.08,8,20.666666666666668
4,60,1.0,0.2833333333333333,0.08,8,28.333333333333332
5,60,1.0,0.3516666666666667,0.08,8,35.16666666666667
6,60,1.0,0.3933333333333333,0.08,8,39.33333333333333
7,60,0.9857142857142858,0.4216666666666667,0.08,8,42.16666666666667
8,60,0.975,0.4583333333333333,0.08,8,45.83333333333333
9,60,0.9666666666666667,0.5083333333333333,0.08,8,50.83333333333333
10,60,0.96,0.5483333333333333,0.08,8,54.833333333333336
11,60,0.9636363636363636,0.5916666666666667,0.08,8,59.166666666666664
12,60,0.95,0.635,0.08,8,63.5
13,60,0.9461538461538461,0.6716666666666666,0.08,8,67.16666666666666
14,60,0.9428571428571428,0.6983333333333334,0.08,8,69.83333333333334
15,60,0.9266666666666666,0.715,0.08,8,71.5
16,60,0.91875,0.7383333333333333,0.08,8,73.83333333333333
17,60,0.9058823529411765,0.7566666666666667,0.08,8,75.66666666666667
18,60,0.9055555555555556,0.7816666666666666,0.08,8,78.16666666666666
19,60,0.8894736842105263,0.795,0.08,8,79.5
20,60,0.86,0.8016666666666666,0.08,8,80.16666666666666
21,60,0.8666666666666667,0.825,0.08,8,82.5
22,60,0.8590909090909091,0.84,0.08,8,84.0
23,60,0.8391304347826087,0.8516666666666667,0.08,8,85.16666666666667
24,60,0.8333333333333334,0.87,0.08,8,87.0
25,60,0.82,0.8816666666666667,0.08,8,88.16666666666667
26,60,0.7961538461538461,0.885,0.08,8,88.5
27,60,0.7777777777777778,0.8916666666666667,0.08,8,89.16666666666667
28,60,0.7642857142857142,0.9033333333333333,0.08,8,90.33333333333333
29,60,0.7551724137931034,0.9116666666666666,0.08,8,91.16666666666666
30,60,0.7366666666666667,0.915,0.08,8,91.5
1,60,1.0,0.14333333333333334,0.16,8,14.333333333333334
2,60,1.0,0.29333333333333333,0.16,8,29.333333333333332
3,60,1.0,0.43,0.16,8,43.0
4,60,1.0,0.5183333333333333,0.16,8,51.83333333333333
5,60,1.0,0.59,0.16,8,59.0
6,60,0.9833333333333333,0.6466666666666666,0.16,8,64.66666666666666
7,60,0.9857142857142858,0.7166666666666667,0.16,8,71.66666666666667
8,60,0.9625,0.7583333333333333,0.16,8,75.83333333333333
9,60,0.9444444444444444,0.7833333333333333,0.16,8,78.33333333333333
10,60,0.95,0.8333333333333334,0.16,8,83.33333333333334
11,60,0.9363636363636364,0.86,0.16,8,86.0
12,60,0.8916666666666667,0.8733333333333333,0.16,8,87.33333333333333
13,60,0.8692307692307693,0.8883333333333333,0.16,8,88.83333333333333
14,60,0.85,0.9016666666666666,0.16,8,90.16666666666666
15,60,0.8266666666666667,0.9183333333333333,0.16,8,91.83333333333333
16,60,0.8,0.925,0.16,8,92.5
17,60,0.788235294117647,0.9383333333333334,0.16,8,93.83333333333333
18,60,0.7777777777777778,0.95,0.16,8,95.0
19,60,0.7473684210526316,0.9533333333333334,0.16,8,95.33333333333334
20,60,0.73,0.9616666666666667,0.16,8,96.16666666666667
21,60,0.7095238095238096,0.9666666666666667,0.16,8,96.66666666666667
22,60,0.6863636363636364,0.97,0.16,8,97.0
23,60,0.6695652173913044,0.975,0.16,8,97.5
24,60,0.6458333333333334,0.9783333333333334,0.16,8,97.83333333333334
25,60,0.636,0.985,0.16,8,98.5
26,60,0.6230769230769231,0.99,0.16,8,99.0
27,60,0.6,0.99,0.16,8,99.0
28,60,0.5821428571428572,0.9916666666666667,0.16,8,99.16666666666667
29,60,0.5620689655172414,0.9916666666666667,0.16,8,99.16666666666667
30,60,0.5433333333333333,0.9916666666666667,0.16,8,99.16666666666667
1,60,0.6,0.018333333333333333,0.01,9,1.8333333333333333
2,60,0.55,0.02666666666666667,0.01,9,2.666666666666667
3,60,0.5666666666666667,0.043333333333333335,0.01,9,4.333333333333334
4,60,0.575,0.058333333333333334,0.01,9,5.833333333333333
5,60,0.48,0.06,0.01,9,6.0
6,60,0.48333333333333334,0.07166666666666667,0.01,9,7.166666666666667
7,60,0.45714285714285713,0.07833333333333334,0.01,9,7.833333333333334
8,60,0.475,0.09,0.01,9,9.0
9,60,0.4666666666666667,0.1,0.01,9,10.0
10,60,0.47,0.11166666666666666,0.01,9,11.166666666666666
11,60,0.4727272727272727,0.12833333333333333,0.01,9,12.833333333333332
12,60,0.45,0.135,0.01,9,13.5
13,60,0.43846153846153846,0.14166666666666666,0.01,9,14.166666666666666
14,60,0.44285714285714284,0.15333333333333332,0.01,9,15.333333333333332
15,60,0.44666666666666666,0.16166666666666665,0.01,9,16.166666666666664
16,60,0.44375,0.17166666666666666,0.01,9,17.166666666666668
17,60,0.4588235294117647,0.19,0.01,9,19.0
18,60,0.4666666666666667,0.20333333333333334,0.01,9,20.333333333333332
19,60,0.4631578947368421,0.215,0.01,9,21.5
20,60,0.465,0.22833333333333333,0.01,9,22.833333333333332
21,60,0.45714285714285713,0.235,0.01,9,23.5
22,60,0.4590909090909091,0.24333333333333335,0.01,9,24.333333333333336
23,60,0.45652173913043476,0.25,0.01,9,25.0
24,60,0.4625,0.26166666666666666,0.01,9,26.166666666666664
25,60,0.456,0.26666666666666666,0.01,9,26.666666666666668
26,60,0.45,0.275,0.01,9,27.500000000000004
27,60,0.4444444444444444,0.2833333333333333,0.01,9,28.333333333333332
28,60,0.4357142857142857,0.2866666666666667,0.01,9,28.666666666666668
29,60,0.43448275862068964,0.2966666666666667,0.01,9,29.666666666666668
30,60,0.43,0.31,0.01,9,31.0
1,60,0.8,0.021666666666666667,0.02,9,2.166666666666667
2,60,0.7,0.03333333333333333,0.02,9,3.3333333333333335
3,60,0.6,0.04,0.02,9,4.0
4,60,0.675,0.06,0.02,9,6.0
5,60,0.64,0.075,0.02,9,7.5
6,60,0.6666666666666666,0.09333333333333334,0.02,9,9.333333333333334
7,60,0.6857142857142857,0.11333333333333333,0.02,9,11.333333333333332
8,60,0.7,0.13333333333333333,0.02,9,13.333333333333334
9,60,0.7111111111111111,0.16166666666666665,0.02,9,16.166666666666664
10,60,0.68,0.16833333333333333,0.02,9,16.833333333333332
11,60,0.6818181818181818,0.18333333333333332,0.02,9,18.333333333333332
12,60,0.675,0.20333333333333334,0.02,9,20.333333333333332
13,60,0.6615384615384615,0.22,0.02,9,22.0
14,60,0.6428571428571429,0.23,0.02,9,23.0
15,60,0.6533333333333333,0.245,0.02,9,24.5
16,60,0.64375,0.25333333333333335,0.02,9,25.333333333333336
17,60,0.6411764705882353,0.26666666666666666,0.02,9,26.666666666666668
18,60,0.6388888888888888,0.2816666666666667,0.02,9,28.166666666666668
19,60,0.6263157894736842,0.295,0.02,9,29.5
20,60,0.62,0.305,0.02,9,30.5
21,60,0.6047619047619047,0.31,0.02,9,31.0
22,60,0.6090909090909091,0.3233333333333333,0.02,9,32.33333333333333
23,60,0.6043478260869565,0.3333333333333333,0.02,9,33.33333333333333
24,60,0.6041666666666666,0.3516666666666667,0.02,9,35.16666666666667
25,60,0.596,0.36,0.02,9,36.0
26,60,0.5923076923076923,0.37,0.02,9,37.0
27,60,0.5851851851851851,0.37833333333333335,0.02,9,37.833333333333336
28,60,0.5821428571428572,0.39666666666666667,0.02,9,39.666666666666664
29,60,0.5896551724137931,0.415,0.02,9,41.5
30,60,0.59,0.4266666666666667,0.02,9,42.66666666666667
1,60,1.0,0.045,0.04,9,4.5
2,60,0.95,0.09333333333333334,0.04,9,9.333333333333334
3,60,0.9,0.12666666666666668,0.04,9,12.666666666666668
4,60,0.9,0.16333333333333333,0.04,9,16.333333333333332
5,60,0.88,0.19666666666666666,0.04,9,19.666666666666664
6,60,0.9,0.24,0.04,9,24.0
7,60,0.9142857142857143,0.27666666666666667,0.04,9,27.666666666666668
8,60,0.9,0.30666666666666664,0.04,9,30.666666666666664
9,60,0.8888888888888888,0.335,0.04,9,33.5
10,60,0.89,0.36,0.04,9,36.0
11,60,0.8818181818181818,0.3883333333333333,0.04,9,38.83333333333333
12,60,0.875,0.41333333333333333,0.04,9,41.333333333333336
13,60,0.8692307692307693,0.43666666666666665,0.04,9,43.666666666666664
14,60,0.8714285714285714,0.46166666666666667,0.04,9,46.166666666666664
15,60,0.8466666666666667,0.475,0.04,9,47.5
16,60,0.8375,0.49666666666666665,0.04,9,49.666666666666664
17,60,0.8117647058823529,0.5133333333333333,0.04,9,51.33333333333333
18,60,0.8111111111111111,0.5366666666666666,0.04,9,53.666666666666664
19,60,0.8,0.5533333333333333,0.04,9,55.333333333333336
20,60,0.8,0.575,0.04,9,57.49999999999999
21,60,0.7904761904761904,0.5883333333333334,0.04,9,58.833333333333336
22,60,0.7818181818181819,0.605,0.04,9,60.5
23,60,0.7739130434782608,0.625,0.04,9,62.5
24,60,0.7583333333333333,0.6333333333333333,0.04,9,63.33333333333333
25,60,0.744,0.6416666666666667,0.04,9,64.16666666666667
26,60,0.7423076923076923,0.6633333333333333,0.04,9,66.33333333333333
27,60,0.7333333333333333,0.675,0.04,9,67.5
28,60,0.7178571428571429,0.6816666666666666,0.04,9,68.16666666666666
29,60,0.7103448275862069,0.6933333333333334,0.04,9,69.33333333333334
30,60,0.7033333333333334,0.705,0.04,9,70.5
1,60,1.0,0.09,0.08,9,9.0
2,60,1.0,0.185,0.08,9,18.5
3,60,1.0,0.25666666666666665,0.08,9,25.666666666666664
4,60,0.975,0.31166666666666665,0.08,9,31.166666666666664
5,60,0.98,0.37,0.08,9,37.0
6,60,0.9833333333333333,0.42,0.08,9,42.0
7,60,0.9857142857142858,0.475,0.08,9,47.5
8,60,0.9875,0.5266666666666666,0.08,9,52.666666666666664
9,60,0.9888888888888889,0.5916666666666667,0.08,9,59.166666666666664
10,60,0.98,0.6266666666666667,0.08,9,62.66666666666667
11,60,0.9727272727272728,0.6566666666666666,0.08,9,65.66666666666666
12,60,0.9666666666666667,0.685,0.08,9,68.5
13,60,0.9538461538461539,0.7,0.08,9,70.0
14,60,0.9071428571428571,0.7133333333333334,0.08,9,71.33333333333334
15,60,0.8933333333333333,0.735,0.08,9,73.5
16,60,0.88125,0.76,0.08,9,76.0
17,60,0.8647058823529412,0.7816666666666666,0.08,9,78.16666666666666
18,60,0.8555555555555555,0.795,0.08,9,79.5
19,60,0.8473684210526315,0.8133333333333334,0.08,9,81.33333333333333
20,60,0.835,0.8266666666666667,0.08,9,82.66666666666667
21,60,0.8142857142857143,0.8366666666666667,0.08,9,83.66666666666667
22,60,0.8090909090909091,0.8516666666666667,0.08,9,85.16666666666667
23,60,0.808695652173913,0.8733333333333333,0.08,9,87.33333333333333
24,60,0.7958333333333333,0.885,0.08,9,88.5
25,60,0.78,0.8916666666666667,0.08,9,89.16666666666667
26,60,0.7692307692307693,0.905,0.08,9,90.5
27,60,0.7518518518518519,0.915,0.08,9,91.5
28,60,0.7464285714285714,0.925,0.08,9,92.5
29,60,0.7310344827586207,0.93,0.08,9,93.0
30,60,0.7266666666666667,0.94,0.08,9,94.0
1,60,1.0,0.13333333333333333,0.16,9,13.333333333333334
2,60,1.0,0.2733333333333333,0.16,9,27.333333333333332
3,60,1.0,0.41,0.16,9,41.0
4,60,1.0,0.52,0.16,9,52.0
5,60,1.0,0.5983333333333334,0.16,9,59.833333333333336
6,60,1.0,0.6483333333333333,0.16,9,64.83333333333333
7,60,0.9857142857142858,0.7033333333333334,0.16,9,70.33333333333334
8,60,0.9875,0.7483333333333333,0.16,9,74.83333333333333
9,60,0.9777777777777777,0.79,0.16,9,79.0
10,60,0.96,0.8183333333333334,0.16,9,81.83333333333334
11,60,0.9636363636363636,0.8483333333333334,0.16,9,84.83333333333334
12,60,0.95,0.8716666666666667,0.16,9,87.16666666666667
13,60,0.9307692307692308,0.8866666666666667,0.16,9,88.66666666666667
14,60,0.9214285714285714,0.905,0.16,9,90.5
15,60,0.8933333333333333,0.9166666666666666,0.16,9,91.66666666666666
16,60,0.86875,0.925,0.16,9,92.5
17,60,0.8588235294117647,0.9433333333333334,0.16,9,94.33333333333334
18,60,0.8222222222222222,0.9466666666666667,0.16,9,94.66666666666667
19,60,0.7947368421052632,0.9533333333333334,0.16,9,95.33333333333334
20,60,0.775,0.96,0.16,9,96.0
21,60,0.7476190476190476,0.9633333333333334,0.16,9,96.33333333333334
22,60,0.740909090909091,0.975,0.16,9,97.5
23,60,0.7086956521739131,0.975,0.16,9,97.5
24,60,0.6958333333333333,0.9833333333333333,0.16,9,98.33333333333333
25,60,0.68,0.99,0.16,9,99.0
26,60,0.6538461538461539,0.99,0.16,9,99.0
27,60,0.6333333333333333,0.9916666666666667,0.16,9,99.16666666666667
28,60,0.6214285714285714,0.9966666666666667,0.16,9,99.66666666666667
29,60,0.6,0.9966666666666667,0.16,9,99.66666666666667
30,60,0.58,0.9966666666666667,0.16,9,99.66666666666667
