length,seqeunce,free_energy_diff,correct_frac
1,TATGAGGACGAA{insert}TCTCCCGCTTATA,-3.166577518030561,0.9562702578152098
1,GGTCTTGACAAA{insert}CGTGTGCTTGTAC,-3.439609923561701,0.9219006347191219
1,GTTTATCGGGCG{insert}TGGTGCTCGCATA,-3.439863595422139,0.9376800424359284
1,CCGATGTTGACG{insert}GACTAATCCTGAC,-3.810134957800141,0.9622109645039081
1,TAGTAGTTCAGA{insert}CGCCGTTAAGCGC,-3.4291863331768973,0.9579679152114171
1,CCGTACCTAGAT{insert}ACACTCAATTTGT,-3.3255972541107504,0.9744207661184492
1,GGGGTTCCGTTT{insert}TACATTCCAGGAA,-3.2430106099065235,0.9604925749298698
1,TATCCCGTGAAG{insert}CTTGAGTGGAATC,-3.706316065844952,0.9531871602252083
1,CTGACGTGTGAG{insert}GCGCTAGAGCATA,-3.815663207975067,0.9828152250465565
1,GGTATGGCACGC{insert}CTAATCTGGACAC,-3.8144388945752326,0.987280103050869
1,GGATGCATGATC{insert}TAGGGCCTCGTCT,-3.532363432445578,0.9790519953573732
1,GAGGTCTTTCAT{insert}GCGTATAGTCACA,-3.624562442659517,0.9728523361140162
1,GATTCAATATGT{insert}GTCGTCTATCCTC,-3.6286729219632896,0.9713276449205995
1,GGTAACTGCGCA{insert}TAGTTGGCTCTAT,-3.1620137093207603,0.9496819580808622
1,GCGTTTAAGGTC{insert}ACATCGCATGAAT,-3.6222922546009855,0.9793975458999078
1,GCCCGGGAAGTG{insert}TGAGGATATACCC,-3.446784554242754,0.9598907413586868
1,GCTCTTAAAACT{insert}GGTATCACCTGAC,-3.63003479381646,0.9620231102020297
1,GGGTGGTTAGTG{insert}ATTTGCCCGTCAC,-3.5220394446222407,0.9788050356677725
1,TAGTTGGTGGGT{insert}TTCCCTACCGTGT,-3.2570286360108085,0.9500658160459153
1,GGTACAGTAAGT{insert}GAGAATCCTCTCT,-3.6218360845109174,0.9749925739223593
1,GGTTCTAAGTTT{insert}AGCGTAGCCGGTT,-3.330768621035034,0.9626210315814175
1,CTTTAGGTGGGT{insert}GCGATTGCCAGTT,-3.62622614021889,0.9556812868710591
1,GCCACCTTAACA{insert}CGCGATGATATTG,-3.439466017962303,0.952757865655556
1,GCTATTACGAGC{insert}GCTTGGATCCCGT,-3.92070486212857,0.9862612285323845
1,TATGTTGTGCCT{insert}TACGCCTCGATTA,-3.2446520920889093,0.965119793525694
1,TTAACCGAACTG{insert}ACGGCCATCAAGG,-3.5250727817217786,0.9691370143819219
1,GGGTACATGCGC{insert}CTTACTCCTTGTG,-3.8151376392898726,0.9779952320160038
1,TTCTATTCTAAG{insert}CCGGCGGTCATAT,-3.702972690035846,0.9173819229905309
1,GCTTGATGCTTT{insert}ACAAGATCGCGTT,-3.3285164165491388,0.9630210668591387
1,TCCAAGTTAGCT{insert}TACTCCATGCCCC,-3.2443428957354463,0.9622597899134587
1,AGAACTATTTCC{insert}TGGCTGTTACGCG,-3.5522944209038947,0.9678232770439145
1,TCGGTTTCAAGG{insert}ATGATCCGCGCTT,-3.514357148612401,0.9644449791941987
1,AGAGACTGCCCG{insert}ACACATCTTAGTG,-3.5168129300391158,0.9743116861107122
1,CTGTTAATTAGG{insert}CTCGGTCGGCCTA,-3.7030134450850234,0.9740896465276538
1,AGGTAGTCCTAT{insert}GCGGGCTTTCTCT,-3.62205848500912,0.978984406273789
1,GGCTTGGACTAT{insert}AGTCATCGCGTTT,-3.3262587634512357,0.9756208304122327
1,CACTGTTTAACA{insert}AGCCCGTCAGTAG,-3.25673865239251,0.976928947640551
1,ACGTCGTATTAT{insert}ACCCGCCATGGAA,-3.3229439012852495,0.9772161463561859
1,TGCTTAATTTAC{insert}GACCGATGCTGCG,-3.9167790474374478,0.9838457536359375
1,TCCATAGATTTC{insert}TCCGTGAGTCTTT,-3.53591682563475,0.9745637263547158
1,GTGCCGCAGACA{insert}TTGCATACGATAT,-3.1758447330472777,0.9600070084425179
1,GCAGGTCCTAAC{insert}CCGCAACCATTTA,-3.8171037415703744,0.9827965845121979
1,TGCACCGTTCAT{insert}ATGTTATCGGGAC,-3.324659961107443,0.9740432931985707
1,AGAGACTTACAC{insert}CCGTAGACGTCGG,-3.8174625040871035,0.9754902547297946
1,ATAAAAGAAACC{insert}CTCCGCATTGTGT,-3.8187218366618723,0.9696600289705196
1,GGTCCCATCCGA{insert}GCAGATTTGACTC,-3.540189247678569,0.9741617741253681
1,ATGAGCTGTCTC{insert}GAACCGAAGGCAC,-3.9126623050707714,0.9872459106000135
1,TCGGGCGGTTCA{insert}ACTTACTGGTAGA,-3.2552217332287547,0.9643905505276742
1,GGGGAAATAACG{insert}GATGCGCTCTTGA,-3.8096289056118096,0.9868030246607252
1,ACTTCTTCTCGG{insert}TCGCATGAGGCTG,-3.4290831983635854,0.9633618251995629
1,GGATACATATAC{insert}GCTCGTCGGGACT,-3.922738843731853,0.9856802146475108
1,CCGGGAAGTGTC{insert}ATAACTTGAAGCG,-3.6179471550454103,0.9807770266868243
1,CTCAGCCTGCCT{insert}CGCTTCTGATATT,-3.5199462547188105,0.9591120817697574
1,AGGGCCAAGTCG{insert}ACCTAGATGGCTA,-3.5169268752425467,0.9715508528585011
1,GGTAGGGCTACT{insert}GTTATCCTCCGTC,-3.63194633283738,0.9754111602663015
1,CGTACGGCTGGA{insert}GAGCTGTATGTGG,-3.5372887995617326,0.9785082634769949
1,ACAGGTTGTATT{insert}ACTTCGCGCCTTG,-3.3273814549828806,0.9749713292179856
1,CTGGGCTCATTA{insert}CAAGTGTTGCATA,-3.429497313934032,0.9397422091706278
1,CTAAGTGGCGCC{insert}GATTGTTTGTCCA,-3.9195688877231483,0.9849364327592951
1,GTATATTTTGCT{insert}CCCGGCGACGAGA,-3.5190821118316506,0.96690485676346
1,GCAATTTGCGCT{insert}TGTTCGGCATAGC,-3.2582152680748173,0.9596645046771
1,GAGTCGAATATC{insert}CACCACCGTATGG,-3.8168457686141366,0.9647421547413715
1,TTGTGGTTTGGG{insert}TCCTCAGAGGAGA,-3.4286851333222685,0.961745387643494
1,GGTACCTAGTCT{insert}CGTAATCATAGGA,-3.519371272584923,0.9646112965877628
1,GCGGCATGATCT{insert}ACCTTAAAGCTTG,-3.3295930278139636,0.9755570543485966
1,CCGGCGCAGAAG{insert}TTTGAACGAAAAG,-3.4411590070741234,0.9703553525501499
1,ATGCACTATTTT{insert}ACGTATCCCGTGC,-3.3255451684810637,0.9766391154065824
1,GATAGGGTGACT{insert}GCTTTCGCGTACA,-3.628650992533096,0.9664001714172383
1,TATCTGGTAGAC{insert}ATCTCGGCACAGA,-3.628030579504326,0.9835795349260088
1,TCGGGGTGCAAT{insert}AATCACTAGTGCT,-3.3261699440936674,0.9770642192992468
1,TAGTTCTGGCTA{insert}TACACACTTCGGG,-3.1496110360911906,0.9433656649235851
1,GCATAGAGTTAC{insert}CCGATGGATTCGA,-3.8164050752174496,0.9775464153345909
1,GTTCATGGTACA{insert}GGCTTCTTTACGG,-3.552123648254593,0.9683063974315049
1,CGATCTCGGGCC{insert}TGGGTTTTGAGTA,-3.5526806709316254,0.9760778738007811
1,ATTATTCGTGAC{insert}CCAACTCATCAGG,-3.8174014803390577,0.976937646656911
1,CTGAATGGTGAA{insert}TAATGCGTTCGCC,-3.1618417699924066,0.9728568689817476
1,GCTATTAGTTGC{insert}TACCCCAAGAATC,-3.535878301207127,0.9772055706917409
1,AGAAAGTCTTGG{insert}ATACACGGCCGGG,-3.51216223035701,0.9796052440990642
1,GTGTGTTCCTAT{insert}GCACAATTTCATA,-3.62190455730245,0.9816138511440005
1,TACATGGTAGGG{insert}GTCTCCGAACCGT,-3.817173456986964,0.9834318741316916
1,TAGGGATAACTT{insert}TCCTCCCACTTGG,-3.247712125025128,0.9170769253627695
1,TCTGGTGTCTCA{insert}CCCATGGGATGTC,-3.438723793764968,0.9772505938771716
1,TAACGATTTTCT{insert}CGCGGGAGTTTCG,-3.5189865480755564,0.9808939453424846
1,CGAGCCTGGTTA{insert}GCGCCTACAAGAG,-3.534859021266957,0.9400831646691585
1,CGTAGTAAGATA{insert}TGTAGTCCACGTC,-3.158510671481661,0.9686894037018959
1,TGTTAGTTGCCC{insert}CATATCTTTACGC,-3.8247432394607053,0.9757259930564842
1,GCTGGATTGTGA{insert}TTGTCCGGATCCG,-3.166713517137932,0.9611812303213382
1,GGGAGGACTGCG{insert}GTTCAGCTTACAA,-3.8180909996323926,0.9773735491044371
1,GCGTAGGTCTAG{insert}TTCAGATTCTATA,-3.4414303915031574,0.9569441048599199
1,GTCTACGTGGTT{insert}CTATACCATTCGG,-3.519275764383721,0.9658290773566998
1,AGGCTTTACTAC{insert}AATGCGTGGGCTC,-3.627664547771815,0.9813333845873661
1,AGCTTGCTGTAT{insert}GGGTCATGTTCCT,-3.6248308566365246,0.9767225563156317
1,TGCTCTAAAGAC{insert}GCGAGGACTACCT,-3.9245667614600173,0.9837296410753118
1,TGTACATGTCAT{insert}ACTCAAGGCTTTA,-3.3257933264049164,0.9764661545705926
1,TTGACATGTACG{insert}CCATTTGGGTCGC,-3.7026951449410284,0.9813746176208218
1,GCAATTCAGTAC{insert}GATCGTGTAGCGG,-3.919245188134454,0.9805992380274209
1,CGCTGTCCAAAG{insert}GTTCTTCGTAACG,-3.818984016173836,0.9737346056390088
1,TTAGACGAGCAG{insert}GTTTCTTGCCTAT,-3.819545574624307,0.985137359105165
1,TCGTTTGGAGCC{insert}GTTCACACATGAA,-3.9278020344032107,0.9713283875703401
1,CTGATCAACTTG{insert}CGCCCAGCGTTAT,-3.712330150997733,0.9258773993993505
2,TATGAGGACGAA{insert}TCTCCCGCTTATA,-4.635990969644713,0.9614061446799342
2,GGTCTTGACAAA{insert}CGTGTGCTTGTAC,-4.773466974437479,0.9714230468336531
2,GTTTATCGGGCG{insert}TGGTGCTCGCATA,-4.499749921288522,0.9414839032107916
2,CCGATGTTGACG{insert}GACTAATCCTGAC,-4.6970420809533415,0.9744800165496563
2,TAGTAGTTCAGA{insert}CGCCGTTAAGCGC,-4.8328736092982325,0.9454628075449094
2,CCGTACCTAGAT{insert}ACACTCAATTTGT,-4.358697393011276,0.9585047762052584
2,GGGGTTCCGTTT{insert}TACATTCCAGGAA,-4.652841497099178,0.9695233273651978
2,TATCCCGTGAAG{insert}CTTGAGTGGAATC,-5.137087544168757,0.9643619986351801
2,CTGACGTGTGAG{insert}GCGCTAGAGCATA,-4.814513512206098,0.9692272589086127
2,GGTATGGCACGC{insert}CTAATCTGGACAC,-4.788581046149069,0.9660684573838865
2,GGATGCATGATC{insert}TAGGGCCTCGTCT,-4.89390277307556,0.9812537830100744
2,GAGGTCTTTCAT{insert}GCGTATAGTCACA,-4.642359541029414,0.9657650913507728
2,GATTCAATATGT{insert}GTCGTCTATCCTC,-4.696761470681121,0.9730699944273723
2,GGTAACTGCGCA{insert}TAGTTGGCTCTAT,-4.140269657437976,0.9652401161826747
2,GCGTTTAAGGTC{insert}ACATCGCATGAAT,-4.980253412648235,0.9854007139757766
2,GCCCGGGAAGTG{insert}TGAGGATATACCC,-4.693121602358971,0.9759308940493829
2,GCTCTTAAAACT{insert}GGTATCACCTGAC,-5.005738385761296,0.9729259410663931
2,GGGTGGTTAGTG{insert}ATTTGCCCGTCAC,-4.62270459436505,0.9797761866700995
2,TAGTTGGTGGGT{insert}TTCCCTACCGTGT,-4.240424805295408,0.9379820910910115
2,GGTACAGTAAGT{insert}GAGAATCCTCTCT,-4.833734833738237,0.983290341351487
2,GGTTCTAAGTTT{insert}AGCGTAGCCGGTT,-4.368573995228445,0.9678846592239213
2,CTTTAGGTGGGT{insert}GCGATTGCCAGTT,-4.925228889787437,0.9809925120618606
2,GCCACCTTAACA{insert}CGCGATGATATTG,-4.908487882031967,0.9490740131752485
2,GCTATTACGAGC{insert}GCTTGGATCCCGT,-5.228770039757897,0.9859102358543482
2,TATGTTGTGCCT{insert}TACGCCTCGATTA,-4.46513560140631,0.9794087735737341
2,TTAACCGAACTG{insert}ACGGCCATCAAGG,-4.778480766255406,0.980557868436641
2,GGGTACATGCGC{insert}CTTACTCCTTGTG,-5.124217215183172,0.9629446465792948
2,TTCTATTCTAAG{insert}CCGGCGGTCATAT,-4.942962834139006,0.9344133439758493
2,GCTTGATGCTTT{insert}ACAAGATCGCGTT,-4.407915787669616,0.9762345554505047
2,TCCAAGTTAGCT{insert}TACTCCATGCCCC,-4.51313329528649,0.9731248639510804
2,AGAACTATTTCC{insert}TGGCTGTTACGCG,-4.880276363830287,0.9682543450051886
2,TCGGTTTCAAGG{insert}ATGATCCGCGCTT,-4.5002507206711435,0.9616992232060264
2,AGAGACTGCCCG{insert}ACACATCTTAGTG,-4.410557277307113,0.9751180202809568
2,CTGTTAATTAGG{insert}CTCGGTCGGCCTA,-5.083382367129715,0.9556404141305063
2,AGGTAGTCCTAT{insert}GCGGGCTTTCTCT,-4.487117384846986,0.9658980958911975
2,GGCTTGGACTAT{insert}AGTCATCGCGTTT,-4.274423393997516,0.9696431817235456
2,CACTGTTTAACA{insert}AGCCCGTCAGTAG,-4.82927668616065,0.9622885717220213
2,ACGTCGTATTAT{insert}ACCCGCCATGGAA,-4.480511402343719,0.9655498803048512
2,TGCTTAATTTAC{insert}GACCGATGCTGCG,-5.179840565771812,0.9750463452725517
2,TCCATAGATTTC{insert}TCCGTGAGTCTTT,-4.744854387679869,0.9754538489953538
2,GTGCCGCAGACA{insert}TTGCATACGATAT,-4.645390899296778,0.9583285560045658
2,GCAGGTCCTAAC{insert}CCGCAACCATTTA,-4.801340995691113,0.9710996176195212
2,TGCACCGTTCAT{insert}ATGTTATCGGGAC,-4.494360850565151,0.961714975593878
2,AGAGACTTACAC{insert}CCGTAGACGTCGG,-5.03354262592914,0.9659394428575044
2,ATAAAAGAAACC{insert}CTCCGCATTGTGT,-4.709374798419841,0.9600991897495216
2,GGTCCCATCCGA{insert}GCAGATTTGACTC,-5.0159631623222545,0.9682130661732063
2,ATGAGCTGTCTC{insert}GAACCGAAGGCAC,-4.526102289296205,0.9730164043450482
2,TCGGGCGGTTCA{insert}ACTTACTGGTAGA,-4.4433396202323365,0.9554803980210248
2,GGGGAAATAACG{insert}GATGCGCTCTTGA,-4.8445219683216045,0.9759891526164342
2,ACTTCTTCTCGG{insert}TCGCATGAGGCTG,-5.00331102337708,0.9647836851306533
2,GGATACATATAC{insert}GCTCGTCGGGACT,-5.111442887773183,0.9817267804015142
2,CCGGGAAGTGTC{insert}ATAACTTGAAGCG,-4.710583805819699,0.975966714602986
2,CTCAGCCTGCCT{insert}CGCTTCTGATATT,-4.64799632366995,0.952808219280494
2,AGGGCCAAGTCG{insert}ACCTAGATGGCTA,-4.721854964043342,0.9689446854084061
2,GGTAGGGCTACT{insert}GTTATCCTCCGTC,-4.867635377965435,0.973351288580684
2,CGTACGGCTGGA{insert}GAGCTGTATGTGG,-4.770149355379637,0.979579352448514
2,ACAGGTTGTATT{insert}ACTTCGCGCCTTG,-4.6091056040186515,0.978061193707594
2,CTGGGCTCATTA{insert}CAAGTGTTGCATA,-4.594839831438026,0.9502063229605104
2,CTAAGTGGCGCC{insert}GATTGTTTGTCCA,-5.1399619136658,0.9858411690077785
2,GTATATTTTGCT{insert}CCCGGCGACGAGA,-4.625743766323165,0.9525708283821637
2,GCAATTTGCGCT{insert}TGTTCGGCATAGC,-4.489928991722611,0.9678533714613676
2,GAGTCGAATATC{insert}CACCACCGTATGG,-4.807125096565432,0.9606755075818233
2,TTGTGGTTTGGG{insert}TCCTCAGAGGAGA,-5.002615879680061,0.9725515572550845
2,GGTACCTAGTCT{insert}CGTAATCATAGGA,-4.6635173234429,0.9659044969618448
2,GCGGCATGATCT{insert}ACCTTAAAGCTTG,-4.676814657058804,0.9681456860333237
2,CCGGCGCAGAAG{insert}TTTGAACGAAAAG,-4.741519621899812,0.9766906860394977
2,ATGCACTATTTT{insert}ACGTATCCCGTGC,-4.857009296903973,0.9775365856481021
2,GATAGGGTGACT{insert}GCTTTCGCGTACA,-4.794838736113469,0.9752402737179309
2,TATCTGGTAGAC{insert}ATCTCGGCACAGA,-4.970333309995507,0.984636268603112
2,TCGGGGTGCAAT{insert}AATCACTAGTGCT,-4.298351729459977,0.9638941877560923
2,TAGTTCTGGCTA{insert}TACACACTTCGGG,-4.524518933283048,0.9610816830927071
2,GCATAGAGTTAC{insert}CCGATGGATTCGA,-4.9085688685432025,0.9746324805388938
2,GTTCATGGTACA{insert}GGCTTCTTTACGG,-4.573471703839196,0.9723584589198324
2,CGATCTCGGGCC{insert}TGGGTTTTGAGTA,-4.616235221387427,0.9700999710669055
2,ATTATTCGTGAC{insert}CCAACTCATCAGG,-4.750167539101344,0.9650737967547547
2,CTGAATGGTGAA{insert}TAATGCGTTCGCC,-4.392758084682306,0.9571121369340745
2,GCTATTAGTTGC{insert}TACCCCAAGAATC,-4.810159422753788,0.9582669544819888
2,AGAAAGTCTTGG{insert}ATACACGGCCGGG,-4.917541805358255,0.9792492631475649
2,GTGTGTTCCTAT{insert}GCACAATTTCATA,-4.739501661895186,0.9749065927374033
2,TACATGGTAGGG{insert}GTCTCCGAACCGT,-5.23131120258186,0.9838889789073343
2,TAGGGATAACTT{insert}TCCTCCCACTTGG,-4.1709228627729225,0.9236877914733996
2,TCTGGTGTCTCA{insert}CCCATGGGATGTC,-4.687585102117101,0.9762476395697361
2,TAACGATTTTCT{insert}CGCGGGAGTTTCG,-4.814155184111609,0.9638482484100448
2,CGAGCCTGGTTA{insert}GCGCCTACAAGAG,-4.442942356730253,0.9683700786525484
2,CGTAGTAAGATA{insert}TGTAGTCCACGTC,-4.469497538122042,0.9695706225316456
2,TGTTAGTTGCCC{insert}CATATCTTTACGC,-4.997936261385547,0.9807883590091988
2,GCTGGATTGTGA{insert}TTGTCCGGATCCG,-4.5615627222810105,0.967008643282484
2,GGGAGGACTGCG{insert}GTTCAGCTTACAA,-5.19106704057333,0.9698038647784264
2,GCGTAGGTCTAG{insert}TTCAGATTCTATA,-4.8438987670163876,0.9719079916332167
2,GTCTACGTGGTT{insert}CTATACCATTCGG,-4.86163526731853,0.9790782305787163
2,AGGCTTTACTAC{insert}AATGCGTGGGCTC,-4.898380333927605,0.956267161797071
2,AGCTTGCTGTAT{insert}GGGTCATGTTCCT,-4.931519144942083,0.9809738145964093
2,TGCTCTAAAGAC{insert}GCGAGGACTACCT,-5.32498090801225,0.986419530165009
2,TGTACATGTCAT{insert}ACTCAAGGCTTTA,-4.765520459384064,0.9796646244399151
2,TTGACATGTACG{insert}CCATTTGGGTCGC,-5.084180580007665,0.9764693541604685
2,GCAATTCAGTAC{insert}GATCGTGTAGCGG,-5.164411835551675,0.9855344127998291
2,CGCTGTCCAAAG{insert}GTTCTTCGTAACG,-5.1713750465142,0.9832267229083158
2,TTAGACGAGCAG{insert}GTTTCTTGCCTAT,-5.046626394343129,0.9823597059585916
2,TCGTTTGGAGCC{insert}GTTCACACATGAA,-4.6674080208606625,0.9740864610823086
2,CTGATCAACTTG{insert}CGCCCAGCGTTAT,-5.183882932556656,0.9620671976243875
3,TATGAGGACGAA{insert}TCTCCCGCTTATA,-6.1190728063588615,0.9832680764789157
3,GGTCTTGACAAA{insert}CGTGTGCTTGTAC,-6.069115612886083,0.9908938991282568
3,GTTTATCGGGCG{insert}TGGTGCTCGCATA,-6.42079159036787,0.9951101882056419
3,CCGATGTTGACG{insert}GACTAATCCTGAC,-6.175156195749285,0.992071798931235
3,TAGTAGTTCAGA{insert}CGCCGTTAAGCGC,-6.278879189152338,0.9860091243235805
3,CCGTACCTAGAT{insert}ACACTCAATTTGT,-6.3539394972832355,0.9836812802275361
3,GGGGTTCCGTTT{insert}TACATTCCAGGAA,-6.446756446215957,0.9792288116005912
3,TATCCCGTGAAG{insert}CTTGAGTGGAATC,-6.787901341539197,0.995045476827547
3,CTGACGTGTGAG{insert}GCGCTAGAGCATA,-5.976965928936611,0.9835237325213637
3,GGTATGGCACGC{insert}CTAATCTGGACAC,-6.497787419916538,0.9919868560949578
3,GGATGCATGATC{insert}TAGGGCCTCGTCT,-6.691034706868923,0.9967750033134299
3,GAGGTCTTTCAT{insert}GCGTATAGTCACA,-6.8558322438762325,0.9930662723758841
3,GATTCAATATGT{insert}GTCGTCTATCCTC,-5.9931178797669755,0.990434308185006
3,GGTAACTGCGCA{insert}TAGTTGGCTCTAT,-6.463820814570646,0.9951685782916
3,GCGTTTAAGGTC{insert}ACATCGCATGAAT,-5.801086431805693,0.9828941537287634
3,GCCCGGGAAGTG{insert}TGAGGATATACCC,-5.740065200417508,0.9784232414217173
3,GCTCTTAAAACT{insert}GGTATCACCTGAC,-5.944116067185693,0.9893996388292825
3,GGGTGGTTAGTG{insert}ATTTGCCCGTCAC,-6.543751644780883,0.9893045688923909
3,TAGTTGGTGGGT{insert}TTCCCTACCGTGT,-6.188931765893795,0.9770326322390589
3,GGTACAGTAAGT{insert}GAGAATCCTCTCT,-6.610666517335163,0.9950514074418932
3,GGTTCTAAGTTT{insert}AGCGTAGCCGGTT,-5.955469601496475,0.9819407202675868
3,CTTTAGGTGGGT{insert}GCGATTGCCAGTT,-6.0310737825193925,0.9893453707037028
3,GCCACCTTAACA{insert}CGCGATGATATTG,-6.984610245696032,0.9959991337666256
3,GCTATTACGAGC{insert}GCTTGGATCCCGT,-6.535580399250939,0.9933287886480653
3,TATGTTGTGCCT{insert}TACGCCTCGATTA,-6.3303796061766135,0.9684051292743061
3,TTAACCGAACTG{insert}ACGGCCATCAAGG,-5.058296662307473,0.9702004046644831
3,GGGTACATGCGC{insert}CTTACTCCTTGTG,-6.73533038302503,0.9793707181251905
3,TTCTATTCTAAG{insert}CCGGCGGTCATAT,-7.104852352489981,0.994749299494398
3,GCTTGATGCTTT{insert}ACAAGATCGCGTT,-5.879287560622576,0.9880351862840508
3,TCCAAGTTAGCT{insert}TACTCCATGCCCC,-5.975052758839386,0.9835456106606861
3,AGAACTATTTCC{insert}TGGCTGTTACGCG,-6.512280622529072,0.9925857328256553
3,TCGGTTTCAAGG{insert}ATGATCCGCGCTT,-5.838907200178884,0.9754264979169414
3,AGAGACTGCCCG{insert}ACACATCTTAGTG,-6.067107901393602,0.9885293413537505
3,CTGTTAATTAGG{insert}CTCGGTCGGCCTA,-6.478422979377022,0.9929133593566518
3,AGGTAGTCCTAT{insert}GCGGGCTTTCTCT,-6.823270632503188,0.9918430588348188
3,GGCTTGGACTAT{insert}AGTCATCGCGTTT,-6.2390742437548905,0.9940565115957701
3,CACTGTTTAACA{insert}AGCCCGTCAGTAG,-6.135591809056532,0.9922771608429422
3,ACGTCGTATTAT{insert}ACCCGCCATGGAA,-6.298174863026148,0.972637447425188
3,TGCTTAATTTAC{insert}GACCGATGCTGCG,-6.844870232526603,0.99685949676888
3,TCCATAGATTTC{insert}TCCGTGAGTCTTT,-6.364543981353382,0.9950327428097804
3,GTGCCGCAGACA{insert}TTGCATACGATAT,-5.482602537543187,0.9825825934401364
3,GCAGGTCCTAAC{insert}CCGCAACCATTTA,-6.765458640625848,0.991161636448988
3,TGCACCGTTCAT{insert}ATGTTATCGGGAC,-6.302885304454737,0.9891769479249499
3,AGAGACTTACAC{insert}CCGTAGACGTCGG,-6.674458111670287,0.9840794134363631
3,ATAAAAGAAACC{insert}CTCCGCATTGTGT,-6.277755367764396,0.9874268122382074
3,GGTCCCATCCGA{insert}GCAGATTTGACTC,-5.98775959793706,0.9844983478027746
3,ATGAGCTGTCTC{insert}GAACCGAAGGCAC,-5.620421192805754,0.9721857096528081
3,TCGGGCGGTTCA{insert}ACTTACTGGTAGA,-6.231193000951215,0.991344574727276
3,GGGGAAATAACG{insert}GATGCGCTCTTGA,-6.328963329359954,0.9842423248154304
3,ACTTCTTCTCGG{insert}TCGCATGAGGCTG,-6.613655310048166,0.9774205434189367
3,GGATACATATAC{insert}GCTCGTCGGGACT,-6.7040435174279835,0.9847943085828106
3,CCGGGAAGTGTC{insert}ATAACTTGAAGCG,-6.925088859811279,0.9977319987927828
3,CTCAGCCTGCCT{insert}CGCTTCTGATATT,-5.911986375864519,0.9751727124506387
3,AGGGCCAAGTCG{insert}ACCTAGATGGCTA,-6.841121953571463,0.9811119196992194
3,GGTAGGGCTACT{insert}GTTATCCTCCGTC,-6.7980959030147385,0.9883106939055446
3,CGTACGGCTGGA{insert}GAGCTGTATGTGG,-6.0183605884502605,0.9873835955223386
3,ACAGGTTGTATT{insert}ACTTCGCGCCTTG,-6.312063073723298,0.9892622690255855
3,CTGGGCTCATTA{insert}CAAGTGTTGCATA,-6.698752416653024,0.9889546193939964
3,CTAAGTGGCGCC{insert}GATTGTTTGTCCA,-5.864183617817144,0.9833261289740669
3,GTATATTTTGCT{insert}CCCGGCGACGAGA,-6.36662644592149,0.9794215757618382
3,GCAATTTGCGCT{insert}TGTTCGGCATAGC,-6.090369605679371,0.9856910431171855
3,GAGTCGAATATC{insert}CACCACCGTATGG,-6.745848694484458,0.9968879310631065
3,TTGTGGTTTGGG{insert}TCCTCAGAGGAGA,-6.474540865599661,0.9895784837592523
3,GGTACCTAGTCT{insert}CGTAATCATAGGA,-5.521328286232931,0.9816356845538079
3,GCGGCATGATCT{insert}ACCTTAAAGCTTG,-6.612148986182463,0.9938361479257144
3,CCGGCGCAGAAG{insert}TTTGAACGAAAAG,-7.07657544897744,0.9867686173575856
3,ATGCACTATTTT{insert}ACGTATCCCGTGC,-5.480961803933479,0.9759317310345877
3,GATAGGGTGACT{insert}GCTTTCGCGTACA,-6.077639873223273,0.9933335763667599
3,TATCTGGTAGAC{insert}ATCTCGGCACAGA,-6.425787878363266,0.978917566668171
3,TCGGGGTGCAAT{insert}AATCACTAGTGCT,-6.359485925202705,0.9920102693116457
3,TAGTTCTGGCTA{insert}TACACACTTCGGG,-5.3989798751976785,0.9675648509119694
3,GCATAGAGTTAC{insert}CCGATGGATTCGA,-6.480834333446108,0.9807821385843711
3,GTTCATGGTACA{insert}GGCTTCTTTACGG,-6.268877912962768,0.9951083791307271
3,CGATCTCGGGCC{insert}TGGGTTTTGAGTA,-6.086295514887791,0.9917160696556253
3,ATTATTCGTGAC{insert}CCAACTCATCAGG,-6.455965853610952,0.9903304196396943
3,CTGAATGGTGAA{insert}TAATGCGTTCGCC,-6.033369098967118,0.9872656693631321
3,GCTATTAGTTGC{insert}TACCCCAAGAATC,-6.187706168403327,0.9872537455102864
3,AGAAAGTCTTGG{insert}ATACACGGCCGGG,-6.803914466626946,0.9944531589982468
3,GTGTGTTCCTAT{insert}GCACAATTTCATA,-6.333181615776665,0.9917072701808226
3,TACATGGTAGGG{insert}GTCTCCGAACCGT,-6.690247939775869,0.9948094444738671
3,TAGGGATAACTT{insert}TCCTCCCACTTGG,-6.202335535631676,0.9733357312532573
3,TCTGGTGTCTCA{insert}CCCATGGGATGTC,-6.777571585494343,0.9857548638915254
3,TAACGATTTTCT{insert}CGCGGGAGTTTCG,-6.527685472033845,0.9946158128768192
3,CGAGCCTGGTTA{insert}GCGCCTACAAGAG,-6.635658341291297,0.9585368978042439
3,CGTAGTAAGATA{insert}TGTAGTCCACGTC,-6.000305161383393,0.989635618724231
3,TGTTAGTTGCCC{insert}CATATCTTTACGC,-6.714837471310057,0.9861338159401414
3,GCTGGATTGTGA{insert}TTGTCCGGATCCG,-6.051091744388373,0.9915797931314116
3,GGGAGGACTGCG{insert}GTTCAGCTTACAA,-6.503677041404938,0.9928393581869126
3,GCGTAGGTCTAG{insert}TTCAGATTCTATA,-6.493847256533533,0.9923972868450942
3,GTCTACGTGGTT{insert}CTATACCATTCGG,-6.877997640619302,0.9933733599729664
3,AGGCTTTACTAC{insert}AATGCGTGGGCTC,-5.869064369869598,0.9748254233508235
3,AGCTTGCTGTAT{insert}GGGTCATGTTCCT,-6.151357959302306,0.9909273172395364
3,TGCTCTAAAGAC{insert}GCGAGGACTACCT,-7.207481973458858,0.9984098102475883
3,TGTACATGTCAT{insert}ACTCAAGGCTTTA,-6.321616793859549,0.9872190669573522
3,TTGACATGTACG{insert}CCATTTGGGTCGC,-6.022785007685332,0.9824213478172095
3,GCAATTCAGTAC{insert}GATCGTGTAGCGG,-7.013273987607297,0.9489387589390237
3,CGCTGTCCAAAG{insert}GTTCTTCGTAACG,-6.228526415364833,0.9793424509158972
3,TTAGACGAGCAG{insert}GTTTCTTGCCTAT,-6.252920890330298,0.9867364558392742
3,TCGTTTGGAGCC{insert}GTTCACACATGAA,-6.681272488025005,0.9906911640705272
3,CTGATCAACTTG{insert}CGCCCAGCGTTAT,-5.9681576717810465,0.9679875529023572
4,TATGAGGACGAA{insert}TCTCCCGCTTATA,-8.07024597763645,0.9942506290863657
4,GGTCTTGACAAA{insert}CGTGTGCTTGTAC,-7.908405787824632,0.9920242550748594
4,GTTTATCGGGCG{insert}TGGTGCTCGCATA,-7.85898633541002,0.9973847067791025
4,CCGATGTTGACG{insert}GACTAATCCTGAC,-8.082867196801091,0.9966207725527545
4,TAGTAGTTCAGA{insert}CGCCGTTAAGCGC,-7.9612598661175795,0.9991889321629424
4,CCGTACCTAGAT{insert}ACACTCAATTTGT,-7.6286385660909595,0.9993086893115141
4,GGGGTTCCGTTT{insert}TACATTCCAGGAA,-7.74705316420369,0.9957354755697698
4,TATCCCGTGAAG{insert}CTTGAGTGGAATC,-8.093286757089752,0.9953770920607301
4,CTGACGTGTGAG{insert}GCGCTAGAGCATA,-8.03595506079478,0.9957676223831324
4,GGTATGGCACGC{insert}CTAATCTGGACAC,-7.770425517096605,0.9930721822641216
4,GGATGCATGATC{insert}TAGGGCCTCGTCT,-7.431577415705155,0.9977563074685842
4,GAGGTCTTTCAT{insert}GCGTATAGTCACA,-8.103380714773598,0.9991530527181001
4,GATTCAATATGT{insert}GTCGTCTATCCTC,-7.44193828455734,0.9965679571814445
4,GGTAACTGCGCA{insert}TAGTTGGCTCTAT,-7.63789538617732,0.9989899437575134
4,GCGTTTAAGGTC{insert}ACATCGCATGAAT,-8.070918829222862,0.9986267754920956
4,GCCCGGGAAGTG{insert}TGAGGATATACCC,-8.49853378183782,0.9994830149049672
4,GCTCTTAAAACT{insert}GGTATCACCTGAC,-6.9749061524629905,0.9973418020584783
4,GGGTGGTTAGTG{insert}ATTTGCCCGTCAC,-7.737347497647837,0.9991457926611553
4,TAGTTGGTGGGT{insert}TTCCCTACCGTGT,-7.344077050871011,0.9912582648434896
4,GGTACAGTAAGT{insert}GAGAATCCTCTCT,-7.449790799223157,0.9973767755951657
4,GGTTCTAAGTTT{insert}AGCGTAGCCGGTT,-7.462413219744091,0.9974325305988144
4,CTTTAGGTGGGT{insert}GCGATTGCCAGTT,-7.192982677440007,0.9863340882575738
4,GCCACCTTAACA{insert}CGCGATGATATTG,-8.048442687075848,0.9972326571333363
4,GCTATTACGAGC{insert}GCTTGGATCCCGT,-8.23761127211473,0.9992705125020428
4,TATGTTGTGCCT{insert}TACGCCTCGATTA,-7.996443088330949,0.9999189471851442
4,TTAACCGAACTG{insert}ACGGCCATCAAGG,-7.2047574303540785,0.9952904583446498
4,GGGTACATGCGC{insert}CTTACTCCTTGTG,-7.923672538797305,0.994875425967003
4,TTCTATTCTAAG{insert}CCGGCGGTCATAT,-8.554239582425474,0.9999299369441208
4,GCTTGATGCTTT{insert}ACAAGATCGCGTT,-7.724303109147678,0.9943896661634051
4,TCCAAGTTAGCT{insert}TACTCCATGCCCC,-7.033086808511838,0.9929501264753364
4,AGAACTATTTCC{insert}TGGCTGTTACGCG,-8.267338123362112,0.9994103131647313
4,TCGGTTTCAAGG{insert}ATGATCCGCGCTT,-7.47085773151688,0.9935818286540534
4,AGAGACTGCCCG{insert}ACACATCTTAGTG,-8.30545019093707,0.998064150849472
4,CTGTTAATTAGG{insert}CTCGGTCGGCCTA,-7.845068424439791,0.9993688630050148
4,AGGTAGTCCTAT{insert}GCGGGCTTTCTCT,-8.30277566329666,0.998800997787354
4,GGCTTGGACTAT{insert}AGTCATCGCGTTT,-7.99674644111278,0.9990870904262142
4,CACTGTTTAACA{insert}AGCCCGTCAGTAG,-7.076366469990598,0.9935598686448098
4,ACGTCGTATTAT{insert}ACCCGCCATGGAA,-7.232595083171132,0.9987842243751703
4,TGCTTAATTTAC{insert}GACCGATGCTGCG,-7.371368234038691,0.9950621637106798
4,TCCATAGATTTC{insert}TCCGTGAGTCTTT,-8.251010858006302,0.9975816660747174
4,GTGCCGCAGACA{insert}TTGCATACGATAT,-7.500617414582104,0.9941583183151854
4,GCAGGTCCTAAC{insert}CCGCAACCATTTA,-8.269692130146453,0.9927506221154883
4,TGCACCGTTCAT{insert}ATGTTATCGGGAC,-7.304619923822424,0.9965247466124596
4,AGAGACTTACAC{insert}CCGTAGACGTCGG,-7.728284702883808,0.9993127016076018
4,ATAAAAGAAACC{insert}CTCCGCATTGTGT,-8.171848862611142,0.99941745478818
4,GGTCCCATCCGA{insert}GCAGATTTGACTC,-8.07568476407864,0.9972950164147238
4,ATGAGCTGTCTC{insert}GAACCGAAGGCAC,-8.437782052461234,0.9994053145658335
4,TCGGGCGGTTCA{insert}ACTTACTGGTAGA,-7.0437458031062175,0.9835590808635049
4,GGGGAAATAACG{insert}GATGCGCTCTTGA,-8.622606160331948,0.9949599171119179
4,ACTTCTTCTCGG{insert}TCGCATGAGGCTG,-7.897067250120539,0.9982394284279411
4,GGATACATATAC{insert}GCTCGTCGGGACT,-8.144504295213867,0.9960491039550718
4,CCGGGAAGTGTC{insert}ATAACTTGAAGCG,-7.842293382459495,0.9949091812246349
4,CTCAGCCTGCCT{insert}CGCTTCTGATATT,-8.015672902693744,0.9885399366579724
4,AGGGCCAAGTCG{insert}ACCTAGATGGCTA,-7.14014624751246,0.9959670148507134
4,GGTAGGGCTACT{insert}GTTATCCTCCGTC,-7.278888874539939,0.9836120056159616
4,CGTACGGCTGGA{insert}GAGCTGTATGTGG,-8.3130539187102,0.999676164724721
4,ACAGGTTGTATT{insert}ACTTCGCGCCTTG,-7.742470054838927,0.9844609394154655
4,CTGGGCTCATTA{insert}CAAGTGTTGCATA,-7.339601892043035,0.9885883888190625
4,CTAAGTGGCGCC{insert}GATTGTTTGTCCA,-8.659732175220256,0.9932800516663831
4,GTATATTTTGCT{insert}CCCGGCGACGAGA,-7.404332780093238,0.9971844361331762
4,GCAATTTGCGCT{insert}TGTTCGGCATAGC,-8.068386313900998,0.9979855561313848
4,GAGTCGAATATC{insert}CACCACCGTATGG,-7.700525636288003,0.9096401494171542
4,TTGTGGTTTGGG{insert}TCCTCAGAGGAGA,-8.518792783841425,0.9997040495910349
4,GGTACCTAGTCT{insert}CGTAATCATAGGA,-8.216826117916014,0.9989957758589155
4,GCGGCATGATCT{insert}ACCTTAAAGCTTG,-7.65020634204094,0.9992689798712016
4,CCGGCGCAGAAG{insert}TTTGAACGAAAAG,-7.282026395740983,0.9992146494106575
4,ATGCACTATTTT{insert}ACGTATCCCGTGC,-7.822884546101594,0.9979315210858845
4,GATAGGGTGACT{insert}GCTTTCGCGTACA,-7.491536610786767,0.9955115325567448
4,TATCTGGTAGAC{insert}ATCTCGGCACAGA,-7.926203997195289,0.999439460374813
4,TCGGGGTGCAAT{insert}AATCACTAGTGCT,-7.958122077892526,0.9996764501309575
4,TAGTTCTGGCTA{insert}TACACACTTCGGG,-7.48511825481633,0.9986694402727518
4,GCATAGAGTTAC{insert}CCGATGGATTCGA,-7.531727486953276,0.998645120052102
4,GTTCATGGTACA{insert}GGCTTCTTTACGG,-8.055866478145617,0.9998835555979713
4,CGATCTCGGGCC{insert}TGGGTTTTGAGTA,-8.033402562690757,0.9992868757680213
4,ATTATTCGTGAC{insert}CCAACTCATCAGG,-7.4633863334512185,0.9912887308930761
4,CTGAATGGTGAA{insert}TAATGCGTTCGCC,-7.504537424212446,0.9996681965154016
4,GCTATTAGTTGC{insert}TACCCCAAGAATC,-8.134867323286244,0.9902755153012002
4,AGAAAGTCTTGG{insert}ATACACGGCCGGG,-8.087333215746122,0.9988697231651813
4,GTGTGTTCCTAT{insert}GCACAATTTCATA,-8.509127167431705,0.9998495949216333
4,TACATGGTAGGG{insert}GTCTCCGAACCGT,-7.540884811679344,0.9989843539205305
4,TAGGGATAACTT{insert}TCCTCCCACTTGG,-8.16584732517972,0.9997352783264163
4,TCTGGTGTCTCA{insert}CCCATGGGATGTC,-8.19412808042406,0.9967633956606408
4,TAACGATTTTCT{insert}CGCGGGAGTTTCG,-7.845906366684792,0.9973546568430982
4,CGAGCCTGGTTA{insert}GCGCCTACAAGAG,-7.970149592025738,0.954558838991288
4,CGTAGTAAGATA{insert}TGTAGTCCACGTC,-7.3842629811978355,0.9986343700657176
4,TGTTAGTTGCCC{insert}CATATCTTTACGC,-8.198880788897595,0.9986811908989098
4,GCTGGATTGTGA{insert}TTGTCCGGATCCG,-8.028547004898984,0.9993154144249274
4,GGGAGGACTGCG{insert}GTTCAGCTTACAA,-7.523348719815292,0.9966885969984629
4,GCGTAGGTCTAG{insert}TTCAGATTCTATA,-8.136332668843687,0.9993459698436109
4,GTCTACGTGGTT{insert}CTATACCATTCGG,-8.230140029045703,0.9987906208318466
4,AGGCTTTACTAC{insert}AATGCGTGGGCTC,-7.9220277764012454,0.9991649573313902
4,AGCTTGCTGTAT{insert}GGGTCATGTTCCT,-7.895555910854696,0.9970532539787721
4,TGCTCTAAAGAC{insert}GCGAGGACTACCT,-7.9282687392290665,0.9902721661957354
4,TGTACATGTCAT{insert}ACTCAAGGCTTTA,-7.5871504333751325,0.9993761021120271
4,TTGACATGTACG{insert}CCATTTGGGTCGC,-8.07856566218166,0.9905334596463788
4,GCAATTCAGTAC{insert}GATCGTGTAGCGG,-8.128799876424003,0.9981297989802758
4,CGCTGTCCAAAG{insert}GTTCTTCGTAACG,-7.424678938938348,0.9986754414098269
4,TTAGACGAGCAG{insert}GTTTCTTGCCTAT,-8.158987714729824,0.9997637991748991
4,TCGTTTGGAGCC{insert}GTTCACACATGAA,-6.9440373779492575,0.9889363201122254
4,CTGATCAACTTG{insert}CGCCCAGCGTTAT,-8.615888879781686,0.9990500682925101
5,TATGAGGACGAA{insert}TCTCCCGCTTATA,-8.374481089986894,0.9996509750658722
5,GGTCTTGACAAA{insert}CGTGTGCTTGTAC,-9.640356654127311,0.9999311083393054
5,GTTTATCGGGCG{insert}TGGTGCTCGCATA,-8.723466158442843,0.9997143308769747
5,CCGATGTTGACG{insert}GACTAATCCTGAC,-9.167295978357716,0.9999211792362376
5,TAGTAGTTCAGA{insert}CGCCGTTAAGCGC,-9.265270277217802,0.9958453717432073
5,CCGTACCTAGAT{insert}ACACTCAATTTGT,-8.900699242901513,0.9987454261324743
5,GGGGTTCCGTTT{insert}TACATTCCAGGAA,-8.73375961099977,0.9999606518963107
5,TATCCCGTGAAG{insert}CTTGAGTGGAATC,-9.417942276925423,0.9989936342504153
5,CTGACGTGTGAG{insert}GCGCTAGAGCATA,-9.562096463257099,0.999977166133046
5,GGTATGGCACGC{insert}CTAATCTGGACAC,-8.985623715421404,0.9995080805501975
5,GGATGCATGATC{insert}TAGGGCCTCGTCT,-9.255828529057208,0.999868669965945
5,GAGGTCTTTCAT{insert}GCGTATAGTCACA,-9.266782706630844,0.9998743958415326
5,GATTCAATATGT{insert}GTCGTCTATCCTC,-9.298751536697281,0.9999699003393908
5,GGTAACTGCGCA{insert}TAGTTGGCTCTAT,-8.815824819832521,0.9997347522683013
5,GCGTTTAAGGTC{insert}ACATCGCATGAAT,-9.638994383382068,0.9999912484852975
5,GCCCGGGAAGTG{insert}TGAGGATATACCC,-9.47730478217156,0.9999601288937163
5,GCTCTTAAAACT{insert}GGTATCACCTGAC,-8.959207497149002,0.9989817538257544
5,GGGTGGTTAGTG{insert}ATTTGCCCGTCAC,-9.017750670830905,0.9998396472572901
5,TAGTTGGTGGGT{insert}TTCCCTACCGTGT,-8.961110079837606,0.9999540075207001
5,GGTACAGTAAGT{insert}GAGAATCCTCTCT,-8.602184029225802,0.9988777374597206
5,GGTTCTAAGTTT{insert}AGCGTAGCCGGTT,-8.46651068343365,0.9998820612302131
5,CTTTAGGTGGGT{insert}GCGATTGCCAGTT,-8.98850715081839,0.9996173314646766
5,GCCACCTTAACA{insert}CGCGATGATATTG,-8.446685305783092,0.999619662291015
5,GCTATTACGAGC{insert}GCTTGGATCCCGT,-9.610653489974016,0.9999556672744567
5,TATGTTGTGCCT{insert}TACGCCTCGATTA,-8.855848545556785,0.9999475614512574
5,TTAACCGAACTG{insert}ACGGCCATCAAGG,-8.723761308004091,0.9999587349191128
5,GGGTACATGCGC{insert}CTTACTCCTTGTG,-8.904572358451224,0.9999402344593173
5,TTCTATTCTAAG{insert}CCGGCGGTCATAT,-9.4476564915952,0.9991775012722396
5,GCTTGATGCTTT{insert}ACAAGATCGCGTT,-8.739345725414163,0.999892034018938
5,TCCAAGTTAGCT{insert}TACTCCATGCCCC,-8.176019152987681,0.9993478684142689
5,AGAACTATTTCC{insert}TGGCTGTTACGCG,-9.020299592258267,0.9995333120200915
5,TCGGTTTCAAGG{insert}ATGATCCGCGCTT,-9.892470121695279,0.999975084113534
5,AGAGACTGCCCG{insert}ACACATCTTAGTG,-9.63889332196743,0.9999511075407245
5,CTGTTAATTAGG{insert}CTCGGTCGGCCTA,-8.892865421351257,0.9999300475222105
5,AGGTAGTCCTAT{insert}GCGGGCTTTCTCT,-9.357081456327606,0.9933295165305355
5,GGCTTGGACTAT{insert}AGTCATCGCGTTT,-9.213605426399239,0.9967615658050866
5,CACTGTTTAACA{insert}AGCCCGTCAGTAG,-8.729996284859894,0.9999714507419865
5,ACGTCGTATTAT{insert}ACCCGCCATGGAA,-8.079864402680377,0.999908376162048
5,TGCTTAATTTAC{insert}GACCGATGCTGCG,-9.436050810294306,0.9998516027794874
5,TCCATAGATTTC{insert}TCCGTGAGTCTTT,-8.610767201922329,0.9998712353450048
5,GTGCCGCAGACA{insert}TTGCATACGATAT,-8.728589528955325,0.9999108184790902
5,GCAGGTCCTAAC{insert}CCGCAACCATTTA,-9.643052232029119,0.999932248731063
5,TGCACCGTTCAT{insert}ATGTTATCGGGAC,-8.728987760765603,0.9999215002272737
5,AGAGACTTACAC{insert}CCGTAGACGTCGG,-9.522753796047356,0.9999694697523701
5,ATAAAAGAAACC{insert}CTCCGCATTGTGT,-9.201254866084636,0.9995617211069523
5,GGTCCCATCCGA{insert}GCAGATTTGACTC,-9.032570370396352,0.9997310550471925
5,ATGAGCTGTCTC{insert}GAACCGAAGGCAC,-9.657444344661906,0.9999852014401025
5,TCGGGCGGTTCA{insert}ACTTACTGGTAGA,-8.526229610196898,0.9998216273044884
5,GGGGAAATAACG{insert}GATGCGCTCTTGA,-9.389899325862638,0.9999209405321299
5,ACTTCTTCTCGG{insert}TCGCATGAGGCTG,-9.089674112387726,0.9998632563365125
5,GGATACATATAC{insert}GCTCGTCGGGACT,-9.083160673200403,0.9997854117113364
5,CCGGGAAGTGTC{insert}ATAACTTGAAGCG,-9.03129683555665,0.9991344321949118
5,CTCAGCCTGCCT{insert}CGCTTCTGATATT,-9.407779228192416,0.999973839391015
5,AGGGCCAAGTCG{insert}ACCTAGATGGCTA,-8.768214581578082,0.9995356805277906
5,GGTAGGGCTACT{insert}GTTATCCTCCGTC,-9.695292362018147,0.9999212412629069
5,CGTACGGCTGGA{insert}GAGCTGTATGTGG,-9.110990845282188,0.9935119784257778
5,ACAGGTTGTATT{insert}ACTTCGCGCCTTG,-8.718623102867047,0.9999252146614567
5,CTGGGCTCATTA{insert}CAAGTGTTGCATA,-8.485052292823907,0.9973420562707828
5,CTAAGTGGCGCC{insert}GATTGTTTGTCCA,-8.843961108128564,0.9993130224476641
5,GTATATTTTGCT{insert}CCCGGCGACGAGA,-9.400388711420042,0.9997414389735302
5,GCAATTTGCGCT{insert}TGTTCGGCATAGC,-9.109854480245556,0.9994784112194187
5,GAGTCGAATATC{insert}CACCACCGTATGG,-9.319060373816217,0.981646302691991
5,TTGTGGTTTGGG{insert}TCCTCAGAGGAGA,-9.283247528889797,0.9964443194974923
5,GGTACCTAGTCT{insert}CGTAATCATAGGA,-9.265097688919651,0.9977365646783696
5,GCGGCATGATCT{insert}ACCTTAAAGCTTG,-8.515726074748025,0.9993674478285277
5,CCGGCGCAGAAG{insert}TTTGAACGAAAAG,-9.199058725643027,0.9999677292123772
5,ATGCACTATTTT{insert}ACGTATCCCGTGC,-8.598544111953496,0.9999216670842768
5,GATAGGGTGACT{insert}GCTTTCGCGTACA,-9.129726313931991,0.9986267639014733
5,TATCTGGTAGAC{insert}ATCTCGGCACAGA,-9.207215939802861,0.9999448095764603
5,TCGGGGTGCAAT{insert}AATCACTAGTGCT,-8.484200677063217,0.9994686591912576
5,TAGTTCTGGCTA{insert}TACACACTTCGGG,-8.579960904907146,0.9996598227317206
5,GCATAGAGTTAC{insert}CCGATGGATTCGA,-9.074424747484759,0.9996417908138091
5,GTTCATGGTACA{insert}GGCTTCTTTACGG,-8.50456191011996,0.9953263183856591
5,CGATCTCGGGCC{insert}TGGGTTTTGAGTA,-9.161120383254211,0.9998782446624251
5,ATTATTCGTGAC{insert}CCAACTCATCAGG,-9.217987021973101,0.9999154167494799
5,CTGAATGGTGAA{insert}TAATGCGTTCGCC,-8.9068764345161,0.9999792914291303
5,GCTATTAGTTGC{insert}TACCCCAAGAATC,-9.481212324682337,0.9998930439432541
5,AGAAAGTCTTGG{insert}ATACACGGCCGGG,-9.736629391626805,0.9998236268255988
5,GTGTGTTCCTAT{insert}GCACAATTTCATA,-8.463034490068537,0.9972835755642373
5,TACATGGTAGGG{insert}GTCTCCGAACCGT,-8.96646543711342,0.9999297668237584
5,TAGGGATAACTT{insert}TCCTCCCACTTGG,-8.76608273410594,0.9998571377549623
5,TCTGGTGTCTCA{insert}CCCATGGGATGTC,-8.982289591932746,0.9988198541709447
5,TAACGATTTTCT{insert}CGCGGGAGTTTCG,-9.23305669692606,0.9999608409220009
5,CGAGCCTGGTTA{insert}GCGCCTACAAGAG,-8.74516417459531,0.9998062103973286
5,CGTAGTAAGATA{insert}TGTAGTCCACGTC,-9.075907881888279,0.9999441037558376
5,TGTTAGTTGCCC{insert}CATATCTTTACGC,-9.152439278032965,0.9998087648336551
5,GCTGGATTGTGA{insert}TTGTCCGGATCCG,-9.017693388760847,0.9997618139041953
5,GGGAGGACTGCG{insert}GTTCAGCTTACAA,-9.449788084260454,0.9997479289391268
5,GCGTAGGTCTAG{insert}TTCAGATTCTATA,-9.187043066537148,0.9996993052785474
5,GTCTACGTGGTT{insert}CTATACCATTCGG,-8.44927654222296,0.9992996642889991
5,AGGCTTTACTAC{insert}AATGCGTGGGCTC,-8.911295726816777,0.9997507729886064
5,AGCTTGCTGTAT{insert}GGGTCATGTTCCT,-8.67264159200764,0.9998492109147608
5,TGCTCTAAAGAC{insert}GCGAGGACTACCT,-8.701387199957578,0.993626911404446
5,TGTACATGTCAT{insert}ACTCAAGGCTTTA,-8.670566875667127,0.9998854931679855
5,TTGACATGTACG{insert}CCATTTGGGTCGC,-9.311275868490286,0.999871401221164
5,GCAATTCAGTAC{insert}GATCGTGTAGCGG,-8.676925220060008,0.9961370614599517
5,CGCTGTCCAAAG{insert}GTTCTTCGTAACG,-9.695561285227273,0.9999480623557613
5,TTAGACGAGCAG{insert}GTTTCTTGCCTAT,-9.40513733965169,0.9988812327992499
5,TCGTTTGGAGCC{insert}GTTCACACATGAA,-9.204799352606502,0.9994112379735023
5,CTGATCAACTTG{insert}CGCCCAGCGTTAT,-10.262987019459256,0.9990674604090242
6,TATGAGGACGAA{insert}TCTCCCGCTTATA,-10.367925212674276,0.9999164418680282
6,GGTCTTGACAAA{insert}CGTGTGCTTGTAC,-9.78544876553196,0.9996125098160544
6,GTTTATCGGGCG{insert}TGGTGCTCGCATA,-10.210371188869008,0.9999934886026964
6,CCGATGTTGACG{insert}GACTAATCCTGAC,-10.326572222534306,0.9848617099948749
6,TAGTAGTTCAGA{insert}CGCCGTTAAGCGC,-10.515850783596326,0.9999704439053346
6,CCGTACCTAGAT{insert}ACACTCAATTTGT,-10.029586816200636,0.9999500951177053
6,GGGGTTCCGTTT{insert}TACATTCCAGGAA,-9.534199600755832,0.9990937826699533
6,TATCCCGTGAAG{insert}CTTGAGTGGAATC,-10.074539510055004,0.9996847931101626
6,CTGACGTGTGAG{insert}GCGCTAGAGCATA,-10.458906496889242,0.9959502139328166
6,GGTATGGCACGC{insert}CTAATCTGGACAC,-10.7174964727862,0.999992491996013
6,GGATGCATGATC{insert}TAGGGCCTCGTCT,-10.029708072362004,0.999987082660875
6,GAGGTCTTTCAT{insert}GCGTATAGTCACA,-10.298183352317292,0.9999939082921373
6,GATTCAATATGT{insert}GTCGTCTATCCTC,-10.505112491180519,0.9999952404654799
6,GGTAACTGCGCA{insert}TAGTTGGCTCTAT,-10.011371663016154,0.999604115521873
6,GCGTTTAAGGTC{insert}ACATCGCATGAAT,-10.478787505717063,0.9999012315803055
6,GCCCGGGAAGTG{insert}TGAGGATATACCC,-9.985960091014897,0.9999903994455777
6,GCTCTTAAAACT{insert}GGTATCACCTGAC,-10.250560253454088,0.999923047054979
6,GGGTGGTTAGTG{insert}ATTTGCCCGTCAC,-10.616076217193918,0.9999666812508197
6,TAGTTGGTGGGT{insert}TTCCCTACCGTGT,-10.144102253697126,0.9999946643479594
6,GGTACAGTAAGT{insert}GAGAATCCTCTCT,-9.523083014747826,0.9998599529524473
6,GGTTCTAAGTTT{insert}AGCGTAGCCGGTT,-9.846610935676326,0.9999184398975907
6,CTTTAGGTGGGT{insert}GCGATTGCCAGTT,-11.029283077770494,0.9999387858514686
6,GCCACCTTAACA{insert}CGCGATGATATTG,-9.654522160568007,0.9999848607395057
6,GCTATTACGAGC{insert}GCTTGGATCCCGT,-11.206984898046542,0.9999493529656908
6,TATGTTGTGCCT{insert}TACGCCTCGATTA,-10.220540103525696,0.9999300179080405
6,TTAACCGAACTG{insert}ACGGCCATCAAGG,-9.716093909283968,0.9998212061550764
6,GGGTACATGCGC{insert}CTTACTCCTTGTG,-10.436676515676053,0.9999674004424617
6,TTCTATTCTAAG{insert}CCGGCGGTCATAT,-10.678824253603576,0.99999617919597
6,GCTTGATGCTTT{insert}ACAAGATCGCGTT,-10.150293345981966,0.9999917092418671
6,TCCAAGTTAGCT{insert}TACTCCATGCCCC,-9.554122123891753,0.9999520389315187
6,AGAACTATTTCC{insert}TGGCTGTTACGCG,-9.4907460392931,0.9991040658630209
6,TCGGTTTCAAGG{insert}ATGATCCGCGCTT,-9.85514325415316,0.9999791161194422
6,AGAGACTGCCCG{insert}ACACATCTTAGTG,-10.276722389362345,0.9999919075495056
6,CTGTTAATTAGG{insert}CTCGGTCGGCCTA,-10.533480082268435,0.9998966257175841
6,AGGTAGTCCTAT{insert}GCGGGCTTTCTCT,-8.974437063621727,0.9994687000884391
6,GGCTTGGACTAT{insert}AGTCATCGCGTTT,-9.26770784461459,0.999926995368351
6,CACTGTTTAACA{insert}AGCCCGTCAGTAG,-9.79850449628799,0.9996251711429407
6,ACGTCGTATTAT{insert}ACCCGCCATGGAA,-9.788350720513206,0.99971373833404
6,TGCTTAATTTAC{insert}GACCGATGCTGCG,-10.254795350462688,0.9999829702973114
6,TCCATAGATTTC{insert}TCCGTGAGTCTTT,-10.056938245174358,0.9999467546448912
6,GTGCCGCAGACA{insert}TTGCATACGATAT,-9.489055138421579,0.9999538301790241
6,GCAGGTCCTAAC{insert}CCGCAACCATTTA,-10.615773604735923,0.9999960250078481
6,TGCACCGTTCAT{insert}ATGTTATCGGGAC,-9.709545256999297,0.9999352852349135
6,AGAGACTTACAC{insert}CCGTAGACGTCGG,-9.95078690533249,0.9997258400231159
6,ATAAAAGAAACC{insert}CTCCGCATTGTGT,-11.005546734778717,0.9999826421598645
6,GGTCCCATCCGA{insert}GCAGATTTGACTC,-11.176999632185668,0.9999949201760587
6,ATGAGCTGTCTC{insert}GAACCGAAGGCAC,-10.545660128324643,0.9999939712538086
6,TCGGGCGGTTCA{insert}ACTTACTGGTAGA,-10.115231028698547,0.9999599306086734
6,GGGGAAATAACG{insert}GATGCGCTCTTGA,-10.29659792176488,0.9999924012596907
6,ACTTCTTCTCGG{insert}TCGCATGAGGCTG,-10.87306557502943,0.9999972224777769
6,GGATACATATAC{insert}GCTCGTCGGGACT,-10.474123299429653,0.9999622578990025
6,CCGGGAAGTGTC{insert}ATAACTTGAAGCG,-10.684623832966395,0.9999378488001386
6,CTCAGCCTGCCT{insert}CGCTTCTGATATT,-10.804897909355171,0.9999562671186546
6,AGGGCCAAGTCG{insert}ACCTAGATGGCTA,-10.41866212385977,0.9998254986351145
6,GGTAGGGCTACT{insert}GTTATCCTCCGTC,-10.16564644908543,0.9999914470886674
6,CGTACGGCTGGA{insert}GAGCTGTATGTGG,-10.245936222195342,0.9999538531911594
6,ACAGGTTGTATT{insert}ACTTCGCGCCTTG,-9.801200267461486,0.9998482291913753
6,CTGGGCTCATTA{insert}CAAGTGTTGCATA,-10.019314690441652,0.9999819756866974
6,CTAAGTGGCGCC{insert}GATTGTTTGTCCA,-10.825229196805445,0.9999972277592398
6,GTATATTTTGCT{insert}CCCGGCGACGAGA,-10.32119389169126,0.9999730742620905
6,GCAATTTGCGCT{insert}TGTTCGGCATAGC,-10.721520553112839,0.999993003239676
6,GAGTCGAATATC{insert}CACCACCGTATGG,-9.150671316456313,0.9999320779202266
6,TTGTGGTTTGGG{insert}TCCTCAGAGGAGA,-9.955458848381086,0.9999638559110329
6,GGTACCTAGTCT{insert}CGTAATCATAGGA,-9.699906705568125,0.9999914633728457
6,GCGGCATGATCT{insert}ACCTTAAAGCTTG,-9.54024123791786,0.9998276716472544
6,CCGGCGCAGAAG{insert}TTTGAACGAAAAG,-9.983808549851284,0.9954769303233013
6,ATGCACTATTTT{insert}ACGTATCCCGTGC,-8.609708462973407,0.9996381849044194
6,GATAGGGTGACT{insert}GCTTTCGCGTACA,-10.29786202375705,0.9999100301504984
6,TATCTGGTAGAC{insert}ATCTCGGCACAGA,-10.336233271690523,0.9999455604210655
6,TCGGGGTGCAAT{insert}AATCACTAGTGCT,-9.851375208407697,0.9999827723622245
6,TAGTTCTGGCTA{insert}TACACACTTCGGG,-9.604988306313954,0.9997912704023769
6,GCATAGAGTTAC{insert}CCGATGGATTCGA,-10.465669999969421,0.9999891286050017
6,GTTCATGGTACA{insert}GGCTTCTTTACGG,-10.718881153785144,0.9992268362133179
6,CGATCTCGGGCC{insert}TGGGTTTTGAGTA,-10.745640759914203,0.999960744845885
6,ATTATTCGTGAC{insert}CCAACTCATCAGG,-10.02133659202674,0.9998254746091219
6,CTGAATGGTGAA{insert}TAATGCGTTCGCC,-10.144184986522479,0.9967669736695846
6,GCTATTAGTTGC{insert}TACCCCAAGAATC,-10.426643401479618,0.9991804262169715
6,AGAAAGTCTTGG{insert}ATACACGGCCGGG,-10.141898383087698,0.9998151177602226
6,GTGTGTTCCTAT{insert}GCACAATTTCATA,-10.39116727641144,0.999990117192756
6,TACATGGTAGGG{insert}GTCTCCGAACCGT,-10.604928598712778,0.9999778991745842
6,TAGGGATAACTT{insert}TCCTCCCACTTGG,-10.362287320162329,0.999990357537626
6,TCTGGTGTCTCA{insert}CCCATGGGATGTC,-10.583052093367835,0.9999969193421496
6,TAACGATTTTCT{insert}CGCGGGAGTTTCG,-10.45902695871307,0.9998117936654354
6,CGAGCCTGGTTA{insert}GCGCCTACAAGAG,-10.584725307139315,0.9999955432839613
6,CGTAGTAAGATA{insert}TGTAGTCCACGTC,-9.400797855279803,0.9999290801031406
6,TGTTAGTTGCCC{insert}CATATCTTTACGC,-10.703206183013872,0.9999049289163809
6,GCTGGATTGTGA{insert}TTGTCCGGATCCG,-9.924792265475768,0.9999936883959619
6,GGGAGGACTGCG{insert}GTTCAGCTTACAA,-11.068208917643696,0.9999991415797489
6,GCGTAGGTCTAG{insert}TTCAGATTCTATA,-9.973661257534891,0.9997158886906312
6,GTCTACGTGGTT{insert}CTATACCATTCGG,-10.029954433655325,0.9999931692874163
6,AGGCTTTACTAC{insert}AATGCGTGGGCTC,-10.570588969557557,0.9997210929979197
6,AGCTTGCTGTAT{insert}GGGTCATGTTCCT,-10.342403419967452,0.9998550543186793
6,TGCTCTAAAGAC{insert}GCGAGGACTACCT,-9.85814251316711,0.9999919215790998
6,TGTACATGTCAT{insert}ACTCAAGGCTTTA,-10.054379643371938,0.9999918682961857
6,TTGACATGTACG{insert}CCATTTGGGTCGC,-10.875122335567491,0.9999512916912302
6,GCAATTCAGTAC{insert}GATCGTGTAGCGG,-11.069213847201265,0.9999938053648949
6,CGCTGTCCAAAG{insert}GTTCTTCGTAACG,-10.473160741326534,0.9984927654405168
6,TTAGACGAGCAG{insert}GTTTCTTGCCTAT,-10.189021378978216,0.9997557289354724
6,TCGTTTGGAGCC{insert}GTTCACACATGAA,-9.857126983839947,0.9966631573603488
6,CTGATCAACTTG{insert}CGCCCAGCGTTAT,-9.737827883925974,0.9999719026455759
7,TATGAGGACGAA{insert}TCTCCCGCTTATA,-10.95795082596729,0.9999747941595064
7,GGTCTTGACAAA{insert}CGTGTGCTTGTAC,-10.952727076416336,0.9999961978084144
7,GTTTATCGGGCG{insert}TGGTGCTCGCATA,-11.367730977744818,0.999994000115114
7,CCGATGTTGACG{insert}GACTAATCCTGAC,-11.770215359553966,0.9999976935066304
7,TAGTAGTTCAGA{insert}CGCCGTTAAGCGC,-10.591606871577412,0.9999963559547123
7,CCGTACCTAGAT{insert}ACACTCAATTTGT,-9.681628757513097,0.9999814919831553
7,GGGGTTCCGTTT{insert}TACATTCCAGGAA,-10.15897163642087,0.9999804344514054
7,TATCCCGTGAAG{insert}CTTGAGTGGAATC,-11.338474103194962,0.9999992691713988
7,CTGACGTGTGAG{insert}GCGCTAGAGCATA,-11.77514337825802,0.9999984781801424
7,GGTATGGCACGC{insert}CTAATCTGGACAC,-10.557913452814832,0.9956188711593139
7,GGATGCATGATC{insert}TAGGGCCTCGTCT,-10.683041367633423,0.9999960704338118
7,GAGGTCTTTCAT{insert}GCGTATAGTCACA,-10.08962317279907,0.999985965077625
7,GATTCAATATGT{insert}GTCGTCTATCCTC,-11.072606069340955,0.9999976694851286
7,GGTAACTGCGCA{insert}TAGTTGGCTCTAT,-11.211265672659001,0.9999983006834834
7,GCGTTTAAGGTC{insert}ACATCGCATGAAT,-11.461964204003532,0.9999994661437068
7,GCCCGGGAAGTG{insert}TGAGGATATACCC,-11.440835995545301,0.9999980389028615
7,GCTCTTAAAACT{insert}GGTATCACCTGAC,-10.933081799845949,0.998564289078697
7,GGGTGGTTAGTG{insert}ATTTGCCCGTCAC,-11.621466762613721,0.9999993282968747
7,TAGTTGGTGGGT{insert}TTCCCTACCGTGT,-11.418192820746384,0.9999978818119407
7,GGTACAGTAAGT{insert}GAGAATCCTCTCT,-10.431133761773394,0.9999444493713248
7,GGTTCTAAGTTT{insert}AGCGTAGCCGGTT,-10.959248061307012,0.9999937501935743
7,CTTTAGGTGGGT{insert}GCGATTGCCAGTT,-11.240655450699213,0.9999949273966563
7,GCCACCTTAACA{insert}CGCGATGATATTG,-10.268322629191868,0.9999940308256242
7,GCTATTACGAGC{insert}GCTTGGATCCCGT,-11.498588303812621,0.9999180565342826
7,TATGTTGTGCCT{insert}TACGCCTCGATTA,-10.39921225861866,0.9999911354464146
7,TTAACCGAACTG{insert}ACGGCCATCAAGG,-11.435829737984427,0.9999987275571822
7,GGGTACATGCGC{insert}CTTACTCCTTGTG,-12.151033887655123,0.9999992038196371
7,TTCTATTCTAAG{insert}CCGGCGGTCATAT,-11.007994661960126,0.9999987657866397
7,GCTTGATGCTTT{insert}ACAAGATCGCGTT,-10.710187472986279,0.9999946535316973
7,TCCAAGTTAGCT{insert}TACTCCATGCCCC,-9.789933731414092,0.999444133470731
7,AGAACTATTTCC{insert}TGGCTGTTACGCG,-10.73506370643207,0.9999857162193153
7,TCGGTTTCAAGG{insert}ATGATCCGCGCTT,-11.537995629329776,0.9999275274758647
7,AGAGACTGCCCG{insert}ACACATCTTAGTG,-11.786158443156795,0.9999987120757285
7,CTGTTAATTAGG{insert}CTCGGTCGGCCTA,-11.15241543759848,0.9999914466459656
7,AGGTAGTCCTAT{insert}GCGGGCTTTCTCT,-11.293073155094982,0.9999987502014769
7,GGCTTGGACTAT{insert}AGTCATCGCGTTT,-10.06464564076494,0.9999924588570255
7,CACTGTTTAACA{insert}AGCCCGTCAGTAG,-10.59208523887281,0.999992557681298
7,ACGTCGTATTAT{insert}ACCCGCCATGGAA,-9.729965063283974,0.9999763799731733
7,TGCTTAATTTAC{insert}GACCGATGCTGCG,-10.628388414254003,0.9999906431691515
7,TCCATAGATTTC{insert}TCCGTGAGTCTTT,-10.170818560364971,0.9999977094640424
7,GTGCCGCAGACA{insert}TTGCATACGATAT,-10.914729528373094,0.9999978871554125
7,GCAGGTCCTAAC{insert}CCGCAACCATTTA,-11.185680373713641,0.9999897687254589
7,TGCACCGTTCAT{insert}ATGTTATCGGGAC,-10.550988747714603,0.9999886245344434
7,AGAGACTTACAC{insert}CCGTAGACGTCGG,-11.464869851104888,0.9999987869786953
7,ATAAAAGAAACC{insert}CTCCGCATTGTGT,-11.818140469132725,0.9999990565353054
7,GGTCCCATCCGA{insert}GCAGATTTGACTC,-11.318007934119032,0.9999987479742891
7,ATGAGCTGTCTC{insert}GAACCGAAGGCAC,-11.30541471159515,0.9999984131834383
7,TCGGGCGGTTCA{insert}ACTTACTGGTAGA,-11.658683736687587,0.9999990092636933
7,GGGGAAATAACG{insert}GATGCGCTCTTGA,-12.009318460695011,0.9999993754720062
7,ACTTCTTCTCGG{insert}TCGCATGAGGCTG,-12.146209228766379,0.99999717886695
7,GGATACATATAC{insert}GCTCGTCGGGACT,-10.090305763946441,0.9999975140945482
7,CCGGGAAGTGTC{insert}ATAACTTGAAGCG,-10.614994866824114,0.9999793032658661
7,CTCAGCCTGCCT{insert}CGCTTCTGATATT,-10.994066308400999,0.9999958849753925
7,AGGGCCAAGTCG{insert}ACCTAGATGGCTA,-11.286247084345234,0.9999920532715083
7,GGTAGGGCTACT{insert}GTTATCCTCCGTC,-10.807260682644477,0.9999839170467382
7,CGTACGGCTGGA{insert}GAGCTGTATGTGG,-12.029880270349851,0.9999964599852412
7,ACAGGTTGTATT{insert}ACTTCGCGCCTTG,-9.741081609273403,0.9998732922571174
7,CTGGGCTCATTA{insert}CAAGTGTTGCATA,-10.682205221709316,0.9874000004274233
7,CTAAGTGGCGCC{insert}GATTGTTTGTCCA,-11.430126791677987,0.9999862366661132
7,GTATATTTTGCT{insert}CCCGGCGACGAGA,-11.840492376619183,0.9999995721075607
7,GCAATTTGCGCT{insert}TGTTCGGCATAGC,-11.949700665144004,0.9999995205629274
7,GAGTCGAATATC{insert}CACCACCGTATGG,-11.138239948948145,0.9999925431535396
7,TTGTGGTTTGGG{insert}TCCTCAGAGGAGA,-10.95322753430944,0.9999424146670064
7,GGTACCTAGTCT{insert}CGTAATCATAGGA,-11.522660630058166,0.9999943838100009
7,GCGGCATGATCT{insert}ACCTTAAAGCTTG,-10.344959247217707,0.9999903867728686
7,CCGGCGCAGAAG{insert}TTTGAACGAAAAG,-11.111314907393927,0.9999964251005212
7,ATGCACTATTTT{insert}ACGTATCCCGTGC,-9.598453156837644,0.9999818081895794
7,GATAGGGTGACT{insert}GCTTTCGCGTACA,-11.694650523253648,0.9999957167605034
7,TATCTGGTAGAC{insert}ATCTCGGCACAGA,-10.980390150362958,0.9999982345436814
7,TCGGGGTGCAAT{insert}AATCACTAGTGCT,-11.27374708248435,0.9999978335865866
7,TAGTTCTGGCTA{insert}TACACACTTCGGG,-10.383242635885047,0.9999929792806125
7,GCATAGAGTTAC{insert}CCGATGGATTCGA,-10.628404993024544,0.9999974207158986
7,GTTCATGGTACA{insert}GGCTTCTTTACGG,-10.659591772199505,0.9999967039407329
7,CGATCTCGGGCC{insert}TGGGTTTTGAGTA,-12.009255550210055,0.9999996107654461
7,ATTATTCGTGAC{insert}CCAACTCATCAGG,-10.504174465484697,0.999962794171112
7,CTGAATGGTGAA{insert}TAATGCGTTCGCC,-11.160652693058902,0.9999981165111587
7,GCTATTAGTTGC{insert}TACCCCAAGAATC,-10.758200502433334,0.9999931507548545
7,AGAAAGTCTTGG{insert}ATACACGGCCGGG,-10.589067821720349,0.9999951402977765
7,GTGTGTTCCTAT{insert}GCACAATTTCATA,-11.116808600486879,0.9999891409098343
7,TACATGGTAGGG{insert}GTCTCCGAACCGT,-11.063012508731145,0.9999886585922264
7,TAGGGATAACTT{insert}TCCTCCCACTTGG,-11.565272726726693,0.9999993333935165
7,TCTGGTGTCTCA{insert}CCCATGGGATGTC,-11.837416788191529,0.9999968668750103
7,TAACGATTTTCT{insert}CGCGGGAGTTTCG,-10.477412131135814,0.9999852580237166
7,CGAGCCTGGTTA{insert}GCGCCTACAAGAG,-11.538578932602558,0.9999992281144655
7,CGTAGTAAGATA{insert}TGTAGTCCACGTC,-9.837476762839662,0.9999842308064485
7,TGTTAGTTGCCC{insert}CATATCTTTACGC,-11.01347449917491,0.9999990079686014
7,GCTGGATTGTGA{insert}TTGTCCGGATCCG,-11.099807789471267,0.999964451322829
7,GGGAGGACTGCG{insert}GTTCAGCTTACAA,-12.27977524267221,0.999999857177742
7,GCGTAGGTCTAG{insert}TTCAGATTCTATA,-10.260420489558104,0.9999833414904606
7,GTCTACGTGGTT{insert}CTATACCATTCGG,-10.974949276466218,0.9998824439941943
7,AGGCTTTACTAC{insert}AATGCGTGGGCTC,-10.73389841741298,0.9999053959224271
7,AGCTTGCTGTAT{insert}GGGTCATGTTCCT,-10.553620384532888,0.999000968994411
7,TGCTCTAAAGAC{insert}GCGAGGACTACCT,-11.283786994978975,0.9999966237055702
7,TGTACATGTCAT{insert}ACTCAAGGCTTTA,-11.030432189580896,0.9999977144529394
7,TTGACATGTACG{insert}CCATTTGGGTCGC,-11.752045882014682,0.9999995769719561
7,GCAATTCAGTAC{insert}GATCGTGTAGCGG,-11.849340596988785,0.9999956146945417
7,CGCTGTCCAAAG{insert}GTTCTTCGTAACG,-11.105427252151772,0.9999976168380862
7,TTAGACGAGCAG{insert}GTTTCTTGCCTAT,-11.457036449667,0.9999934882978216
7,TCGTTTGGAGCC{insert}GTTCACACATGAA,-11.57408458528508,0.9999956319745233
7,CTGATCAACTTG{insert}CGCCCAGCGTTAT,-11.549094885995101,0.990541552750655
8,TATGAGGACGAA{insert}TCTCCCGCTTATA,-11.650516048509816,0.9999990114214885
8,GGTCTTGACAAA{insert}CGTGTGCTTGTAC,-11.99976578483639,0.9999994407649326
8,GTTTATCGGGCG{insert}TGGTGCTCGCATA,-12.785416045027501,0.9999996907789199
8,CCGATGTTGACG{insert}GACTAATCCTGAC,-12.401593670284564,0.9999990333468359
8,TAGTAGTTCAGA{insert}CGCCGTTAAGCGC,-12.263618692691189,0.9999994716405275
8,CCGTACCTAGAT{insert}ACACTCAATTTGT,-11.35065730847896,0.9999993502857162
8,GGGGTTCCGTTT{insert}TACATTCCAGGAA,-11.51669336625625,0.9999997784000993
8,TATCCCGTGAAG{insert}CTTGAGTGGAATC,-12.48564784325412,0.9999448383822638
8,CTGACGTGTGAG{insert}GCGCTAGAGCATA,-12.278112573622797,0.9999973385165931
8,GGTATGGCACGC{insert}CTAATCTGGACAC,-11.78436931330664,0.9999968111308526
8,GGATGCATGATC{insert}TAGGGCCTCGTCT,-12.1672750934438,0.9999958799106848
8,GAGGTCTTTCAT{insert}GCGTATAGTCACA,-12.360193077179034,0.9999995340754098
8,GATTCAATATGT{insert}GTCGTCTATCCTC,-10.976783116725121,0.9999988668049474
8,GGTAACTGCGCA{insert}TAGTTGGCTCTAT,-11.635397593650106,0.9999987038883026
8,GCGTTTAAGGTC{insert}ACATCGCATGAAT,-13.090980935541886,0.9999999537407942
8,GCCCGGGAAGTG{insert}TGAGGATATACCC,-12.85240382747194,0.9999997995922674
8,GCTCTTAAAACT{insert}GGTATCACCTGAC,-12.232187801492834,0.9999998155411718
8,GGGTGGTTAGTG{insert}ATTTGCCCGTCAC,-12.180048496263916,0.9999997377384781
8,TAGTTGGTGGGT{insert}TTCCCTACCGTGT,-12.354491959244717,0.9999996476766005
8,GGTACAGTAAGT{insert}GAGAATCCTCTCT,-11.96850070973057,0.9999995028893705
8,GGTTCTAAGTTT{insert}AGCGTAGCCGGTT,-11.799479251894152,0.9999983990628949
8,CTTTAGGTGGGT{insert}GCGATTGCCAGTT,-12.021988429599666,0.9999941319877217
8,GCCACCTTAACA{insert}CGCGATGATATTG,-11.43603771166798,0.9999994108326948
8,GCTATTACGAGC{insert}GCTTGGATCCCGT,-13.259743049768938,0.9999991696245822
8,TATGTTGTGCCT{insert}TACGCCTCGATTA,-11.763138281376053,0.9999987232759251
8,TTAACCGAACTG{insert}ACGGCCATCAAGG,-11.974311944784725,0.9999997482468557
8,GGGTACATGCGC{insert}CTTACTCCTTGTG,-12.632542480342352,0.9999998821474683
8,TTCTATTCTAAG{insert}CCGGCGGTCATAT,-11.034982723013728,0.9999500930180494
8,GCTTGATGCTTT{insert}ACAAGATCGCGTT,-10.507604246218218,0.9999850081494216
8,TCCAAGTTAGCT{insert}TACTCCATGCCCC,-11.712366068870102,0.9999983163030879
8,AGAACTATTTCC{insert}TGGCTGTTACGCG,-13.096507901009392,0.9999997049668625
8,TCGGTTTCAAGG{insert}ATGATCCGCGCTT,-12.023152147836267,0.9999983462663782
8,AGAGACTGCCCG{insert}ACACATCTTAGTG,-11.855300739805712,0.9999983020527977
8,CTGTTAATTAGG{insert}CTCGGTCGGCCTA,-12.277011857305292,0.9999996957311708
8,AGGTAGTCCTAT{insert}GCGGGCTTTCTCT,-12.12532843935136,0.9999997855173148
8,GGCTTGGACTAT{insert}AGTCATCGCGTTT,-11.380428937168206,0.9999957989268137
8,CACTGTTTAACA{insert}AGCCCGTCAGTAG,-11.54557710340618,0.9999988464210139
8,ACGTCGTATTAT{insert}ACCCGCCATGGAA,-10.173583485981963,0.9999935651381864
8,TGCTTAATTTAC{insert}GACCGATGCTGCG,-11.901580280501879,0.9999995016199896
8,TCCATAGATTTC{insert}TCCGTGAGTCTTT,-11.868227356121649,0.9999990078920273
8,GTGCCGCAGACA{insert}TTGCATACGATAT,-11.802591234157179,0.9999989334798471
8,GCAGGTCCTAAC{insert}CCGCAACCATTTA,-12.842401361907678,0.9999947777855585
8,TGCACCGTTCAT{insert}ATGTTATCGGGAC,-11.478849168644391,0.9999658298492444
8,AGAGACTTACAC{insert}CCGTAGACGTCGG,-12.240844560740387,0.999995988317959
8,ATAAAAGAAACC{insert}CTCCGCATTGTGT,-12.800127677855132,0.9999965809333
8,GGTCCCATCCGA{insert}GCAGATTTGACTC,-12.212222643026324,0.9999999212792858
8,ATGAGCTGTCTC{insert}GAACCGAAGGCAC,-12.175985778272562,0.9999996164708201
8,TCGGGCGGTTCA{insert}ACTTACTGGTAGA,-12.035302391732168,0.9999988567046335
8,GGGGAAATAACG{insert}GATGCGCTCTTGA,-12.839606025008957,0.9999999525935067
8,ACTTCTTCTCGG{insert}TCGCATGAGGCTG,-12.562312341387932,0.9999995524315743
8,GGATACATATAC{insert}GCTCGTCGGGACT,-11.821624648605473,0.9999995512786475
8,CCGGGAAGTGTC{insert}ATAACTTGAAGCG,-11.527313032270241,0.9999984423128365
8,CTCAGCCTGCCT{insert}CGCTTCTGATATT,-11.648697603828923,0.9999972204524457
8,AGGGCCAAGTCG{insert}ACCTAGATGGCTA,-12.035455166479741,0.9999989992200005
8,GGTAGGGCTACT{insert}GTTATCCTCCGTC,-10.499330813496837,0.9999845619366573
8,CGTACGGCTGGA{insert}GAGCTGTATGTGG,-12.93822565722523,0.999999684879702
8,ACAGGTTGTATT{insert}ACTTCGCGCCTTG,-10.341223343794043,0.9999943132956833
8,CTGGGCTCATTA{insert}CAAGTGTTGCATA,-11.99797408035594,0.9999993568526637
8,CTAAGTGGCGCC{insert}GATTGTTTGTCCA,-12.685196433244698,0.9999979682127701
8,GTATATTTTGCT{insert}CCCGGCGACGAGA,-12.479386501603802,0.9999976196343184
8,GCAATTTGCGCT{insert}TGTTCGGCATAGC,-11.522939328604647,0.999999600961738
8,GAGTCGAATATC{insert}CACCACCGTATGG,-11.58470787109506,0.9999992093846295
8,TTGTGGTTTGGG{insert}TCCTCAGAGGAGA,-11.914300624001159,0.9999996273822465
8,GGTACCTAGTCT{insert}CGTAATCATAGGA,-11.650622800850305,0.999999503758152
8,GCGGCATGATCT{insert}ACCTTAAAGCTTG,-10.908197463304864,0.9999810121057795
8,CCGGCGCAGAAG{insert}TTTGAACGAAAAG,-11.004252462077009,0.9999956732128406
8,ATGCACTATTTT{insert}ACGTATCCCGTGC,-11.545479546252396,0.9999990369392107
8,GATAGGGTGACT{insert}GCTTTCGCGTACA,-12.437994839954762,0.9999969261004586
8,TATCTGGTAGAC{insert}ATCTCGGCACAGA,-11.953610234141804,0.9999977459691721
8,TCGGGGTGCAAT{insert}AATCACTAGTGCT,-11.330358328249902,0.9999993566358157
8,TAGTTCTGGCTA{insert}TACACACTTCGGG,-12.056864384298917,0.9999997721613528
8,GCATAGAGTTAC{insert}CCGATGGATTCGA,-11.549835128553916,0.999990654320771
8,GTTCATGGTACA{insert}GGCTTCTTTACGG,-12.336070010608042,0.999999577264207
8,CGATCTCGGGCC{insert}TGGGTTTTGAGTA,-12.498504065649907,0.9999992283509276
8,ATTATTCGTGAC{insert}CCAACTCATCAGG,-12.920449600617538,0.9999998066694942
8,CTGAATGGTGAA{insert}TAATGCGTTCGCC,-11.902895514193863,0.9999995361443201
8,GCTATTAGTTGC{insert}TACCCCAAGAATC,-12.21750694507479,0.999999641075854
8,AGAAAGTCTTGG{insert}ATACACGGCCGGG,-11.433637568354717,0.999940191445541
8,GTGTGTTCCTAT{insert}GCACAATTTCATA,-12.5069835472827,0.9999585334769691
8,TACATGGTAGGG{insert}GTCTCCGAACCGT,-13.36495455658905,0.9999998372835492
8,TAGGGATAACTT{insert}TCCTCCCACTTGG,-12.503358037282203,0.9999995420867549
8,TCTGGTGTCTCA{insert}CCCATGGGATGTC,-12.188737172274632,0.9999992812088574
8,TAACGATTTTCT{insert}CGCGGGAGTTTCG,-12.151057051633058,0.9999998021123345
8,CGAGCCTGGTTA{insert}GCGCCTACAAGAG,-12.817156170501509,0.9999991733880975
8,CGTAGTAAGATA{insert}TGTAGTCCACGTC,-10.503997575406617,0.999957068256496
8,TGTTAGTTGCCC{insert}CATATCTTTACGC,-13.226004529315194,0.9999993407959313
8,GCTGGATTGTGA{insert}TTGTCCGGATCCG,-12.275600008496527,0.9999919554299199
8,GGGAGGACTGCG{insert}GTTCAGCTTACAA,-12.584469725773577,0.999999037187173
8,GCGTAGGTCTAG{insert}TTCAGATTCTATA,-11.920250721692229,0.9999991469559716
8,GTCTACGTGGTT{insert}CTATACCATTCGG,-11.002303756741842,0.9996747097448209
8,AGGCTTTACTAC{insert}AATGCGTGGGCTC,-11.977436099802066,0.9999988180027233
8,AGCTTGCTGTAT{insert}GGGTCATGTTCCT,-11.788137933156866,0.9999920025280185
8,TGCTCTAAAGAC{insert}GCGAGGACTACCT,-12.763025731801866,0.9999997073654643
8,TGTACATGTCAT{insert}ACTCAAGGCTTTA,-12.430221420648758,0.999999890667999
8,TTGACATGTACG{insert}CCATTTGGGTCGC,-13.086031707821466,0.999999769294251
8,GCAATTCAGTAC{insert}GATCGTGTAGCGG,-13.089431796726272,0.9999998371175483
8,CGCTGTCCAAAG{insert}GTTCTTCGTAACG,-10.997305122047004,0.9999968893657833
8,TTAGACGAGCAG{insert}GTTTCTTGCCTAT,-12.925880853758873,0.9999998595540507
8,TCGTTTGGAGCC{insert}GTTCACACATGAA,-12.598319955631393,0.999999374225049
8,CTGATCAACTTG{insert}CGCCCAGCGTTAT,-12.718298495387032,0.9999998167652612
