edit,site,log2FC
GTCAG,EMX1,0.214788102592468
GCTGC,EMX1,0.0649902729705776
GGGGG,EMX1,-3.10187129815832
GCCCC,EMX1,-0.573816105546795
GTGGG,EMX1,-3.360862734201
GCCCG,EMX1,0.226580796512136
GGCGG,EMX1,-3.03172504776604
GCGGG,EMX1,-3.17760910171855
GGAGG,EMX1,-3.20652195446779
GGGCG,EMX1,-0.517497536942376
GGGAG,EMX1,-1.81521586595733
GGTGG,EMX1,-3.27284774333271
TGGGG,EMX1,-2.7133506221091
GTAAG,EMX1,-0.591987667329587
AGGGG,EMX1,-3.01439249576362
GGCAG,EMX1,1.71951198034141
GCCCA,EMX1,0.351761261222993
GGGGC,EMX1,-2.46130572148701
GGGGA,EMX1,-1.65333415769341
GGGTG,EMX1,-1.43411503578282
GGGGT,EMX1,-1.28636608348044
GAGGG,EMX1,-3.9938075933878
GCCAC,EMX1,0.198074795066921
ACACA,EMX1,0.876330390499657
ACACG,EMX1,1.33295387616543
ACAAA,EMX1,0.399548573011417
GGCCG,EMX1,0.762949193214604
CCCCC,EMX1,-1.61244179923069
ACGGG,EMX1,-2.85472967339405
GTGTG,EMX1,-1.87729582961179
GCCGC,EMX1,0.0484363230745064
CCCCA,EMX1,0.514063034549682
GGCGC,EMX1,-0.534188368564367
TCCCC,EMX1,-0.732400637294223
ACAAC,EMX1,0.0657827118792955
GCTTG,EMX1,1.078482232923
ACCCC,EMX1,-0.907890449457659
GGTGT,EMX1,0.687448555679813
TCCCG,EMX1,0.218930063764304
GCTCG,EMX1,0.127290355044812
GGACG,EMX1,0.463922295367142
TCCCA,EMX1,0.797426182313604
GTGCG,EMX1,-0.033162648142909
ACCAC,EMX1,0.647497351255439
ACGCC,EMX1,-0.423879022659678
AACCA,EMX1,0.528839799607223
TTTTT,EMX1,0.399883572595517
GCGCC,EMX1,-0.533987893032343
GGTCG,EMX1,0.270021469480612
ACTCA,EMX1,0.889207635146894
GGCCC,EMX1,-0.503057404217843
GGTTG,EMX1,0.484498631267511
GTTTG,EMX1,0.65963926765361
CACAA,EMX1,1.17199999187224
CCCCG,EMX1,0.342992474626456
GGAGT,EMX1,0.612744900798438
ACAGA,EMX1,-0.608747714237559
ACGCA,EMX1,0.484798142592634
GCCAA,EMX1,0.745221586015122
AACCC,EMX1,-0.406902146500631
GCACG,EMX1,1.06811939835372
ACTCG,EMX1,1.42608919699822
GGATG,EMX1,0.851924888917363
ACAAG,EMX1,-0.281176902959912
CCCAC,EMX1,0.231720963558418
GTTGG,EMX1,-3.79523845071533
GCTCC,EMX1,0.0715091509725401
ACCCA,EMX1,0.504398986119163
GGAAG,EMX1,-0.736349520937656
GGCCA,EMX1,0.313710354353269
ACATA,EMX1,1.06314641388839
GACCG,EMX1,0.418539576978542
GCGCA,EMX1,0.144394686635263
GTTCG,EMX1,1.00295833684143
GGTAG,EMX1,-0.378989228273511
GCTTT,EMX1,1.05703098731972
GGCGT,EMX1,0.358377933523055
ACACC,EMX1,-0.120910069928499
AACAA,EMX1,-1.90128458732154
GTCGG,EMX1,-1.97477602139832
GCAAG,EMX1,-0.241145874229693
GCGCG,EMX1,-0.259152694160358
TCCAC,EMX1,0.658242391134781
GCAAA,EMX1,0.382962003693203
GTTGC,EMX1,-0.0974756681171396
GCGTG,EMX1,-1.81302838777855
TTTTG,EMX1,0.429271936346032
AAACG,EMX1,-2.56981211493378
TGTGG,EMX1,-2.25087655926716
GGGCC,EMX1,-1.9268310844211
GACCC,EMX1,-0.209466265651576
TCCAA,EMX1,0.927895427959367
GAAAG,EMX1,-1.55076636961492
GCGAC,EMX1,0.220073753886112
GCGAG,EMX1,-2.496368542816
GTCGC,EMX1,-0.44516355189471
CACCA,EMX1,0.750669939926288
GACGG,EMX1,-2.98784277183646
AACCG,EMX1,-0.102217985403318
GGCTG,EMX1,-0.73673295426325
AACGA,EMX1,-1.33715624768392
GTTGT,EMX1,0.743981663817815
GTTTT,EMX1,0.426218799048545
TCGGG,EMX1,-2.63034810968634
TGCCA,EMX1,0.792828915865105
ACGAC,EMX1,0.793314972125305
TGCGT,EMX1,0.605334657025097
GACAG,EMX1,0.11439645457844
GAGAG,EMX1,-2.36359506415827
GTCCA,EMX1,0.784465958931895
GCACA,EMX1,0.816044828096974
GAAGG,EMX1,-3.59018452298331
ACGTT,EMX1,0.793830820772698
ACTCC,EMX1,0.234919327089056
ACCCG,EMX1,0.28643554542886
ACTAA,EMX1,0.299680467600275
ATCCA,EMX1,1.07401592459267
GCGGA,EMX1,-1.87839598151163
GTGTT,EMX1,0.851020917944023
ACTTT,EMX1,0.988043333784065
GCTCA,EMX1,0.481671324953679
CACGA,EMX1,0.816703434453062
GTGGA,EMX1,-1.72490712941641
CCCGC,EMX1,-0.339892206781515
GACAA,EMX1,0.321174571436867
GTAGG,EMX1,-4.20508433662908
GGCGA,EMX1,-0.355267718939903
TGTGT,EMX1,0.497653583486368
GGTGA,EMX1,0.180194265083129
GGAGC,EMX1,-0.0988198933617053
ACTTG,EMX1,1.16724061471003
ATCCC,EMX1,0.0903855230440076
GCTGT,EMX1,0.874912239967086
CCCAA,EMX1,0.969953083006557
CCACG,EMX1,1.14041866644547
CACCC,EMX1,-0.559100150546797
AACAG,EMX1,-2.57856353931199
GTGCC,EMX1,-0.654416213882218
TCACG,EMX1,0.951274183777945
TTTCG,EMX1,0.99251443997264
ACAGC,EMX1,-0.381659320568268
TGCCC,EMX1,-0.456769547879391
GTGCA,EMX1,0.176057853888404
TCTCG,EMX1,1.20245500787535
ACATG,EMX1,0.34060563784921
CGGGG,EMX1,-2.58337218269626
TGCCG,EMX1,0.895473904241745
GGAGA,EMX1,0.222224743945455
TGCGG,EMX1,-2.833585218479
AGGAG,EMX1,-1.81017386619021
GACGC,EMX1,0.0296884036528944
GCCAG,EMX1,0.617036447074135
GTTAG,EMX1,-0.190473444348878
TTGGG,EMX1,-2.88397364053287
GGGAC,EMX1,-0.68509445799741
GCATG,EMX1,0.625504755963032
ACAAT,EMX1,0.882366801270001
AACGC,EMX1,-0.312081817842358
GCAAC,EMX1,0.0293648140243956
AACGG,EMX1,-4.58716665752676
AAGGG,EMX1,-6.1893313661434
GATAG,EMX1,-1.01937949664281
AGACG,EMX1,0.0179552749055265
GCCTC,EMX1,0.115538729932538
TACAA,EMX1,0.488229080844881
AATCG,EMX1,-0.0881303111649263
GCCGA,EMX1,0.182316554546071
AGCCA,EMX1,0.821178283488324
GGGTC,EMX1,-0.91144006899844
TTGTG,EMX1,-1.54693996357456
GCAGC,EMX1,-0.0336267481568786
GTGTA,EMX1,0.704778593314737
GGGTA,EMX1,0.0469460588226571
GCGTT,EMX1,0.83828945475922
GTCCG,EMX1,-0.229981178958264
CCCGA,EMX1,0.361128516579646
TGGGT,EMX1,-2.58413086126736
GTACG,EMX1,0.581289501581757
ACGCG,EMX1,-0.0036578549115162
CACGC,EMX1,0.277561987649927
ATGGG,EMX1,-3.80737786037682
TTTGT,EMX1,0.625826479809426
ATTTT,EMX1,0.58951434116234
ACGTG,EMX1,-1.33228923685352
CCACA,EMX1,0.840225905404619
AAAGG,EMX1,-6.39392400857697
GAGTG,EMX1,-1.66659732733414
ATCAA,EMX1,1.07081373740677
ATCGA,EMX1,0.470320266872418
CACAC,EMX1,0.678230219575855
ATTTG,EMX1,0.239655673366558
GTGAG,EMX1,-2.01280393149782
CAACA,EMX1,0.829898112167843
ATACG,EMX1,0.20479546354481
GGCAA,EMX1,0.346147829662209
AGAGG,EMX1,-4.10137833658581
TACCC,EMX1,-0.93443633601315
AGCCG,EMX1,1.00373895560046
GGGAA,EMX1,-0.280537856877272
TCTTG,EMX1,0.803743329011525
ACAGG,EMX1,-2.64294935875292
ATTCG,EMX1,0.999721378954476
ATACA,EMX1,0.387584718754638
ACGTA,EMX1,0.950158141725563
ACCAA,EMX1,1.26535795519811
AAACA,EMX1,-2.87270046372637
AGCGG,EMX1,-3.03205499940463
TTGTT,EMX1,0.304980318657867
GACCA,EMX1,0.633697634262594
AAACC,EMX1,-1.78157658761681
TACCG,EMX1,0.374097548923004
GCTAA,EMX1,0.400551516436501
GCTTA,EMX1,0.683821059778969
GTCGA,EMX1,0.541730071696366
TACCA,EMX1,1.01638886325349
GATGG,EMX1,-3.8603580773201
GCTTC,EMX1,0.715719143789315
TCGCC,EMX1,-0.534302979352638
GCCCT,EMX1,0.301703466494153
ACTTA,EMX1,0.739516653181225
TGTTG,EMX1,0.230606502705438
GTCCC,EMX1,-0.62196465271434
CAACG,EMX1,0.960571262910616
GTTGA,EMX1,0.202702657359067
ATCGC,EMX1,0.0128426618294366
GACGT,EMX1,0.951306908172556
GTGTC,EMX1,-0.216352374419852
ACGGA,EMX1,-1.89582186217801
CAGAC,EMX1,0.142605751645542
GCACC,EMX1,-0.242957105964335
TCCGC,EMX1,-0.412935752493588
TCCCT,EMX1,0.500206274423627
CGCCG,EMX1,0.994549010903112
GCAGA,EMX1,0.129714484523282
GCAGG,EMX1,-3.60002713591705
ACTTC,EMX1,0.610723772399812
GGGCT,EMX1,-2.37440346002189
GATTG,EMX1,0.128162697682988
GGCCT,EMX1,0.586524248041014
AGCCC,EMX1,-0.621910595772482
CACAG,EMX1,0.571681944385718
CACCG,EMX1,1.0046498185634
GAGCG,EMX1,-0.0443462863365376
CAAAC,EMX1,0.363789248312402
GTGCT,EMX1,-0.193515820339623
GCTCT,EMX1,0.671663184397504
GGGTT,EMX1,-0.117014084944765
GATCG,EMX1,0.574064714159856
TGCGA,EMX1,-0.147197658106357
AGTGT,EMX1,1.35376461938129
ATGTG,EMX1,-1.78760971811608
ATTGT,EMX1,0.643597447635718
CCCTC,EMX1,0.273709133465314
AGCAG,EMX1,-0.382872349761239
AGTTG,EMX1,-0.0581872732129138
AAATG,EMX1,-5.78238557679578
GCTGG,EMX1,-3.50072735067834
GGGCA,EMX1,-1.13629307903603
TCTTT,EMX1,0.594008759618053
GCCGT,EMX1,0.618541345190019
ACTAT,EMX1,0.68852020785544
TCAAC,EMX1,0.198529781185359
ACATC,EMX1,0.547499264735002
AGGCG,EMX1,-0.824717429274219
ATCCG,EMX1,-0.520701357788466
GTCAC,EMX1,0.137216756690577
CGCCC,EMX1,-0.469330390066379
TCCAT,EMX1,1.27997620384149
GGCTC,EMX1,-0.54874556847273
GTATG,EMX1,0.429512438669613
GTGGT,EMX1,0.22180510708473
GGATA,EMX1,0.600823183138372
TGGGA,EMX1,-3.09120921888292
TTTGG,EMX1,-2.59553048729945
GGGAT,EMX1,-0.539607080602142
TCAAA,EMX1,0.497855599475498
ACTAG,EMX1,0.189257195281154
ATCAG,EMX1,-0.606620415537
ACATT,EMX1,0.927170631608286
ATAAG,EMX1,-1.27573223171104
CCAAC,EMX1,0.468234973592958
ATCGG,EMX1,-2.78552401307506
AAATA,EMX1,-5.6910836889035
CGCGA,EMX1,-0.347648597932105
GGTAT,EMX1,0.438525627270399
GCTAG,EMX1,0.240506143916996
GCGAT,EMX1,0.404187654626957
ATGCC,EMX1,-0.25073819122972
TGGAG,EMX1,-1.81783819033995
TGACG,EMX1,-0.107095342999797
TGAGG,EMX1,-2.99899436496049
TGTCG,EMX1,-0.235157482542045
ATTAG,EMX1,-0.978834936785738
GTAGA,EMX1,-0.0098898601087356
AGCGA,EMX1,0.544509350303919
CCGCC,EMX1,-0.241737513830259
TGCAG,EMX1,-0.325488181687756
GTAAA,EMX1,-0.0799008317191152
TCTCC,EMX1,-0.223428329769476
TAGGG,EMX1,-2.95221840809671
ATATG,EMX1,-0.349256918699242
ACGTC,EMX1,0.587609392449872
ATACC,EMX1,-0.235420776440295
TGTTT,EMX1,0.0698022141389654
GGTCA,EMX1,0.695395555797413
GCCAT,EMX1,0.935436220899085
GTCGT,EMX1,0.379289521934972
GTCAA,EMX1,0.362910164391266
AAAGA,EMX1,-4.67790392802477
ACCAG,EMX1,0.409069330471089
GCCTG,EMX1,-1.23464513146251
GCTGA,EMX1,0.157498411981789
GGTGC,EMX1,-0.530303858198875
AGTGG,EMX1,-2.96820714397865
ACGGT,EMX1,-0.619226582233479
GGTAC,EMX1,0.149067746581959
AATAG,EMX1,-3.15490671655081
GCCGG,EMX1,-2.9529604436612
ACAGT,EMX1,0.708605578994558
AGTCG,EMX1,0.0682428286249284
ACTAC,EMX1,0.146565584701136
CCAAA,EMX1,0.829874051089343
GCGTC,EMX1,0.122880886069311
GACTC,EMX1,0.0657649472000017
ATAGA,EMX1,-0.852513667892353
ATGTT,EMX1,0.751447790542498
TGCGC,EMX1,-0.850025367273755
AGGGT,EMX1,-2.40119989798309
TCACA,EMX1,0.565649009896497
ATAAC,EMX1,-0.435939794545272
AATTG,EMX1,-1.91304675924012
TATCG,EMX1,0.957866537421925
CATCG,EMX1,1.58285375202413
TAACG,EMX1,0.43116852563872
GACGA,EMX1,0.493123466683091
GATGT,EMX1,0.427769049013358
GGTAA,EMX1,0.158824165234901
ACCGC,EMX1,0.504654500274599
GCGTA,EMX1,0.643612662654917
ATGCG,EMX1,-0.260371588849731
TCATG,EMX1,0.355630093621965
TCGTT,EMX1,0.542344397367337
AATCA,EMX1,-0.416775545737105
TGATG,EMX1,-0.0237337547505181
GGCAT,EMX1,0.1491386809549
ATCAC,EMX1,0.424195534583895
ATTGG,EMX1,-4.00752259874823
CAACC,EMX1,-0.414557827604106
TTTTA,EMX1,0.148398350728742
CCGCA,EMX1,0.774669932615874
CCCAG,EMX1,0.0878145609115464
TTCGA,EMX1,0.110971444252616
GTCTG,EMX1,-2.10583980647294
CCACC,EMX1,-0.472455158879297
TCTCA,EMX1,0.525536521366236
GGACA,EMX1,0.961689432326459
TTGCG,EMX1,-0.487079040036733
CCGAC,EMX1,0.708153657415879
GCATC,EMX1,0.1212769313787
ACGAG,EMX1,-1.85833622594301
CCCAT,EMX1,1.29918320285222
GGAAA,EMX1,0.344075906666969
GTGAC,EMX1,0.598532707890607
ACTGT,EMX1,1.10709515895357
TCGTG,EMX1,-1.30750055519432
AGCGC,EMX1,0.0491449014719336
AGACC,EMX1,-0.525461172595321
GTTAA,EMX1,0.269735725409181
TACGC,EMX1,-0.136445906926966
CATCA,EMX1,1.02985302088414
GAATG,EMX1,-0.058601294875313
AGACA,EMX1,0.589514725683808
TCGCG,EMX1,-0.449556040388886
GCTAC,EMX1,0.122801553977864
TTGCA,EMX1,-0.0974868313927466
ACGCT,EMX1,-0.230523525523266
TGGGC,EMX1,-3.27717283316816
CAGGG,EMX1,-2.43663680737245
TTCCG,EMX1,-0.963148445718332
AGCGT,EMX1,1.16464155680225
CACAT,EMX1,1.3605122774692
CACTA,EMX1,0.907378128970002
GGTTT,EMX1,0.693345425073122
CATTG,EMX1,1.02125701695693
TTCCC,EMX1,-0.255542621670092
AAATC,EMX1,-2.89140735399548
AAGAC,EMX1,-1.09014707457302
GAGGA,EMX1,-1.41665038090984
GTAGC,EMX1,-0.20478828992422
GCATT,EMX1,0.686467391668382
ACACT,EMX1,0.691284370425226
ATGCA,EMX1,0.515200605197846
GCGAA,EMX1,0.593009102785325
TTTAG,EMX1,-0.15487955124661
AACAT,EMX1,-0.833466373568422
ATTTA,EMX1,-0.026489627184576
TGTAG,EMX1,-0.631581614227525
TGGCG,EMX1,-0.904175973689354
AAGAG,EMX1,-4.5552833891205
CCCCT,EMX1,0.26108286166253
GCAGT,EMX1,0.738512855912116
GTACA,EMX1,0.344684222912957
TTGTA,EMX1,0.598084659519257
AAGCG,EMX1,-1.24766101506455
CAATG,EMX1,0.583633252976602
TAACA,EMX1,0.397976370086445
GACTG,EMX1,-0.951522804146489
TACAG,EMX1,-0.617569022514214
AGTAG,EMX1,-0.987096343937244
AATGG,EMX1,-6.96196482305957
CAAAG,EMX1,-0.777322851408565
ATCGT,EMX1,1.23427735781305
GGCAC,EMX1,-0.285585883511272
GGTTA,EMX1,0.711580875145813
GGCTT,EMX1,-0.199400258973849
ATAGG,EMX1,-4.22832184885957
GGCTA,EMX1,-0.35784543817476
GCATA,EMX1,0.612767434424875
AGGGA,EMX1,-2.72311143562948
GGTCC,EMX1,-0.64226863385263
TCCAG,EMX1,0.427260123063741
ATAAA,EMX1,-0.916420532778318
AGAAG,EMX1,-2.44668244965126
CACTC,EMX1,0.380315759862398
GCAAT,EMX1,0.693125941151104
GTTAT,EMX1,0.755240419991168
TGCTG,EMX1,-0.882785919270514
AATAA,EMX1,-2.64619407741206
TACGT,EMX1,0.90084725980155
TCGCA,EMX1,-0.264258395567479
GTAAT,EMX1,0.228667116277297
ACGAA,EMX1,0.856388169727516
ACCAT,EMX1,1.51761020516261
GCCTA,EMX1,0.965315123257815
AACTG,EMX1,-2.68371423985515
CCAAG,EMX1,0.41050937461608
TTCCT,EMX1,0.592585756697286
TTCGT,EMX1,0.78770552296989
TCAAG,EMX1,-0.222273761116764
TTCCA,EMX1,0.73322892059779
TATTG,EMX1,0.232418190343473
GGTCT,EMX1,0.419947722910806
ACTGC,EMX1,0.207255248795143
TTTGA,EMX1,-0.516310434042559
TTTCA,EMX1,0.366100206391312
CATTA,EMX1,0.917676145741213
TCCGA,EMX1,0.453664916528043
GATGC,EMX1,0.22568385563741
TTATG,EMX1,0.185726045055347
AGATG,EMX1,-0.454999378682828
CCGGG,EMX1,-2.52342984487585
ATGTA,EMX1,0.699206445469567
CGTCG,EMX1,0.120166766382768
CGCCA,EMX1,0.300293898889963
GTTCA,EMX1,0.482622373898897
GTTTC,EMX1,0.355058327760869
TGTAT,EMX1,0.391553812753587
TTTCT,EMX1,0.216158744445686
ACCGA,EMX1,0.654969742969415
ATATT,EMX1,0.505121461484215
ATCAT,EMX1,1.16804952787318
GTGGC,EMX1,-2.15610253885256
GCTAT,EMX1,0.683588019979741
GTCAT,EMX1,0.911303171456945
ACGAT,EMX1,0.965125906114542
GTTCT,EMX1,0.255607225419151
AAGCC,EMX1,-0.646969979161932
TCTAA,EMX1,0.489331932417004
AGGTG,EMX1,-1.26911616936902
TACGG,EMX1,-3.33421817146712
ATCTG,EMX1,-3.06209719098839
TGGTG,EMX1,-1.54984517992582
GCGCT,EMX1,0.215003568192307
GTGAA,EMX1,0.551023086689785
GTCCT,EMX1,0.361978984775172
GTAAC,EMX1,-0.226053147085262
AACCT,EMX1,-0.207749233291013
TGAAG,EMX1,-1.27659726978967
GGACC,EMX1,-0.227111000848392
ACGGC,EMX1,-2.35868532997488
GGTTC,EMX1,0.140690051209807
AGCAA,EMX1,0.607547337827617
AACTC,EMX1,-0.330798833872205
ATTCA,EMX1,0.669470792929641
AGGGC,EMX1,-3.21877381590639
AGTGC,EMX1,-1.12919038959036
GACAT,EMX1,0.387776942955197
CCTTG,EMX1,1.40565312772289
TGTTA,EMX1,0.426425047820642
AACTA,EMX1,-0.650632139544179
AAAGC,EMX1,-3.83833935900149
GAGTA,EMX1,0.191762815096086
GTTAC,EMX1,0.211570206656623
CGAGG,EMX1,-2.56217518631482
TTCGC,EMX1,-0.269269505037332
TGCAT,EMX1,0.27555367688271
AACAC,EMX1,-0.357569326960506
AAGCA,EMX1,-0.360592373898591
GTATA,EMX1,0.0754227833907262
CGACG,EMX1,0.329345528001838
GAAGC,EMX1,-0.708584175243297
CGCGC,EMX1,-0.547480184543177
TGCAA,EMX1,0.399933250706436
GAGGT,EMX1,-0.437761434317464
GCCTT,EMX1,0.823168521638594
AGAAA,EMX1,-0.767343152183139
ATATA,EMX1,0.119987792270109
CAGCA,EMX1,0.331195439877703
TCACC,EMX1,-0.646080476753424
ATCCT,EMX1,0.877259027396013
GTTCC,EMX1,-0.444554806633487
AAGAA,EMX1,-3.00742119885551
AATCC,EMX1,-0.586840437659939
AATAC,EMX1,-1.18138291072926
CTACG,EMX1,0.779008836277821
TTTGC,EMX1,-0.238117163421608
CCCTA,EMX1,0.922297401803622
TCCGT,EMX1,0.503043114905282
GAAAC,EMX1,-1.03099786108644
CCAGA,EMX1,-0.403919676181399
AGAGA,EMX1,-1.25897387948067
GTTTA,EMX1,0.225631192833998
CGTGT,EMX1,0.735801460080669
CGTGA,EMX1,-0.488541873408499
GGATT,EMX1,0.467699368418289
CTTTG,EMX1,1.1174488668379
GCGGC,EMX1,-2.06873740183175
ATCTT,EMX1,0.928866227147205
TCTCT,EMX1,0.863935495626786
GTATT,EMX1,0.453522509878638
CATAG,EMX1,0.702809001931131
CGGGA,EMX1,-2.21814820979035
TGACC,EMX1,-0.897135829568608
GTAGT,EMX1,0.364205910773666
AGCAT,EMX1,0.618381499433477
TTCAA,EMX1,0.848269009892652
TGAGT,EMX1,0.206588601762604
CCGCG,EMX1,0.227208496284849
GGAAC,EMX1,-0.302662674682722
AAGGA,EMX1,-4.32844404987115
TAACC,EMX1,-0.719502287128782
GGACT,EMX1,0.500224516696907
TATGT,EMX1,0.500543143367025
AACGT,EMX1,-0.27496868884591
CGTTG,EMX1,0.43817492101112
AATTA,EMX1,-2.44718764069323
AGCAC,EMX1,0.471166562776775
AAGTG,EMX1,-3.22526191580149
ATTAA,EMX1,-0.248106732353405
ACTCT,EMX1,1.10921738361786
CAGTA,EMX1,0.714438628222675
AGAAT,EMX1,-0.145455651785033
GAAGA,EMX1,-0.668725453964267
CGCAC,EMX1,-0.0559489152709034
TCCTG,EMX1,-1.46065035790963
AATTC,EMX1,-0.559988764091695
TTCAC,EMX1,0.394117667473251
CCCGG,EMX1,-2.70784067952205
TGTGC,EMX1,-1.53575522457213
TTCAG,EMX1,0.0915051295820835
CAAGA,EMX1,-0.202556513790128
ATTGA,EMX1,0.0060178262506198
CGCAA,EMX1,0.244704452174945
TCTAT,EMX1,0.659596162041037
TAGCG,EMX1,-0.850659550070921
GCGGT,EMX1,-0.106865687861625
TTTAT,EMX1,0.764162018040823
TCGAG,EMX1,-1.75808960164962
AAACT,EMX1,-2.70307407383664
GAGTT,EMX1,0.36660269019227
TGACA,EMX1,0.20742267233147
GACAC,EMX1,0.0360741255312007
TACGA,EMX1,0.359066562706319
CATAT,EMX1,1.212039265457
GAGCA,EMX1,0.404440186738368
GATTT,EMX1,-0.0985033618083175
TAAAG,EMX1,-1.89247127071128
TTCGG,EMX1,-2.22306499237446
CCTCG,EMX1,1.1750218702468
CATAA,EMX1,0.779290183744994
TCGGA,EMX1,-2.32446842489849
TGCTT,EMX1,0.191129382651395
CTTCG,EMX1,1.29375075492585
GGAAT,EMX1,0.362852474913083
TCCTT,EMX1,0.782843659799969
GTATC,EMX1,0.0787653121985485
TCGCT,EMX1,-0.38516682951361
TGTCT,EMX1,-0.415307510155838
TGTCA,EMX1,0.0892706826404961
ATGTC,EMX1,0.455992532846873
TATTT,EMX1,0.134496360438547
ACTGG,EMX1,-2.45583809045002
TCGTC,EMX1,-0.0958821988143281
CATAC,EMX1,0.342865873291665
CCTTA,EMX1,1.21777959411631
TCTAG,EMX1,0.486334421687031
ATAAT,EMX1,0.289712838381606
TACAT,EMX1,0.816327476657735
TAGTG,EMX1,-1.64099501632036
CGTGG,EMX1,-2.36891152106796
GATAT,EMX1,-0.252587080951098
TCATA,EMX1,0.813253635763685
TCTGT,EMX1,0.640452501401523
TGCCT,EMX1,0.410234227601865
AGCCT,EMX1,0.266041339484369
GATTA,EMX1,-0.0052365343597138
CCTCA,EMX1,0.834856433852073
ATTGC,EMX1,0.244596894220527
TAATG,EMX1,-0.253682613479057
GATCC,EMX1,-0.262230253524685
AGTAA,EMX1,0.447009865925986
CTCCC,EMX1,0.09635505933697
TAAAC,EMX1,-0.661568577411375
TTTAA,EMX1,0.237092755935649
CAAGC,EMX1,-0.390461584078894
GCACT,EMX1,0.88104576862529
CAAGG,EMX1,-3.12003378153708
TCGAC,EMX1,0.109988248003187
GTACC,EMX1,-0.430343507402245
ATACT,EMX1,0.32505215778807
ATAGT,EMX1,0.1297705473295
TGAAA,EMX1,0.240751431126291
GTGAT,EMX1,1.25550882079491
GAGCC,EMX1,0.033408449164849
GGATC,EMX1,0.239055695844659
TTGCC,EMX1,-0.463230715520297
CACGT,EMX1,1.10898148894385
CATCC,EMX1,-0.335003099786178
TTAAG,EMX1,-0.992600247876025
AGAGT,EMX1,0.0960549388984937
TATAG,EMX1,-0.280641548188562
TTAGA,EMX1,-1.03020656940382
ACCCT,EMX1,0.415085790275169
AGCTG,EMX1,-1.07761953262988
GACTT,EMX1,0.581931716759321
GTCTT,EMX1,0.527468595150602
GATCA,EMX1,0.302042309026742
GAACG,EMX1,-0.0230802623631323
GATAA,EMX1,-0.381308249284038
TCAGA,EMX1,-0.681555401214965
CATGT,EMX1,1.00854441023373
CCCTT,EMX1,1.29564727616718
TGCAC,EMX1,0.122466671049891
CCTCC,EMX1,-0.414978828806502
CAATA,EMX1,0.853830290498562
AGTGA,EMX1,0.0398771114964074
ATATC,EMX1,0.18339872801937
CAAAT,EMX1,1.02509021860645
GAGAA,EMX1,0.134056725135261
TATTA,EMX1,0.0243064248208942
CTTTA,EMX1,0.853980696891613
AAGTA,EMX1,-2.1362520649324
CCGGA,EMX1,-2.21271837010333
GATAC,EMX1,-0.0645978930514737
AATGC,EMX1,-0.71583486006393
ATAGC,EMX1,-0.78967612948516
TTAAA,EMX1,0.105205979444536
ACCGT,EMX1,1.15125809038366
TGTAA,EMX1,0.27177781441093
ATGAG,EMX1,-2.34492320071052
TACTA,EMX1,0.659163585704377
TATAT,EMX1,0.108210266931762
AGTTT,EMX1,0.825548571505772
CCGTG,EMX1,-0.797980372683385
AATTT,EMX1,-1.7513777228093
TCTTA,EMX1,0.745423872371154
CAGCG,EMX1,-0.254390056914323
CGATG,EMX1,0.0191004399878043
TGGAA,EMX1,-0.172758141185119
CACTG,EMX1,-1.13589061811165
AGCTA,EMX1,0.28159047360889
TCTTC,EMX1,0.293129566139591
ATTCC,EMX1,-0.251909366379108
CGAGA,EMX1,-1.20663656116524
TGCTC,EMX1,-0.275825709942101
GACTA,EMX1,0.560939657821034
ATTCT,EMX1,0.630534422391069
CTTAG,EMX1,0.661105958969173
TTAGG,EMX1,-3.64431510032591
CCCGT,EMX1,0.744489088827038
TTCTG,EMX1,-2.69690148747354
AATGT,EMX1,-1.82512232041265
GAGAT,EMX1,0.0260317064735478
TGGTA,EMX1,0.0996188087982919
AGTCA,EMX1,0.625953471428918
AGGAA,EMX1,-1.0055574837536
CAGAG,EMX1,-1.96432187657936
TTGAG,EMX1,-2.18989071524281
TACAC,EMX1,0.227541549738431
TAGAG,EMX1,-2.88002570345699
GTCTC,EMX1,-0.166169705046721
CAGTG,EMX1,-1.27212283167641
TTCTA,EMX1,0.451444430634218
ATGGT,EMX1,-0.846148037246829
CATGC,EMX1,0.425358491544728
AAATT,EMX1,-4.12473363984078
TTGTC,EMX1,-0.219383953209253
CCTAA,EMX1,0.714911119510022
AAGAT,EMX1,-2.07979344757063
ATGCT,EMX1,-0.277472232478164
GAGGC,EMX1,-2.19416199427885
CCTTT,EMX1,1.33367263990923
AGTTA,EMX1,0.520527973281435
TCCTC,EMX1,0.430901425567688
CAGAA,EMX1,0.321080902201329
TTATA,EMX1,0.201737910069649
GAATC,EMX1,0.109985929976766
TTTTC,EMX1,0.151152182167039
TCATC,EMX1,0.263938347619629
AATAT,EMX1,-2.15674222722876
GAAAT,EMX1,-1.08472669730933
TATGG,EMX1,-3.69301971330013
ACTGA,EMX1,0.34635739487463
TCCTA,EMX1,0.863666742645204
TCGTA,EMX1,0.348922999213174
CTGGG,EMX1,-2.42450663810876
CCATA,EMX1,1.20219678164451
CGACA,EMX1,0.604455367502068
TTCAT,EMX1,1.0786923476431
CGTCA,EMX1,0.208101845181382
CGGCG,EMX1,-1.23036815321337
TTGCT,EMX1,-0.223330302992231
AGGAT,EMX1,-0.552372938739486
CAACT,EMX1,0.810274911990685
AGTAT,EMX1,0.693699260956375
GAATT,EMX1,0.0749179248783651
CAGCC,EMX1,-0.868966985600492
TCAAT,EMX1,0.760507446669735
AGACT,EMX1,0.0700727541420676
ATTTC,EMX1,0.373891504719817
ATTAT,EMX1,0.488654827435072
TGTTC,EMX1,-0.530409308851123
CACGG,EMX1,-2.34655218588523
TACTG,EMX1,-1.75464811558642
TTGGA,EMX1,-3.03271353495261
GAAGT,EMX1,-0.528131108925638
CTATG,EMX1,0.669131954801149
TGAGA,EMX1,-0.913099144836396
TGTGA,EMX1,-0.378318060969031
CATGA,EMX1,0.281927454986507
CCGAG,EMX1,-1.31537152662199
TATCA,EMX1,0.188073930588654
TTATT,EMX1,0.592165284615721
CGTGC,EMX1,-1.01528232270866
CCAAT,EMX1,1.18130469579393
TACTC,EMX1,-0.587817710875667
GAACC,EMX1,-0.626164246096183
AGATA,EMX1,-0.0327862479534939
GATTC,EMX1,-0.286690477107717
ATCTA,EMX1,0.525797963321244
CAAGT,EMX1,0.27220030377352
CCATG,EMX1,0.740515988057693
CAGGA,EMX1,-2.36795447588603
CCTAG,EMX1,0.268188631440772
TGCTA,EMX1,0.240741843488397
TTCTT,EMX1,0.886360842773851
AACTT,EMX1,-1.07780958641201
GATGA,EMX1,0.200435518035773
TCACT,EMX1,0.509309020925649
TAATT,EMX1,-0.158236320218586
TGGAT,EMX1,-0.332168139485939
CGCTG,EMX1,-0.615698846726799
TGAGC,EMX1,-1.00440885886736
TTAGT,EMX1,0.172784121096063
TAGAA,EMX1,-0.28968495918946
GAGTC,EMX1,-0.412859554925648
CGGAC,EMX1,-0.818968399973969
CGCGG,EMX1,-3.32688273972824
TAGCA,EMX1,-0.459037564852469
CCATC,EMX1,0.653997816870547
CGTAA,EMX1,0.799466444969868
GACCT,EMX1,0.16962399815346
TATTC,EMX1,0.191153678512741
TCGAT,EMX1,0.763173537023375
TTACG,EMX1,0.433686914250254
CGCAG,EMX1,-0.487407490154498
CCGAA,EMX1,0.738294410020995
CACCT,EMX1,0.465587824788415
CTTGT,EMX1,1.10299159182764
GAGAC,EMX1,-0.269205039623744
AGGAC,EMX1,-1.39073507448701
TCTAC,EMX1,0.0976176839653107
CGACC,EMX1,-0.774575681717
AGGCC,EMX1,-1.39858445276937
CTTGG,EMX1,-1.84220824299392
CGAAA,EMX1,0.612329687148215
CCGTA,EMX1,0.920617959719843
CCAGG,EMX1,-2.10945250429299
AAAGT,EMX1,-4.28044254990672
TACTT,EMX1,0.298604107210052
TCGGC,EMX1,-2.9110855883215
TGTCC,EMX1,-0.803679066971529
CACTT,EMX1,0.815173458804741
TATCC,EMX1,-0.728187423573688
CGGAG,EMX1,-1.6888163311131
TATGC,EMX1,0.163253995086002
TTACA,EMX1,0.202666692715658
CGTTA,EMX1,0.378610578824791
CATTT,EMX1,1.18292474774256
AGGCA,EMX1,-0.851183055299501
CTACA,EMX1,0.490110456527784
GAATA,EMX1,-0.623250442202362
GTCTA,EMX1,0.721411992363942
CGCGT,EMX1,0.656150667399677
AAAAC,EMX1,-3.97123633792703
AAGTT,EMX1,-1.84848994498782
AGTAC,EMX1,0.980183285231311
CTCCA,EMX1,0.628606173703924
CTATA,EMX1,0.870699804790185
ATGAA,EMX1,0.356178675695327
AGGTT,EMX1,-0.0380438643227325
CGGGT,EMX1,-2.70528072979272
TAAGT,EMX1,0.160673915364596
AGTTC,EMX1,0.595153752687247
TACCT,EMX1,0.0640518782103729
TGGCC,EMX1,-2.31610758655029
CTCAC,EMX1,0.680480095453516
ATGAT,EMX1,1.04746697799446
CATGG,EMX1,-2.45602179768818
AGGTA,EMX1,-0.250502912517247
CTAAG,EMX1,-0.26992685938793
GTACT,EMX1,0.275797665648035
CTTCA,EMX1,0.930902126082266
ATCTC,EMX1,0.562154008502185
ATGGA,EMX1,-2.61866015758357
CGCTC,EMX1,-0.0811541898813939
CGTTT,EMX1,0.541371220269719
AATCT,EMX1,-0.669241608348878
CTTAT,EMX1,1.3086593210811
ATGAC,EMX1,0.397336762334435
AAGTC,EMX1,-1.0482631345928
CCTTC,EMX1,0.637645502046315
CGGGC,EMX1,-2.98062192745411
AGATT,EMX1,0.15801472557443
CTTAA,EMX1,0.863824984671705
CCTAT,EMX1,0.978237249847087
AGAAC,EMX1,-0.566533799096833
CAATC,EMX1,0.490823393976436
TCGAA,EMX1,0.0891837269789715
CCACT,EMX1,0.870515340404983
CGGTA,EMX1,-0.204318996325496
CGTCC,EMX1,-0.906591965142169
TAATA,EMX1,0.0907512091967977
GAGCT,EMX1,0.114655823030448
TATAA,EMX1,-0.432879973435607
TCGGT,EMX1,-1.48922886658047
TTCTC,EMX1,0.112407752427339
ATTAC,EMX1,-0.128604396341915
TCAGG,EMX1,-2.80463108436786
CATTC,EMX1,0.515624502741675
AGAGC,EMX1,-1.1037464699849
AGCTC,EMX1,0.417990065225212
TTAAT,EMX1,0.463735060123904
CCTAC,EMX1,-0.0240854761064764
CAATT,EMX1,0.623034629495949
CGCTA,EMX1,0.15374630795943
TCAGC,EMX1,-0.749301283732178
TGGTT,EMX1,-0.468638465907432
TCTGC,EMX1,-1.04542895097628
TTTCC,EMX1,-0.547359179706328
CCTGT,EMX1,0.795035841527566
TAGAC,EMX1,-0.731286450941752
TTGAC,EMX1,-0.0535511856824566
CCTGA,EMX1,0.175009002495099
CTAGG,EMX1,-2.54691837222013
CCTGG,EMX1,-1.76067271269097
CGATA,EMX1,0.147454530793691
CGTAT,EMX1,0.442884525778281
TAGAT,EMX1,0.463324515045338
TAAAT,EMX1,-0.534150097742327
CCGTC,EMX1,0.567665954597116
ACCGG,EMX1,-2.14471501178775
CTCCG,EMX1,-1.0117342577204
TGGAC,EMX1,-0.738263392321375
TCCGG,EMX1,-1.63697881047497
CTCAA,EMX1,1.1426919787719
ACCTA,EMX1,1.18799143958871
TTGAA,EMX1,0.0547366299359027
GATCT,EMX1,0.147258754828428
TAGTT,EMX1,-0.0044781835824565
CCCTG,EMX1,-1.89990245024157
CAGAT,EMX1,0.745405262267763
TGAAC,EMX1,0.0619872115121858
AGCTT,EMX1,0.471629419691602
AGTCC,EMX1,-0.334862021255583
ACCTC,EMX1,0.573658263220478
AATGA,EMX1,-2.23123634371323
CCGAT,EMX1,1.34705863562047
TGGCA,EMX1,-1.34864508561625
CGAAG,EMX1,-0.968673158421167
TAAGG,EMX1,-3.84509289665169
CCATT,EMX1,1.33701304701036
TGAAT,EMX1,0.288257238827841
CGTTC,EMX1,-0.0407028506482074
TCAGT,EMX1,0.0163279500771285
CTGTA,EMX1,0.833070375038703
TTGGT,EMX1,-1.78884460055518
CCGGC,EMX1,-1.6918376493642
CGAGT,EMX1,0.25055606267588
TAACT,EMX1,0.328317980725332
CAGTT,EMX1,0.78511590363042
CTTTT,EMX1,0.933475801246679
ACCTT,EMX1,1.0312328906439
TGACT,EMX1,-0.0248411137049374
CTGTG,EMX1,-1.22917840733201
CGCTT,EMX1,0.196676916499383
ACCTG,EMX1,-1.97614647554514
CTCGC,EMX1,0.322604281168593
CTTGA,EMX1,-0.0489190963961601
AGTCT,EMX1,0.724490286984253
TGATA,EMX1,0.148024225996071
TAGCC,EMX1,-1.43566577018266
CGTAG,EMX1,-0.093534597525279
TAGTA,EMX1,0.170235042137328
CGGCA,EMX1,-1.49916687120419
AAGGT,EMX1,-3.13349035939128
CGTAC,EMX1,0.191467923940488
TTAAC,EMX1,-0.248889279137343
CATCT,EMX1,0.571968278829733
TATCT,EMX1,0.331569658287377
CTTTC,EMX1,0.629786896953906
AAGGC,EMX1,-4.36111183613928
TGTAC,EMX1,-0.242289741402537
CCGTT,EMX1,1.23778347336889
AGATC,EMX1,-0.448703757014753
TAAGC,EMX1,-0.122487532676013
CCAGC,EMX1,-0.171999118416915
CCTGC,EMX1,0.0122799483937399
AGGTC,EMX1,-0.439126491800844
CGAAC,EMX1,0.410022940207144
CTAAT,EMX1,1.18605732122956
TATAC,EMX1,-0.0547420584299694
CTCGA,EMX1,0.181914888569787
CGCCT,EMX1,-0.0395461222105453
TTGAT,EMX1,0.615510996408313
CGCAT,EMX1,0.444079718327391
CTCAT,EMX1,1.17479454626274
CCGGT,EMX1,-1.00083874260434
CTCGT,EMX1,0.84394717719397
TAAGA,EMX1,-0.399095377486773
CTTGC,EMX1,0.306508924216022
CGGAA,EMX1,0.191957336586798
TTATC,EMX1,-0.0105955008113714
TCTGA,EMX1,-0.163558000147026
TAGGA,EMX1,-3.29868111415187
CTAAC,EMX1,0.307940518327584
CGAGC,EMX1,-0.487433214131807
TAATC,EMX1,-0.530528206326247
TCATT,EMX1,0.637619426139471
CTCTA,EMX1,0.731340150467107
CAGCT,EMX1,-0.351675129775616
TCTGG,EMX1,-2.02711426328566
TGGCT,EMX1,-3.15388833089639
CGTCT,EMX1,-0.230479221114154
CTATT,EMX1,0.685673895841013
AGGCT,EMX1,-2.56075285662059
CGGTC,EMX1,-1.11333081583683
CTGCG,EMX1,-0.217081334190445
CCGCT,EMX1,-0.468660011965552
CGACT,EMX1,0.0571660596202932
CGGCC,EMX1,-2.22369181747598
CTAGA,EMX1,-0.431977215668226
CTCGG,EMX1,-3.87161520211937
ATGGC,EMX1,-2.56972989874442
AAGCT,EMX1,-0.786349350356188
TTTAC,EMX1,-0.199694584639857
GAACT,EMX1,0.326378700898639
CCAGT,EMX1,0.756850572589508
CTGTT,EMX1,0.823173379018966
CTAAA,EMX1,0.719030620864645
CGAAT,EMX1,0.572362256956824
CAGGT,EMX1,-1.77979385243273
CTACC,EMX1,-0.207335225109818
TGGTC,EMX1,-0.97110309509363
TGATC,EMX1,-1.09028141690611
CAGTC,EMX1,0.0688772355234875
CGGTG,EMX1,-1.74367435378923
CCTCT,EMX1,0.949384590069259
TGATT,EMX1,-0.172273432409689
AAAAG,EMX1,-7.25297778605713
GAAAA,EMX1,-2.24072209688619
TAGCT,EMX1,-0.803690145519063
TTAGC,EMX1,-0.522777698303974
CTCCT,EMX1,0.791986949045222
CGGTT,EMX1,-0.607233097099783
TAGGT,EMX1,-2.22645571054078
CTCTC,EMX1,0.768316711548286
TATGA,EMX1,0.295340718054879
CTGGA,EMX1,-2.12076077556934
CTCTT,EMX1,0.808937755095426
CTTCT,EMX1,0.921368620892768
CTGGT,EMX1,-1.03506526859693
TTACT,EMX1,0.594997749005547
CTTAC,EMX1,-0.637842374523046
TTGGC,EMX1,-3.64079704321663
CTCAG,EMX1,0.095348978386518
CTGAG,EMX1,-1.35449747228363
GAACA,EMX1,0.0679060510776424
CGATC,EMX1,-0.921696538172387
CAGGC,EMX1,-3.21135410354361
TTACC,EMX1,-0.567305878947527
CGGAT,EMX1,0.0122366863408807
CTAGT,EMX1,0.0803760176119219
CTGAC,EMX1,0.467811585504089
CGATT,EMX1,0.0017375241861223
TAGTC,EMX1,-0.798950961137317
CTGTC,EMX1,0.377578202512373
CTTCC,EMX1,0.457303955284333
CTGAA,EMX1,0.284933494306069
TAGGC,EMX1,-4.60115906853252
CTATC,EMX1,0.450969492937771
AAAAT,EMX1,-5.49754443287712
CTGCA,EMX1,0.176539883939173
CTAGC,EMX1,-0.303451047863811
CTGAT,EMX1,0.85329399528195
TAAAA,EMX1,-1.91703877678329
AAAAA,EMX1,-5.42539686499278
CTCTG,EMX1,-2.31918097280552
CAAAA,EMX1,-1.100111600115
CTACT,EMX1,1.01069384555393
CTGGC,EMX1,-2.85148033543398
CGGCT,EMX1,-2.7293713071213
CTGCC,EMX1,-1.68134158520815
CTGCT,EMX1,-2.44663197623919
GTCAG,RNF2,0.413920606384174
GCTGC,RNF2,0.323823536147486
GGGGG,RNF2,-0.486534016605384
GCCCC,RNF2,1.12095295927408
GTGGG,RNF2,-0.751769123325337
GCCCG,RNF2,1.05186354800524
GGCGG,RNF2,-0.411588050758485
GCGGG,RNF2,-0.629594792359494
GGAGG,RNF2,-0.155015060035886
GGGCG,RNF2,-0.244763244704975
GGGAG,RNF2,0.227534809780572
GGTGG,RNF2,-0.491466261783366
TGGGG,RNF2,-0.489089734549744
GTAAG,RNF2,0.689647329270487
AGGGG,RNF2,-0.138823660100314
GGCAG,RNF2,0.382418897180088
GCCCA,RNF2,1.13541072799987
GGGGC,RNF2,-0.621414364663918
GGGGA,RNF2,-0.471595452708211
GGGTG,RNF2,-0.38036876942337
GGGGT,RNF2,-0.826718103977603
GAGGG,RNF2,-1.07987881341699
GCCAC,RNF2,1.13551689487308
ACACA,RNF2,0.902071619984426
ACACG,RNF2,0.732380688634494
ACAAA,RNF2,0.949334948976723
GGCCG,RNF2,0.669342404639792
CCCCC,RNF2,-0.649238931628558
ACGGG,RNF2,-0.123011511549645
GTGTG,RNF2,0.0839213155997633
GCCGC,RNF2,0.937943971833255
CCCCA,RNF2,-0.572854289342679
GGCGC,RNF2,0.547078209055472
TCCCC,RNF2,1.00324709575676
ACAAC,RNF2,0.599732165519864
GCTTG,RNF2,0.885756140753156
ACCCC,RNF2,0.702929676005558
GGTGT,RNF2,0.033792045656643
TCCCG,RNF2,1.11010544579371
GCTCG,RNF2,1.06926862257621
GGACG,RNF2,0.313557329880719
TCCCA,RNF2,1.30059086079135
GTGCG,RNF2,0.147509447458086
ACCAC,RNF2,0.838758861306006
ACGCC,RNF2,1.06024598062864
AACCA,RNF2,0.682339088234777
TTTTT,RNF2,1.09952106832536
GCGCC,RNF2,0.655971107443092
GGTCG,RNF2,0.148355124426081
ACTCA,RNF2,1.14833329701567
GGCCC,RNF2,0.746025464218805
GGTTG,RNF2,-0.0249942529867138
GTTTG,RNF2,0.255308012741608
CACAA,RNF2,0.0558782590201758
CCCCG,RNF2,-1.04586146511103
GGAGT,RNF2,0.057842084088616
ACAGA,RNF2,0.906210056059811
ACGCA,RNF2,0.93561569598079
GCCAA,RNF2,1.05794283637762
AACCC,RNF2,0.632773714574913
GCACG,RNF2,0.53438006354482
ACTCG,RNF2,0.819852624906678
GGATG,RNF2,0.106714974421337
ACAAG,RNF2,0.375436939606827
CCCAC,RNF2,-0.249607587265764
GTTGG,RNF2,-0.520976202549928
GCTCC,RNF2,1.14675371325407
ACCCA,RNF2,0.613090578756456
GGAAG,RNF2,0.352413945552939
GGCCA,RNF2,0.626286050545088
ACATA,RNF2,0.589304813881254
GACCG,RNF2,0.50745446633255
GCGCA,RNF2,0.402956745222701
GTTCG,RNF2,0.576168311522956
GGTAG,RNF2,0.463531026761105
GCTTT,RNF2,1.62813041239285
GGCGT,RNF2,-0.0916341872917013
ACACC,RNF2,0.39158399352122
AACAA,RNF2,0.825075384558087
GTCGG,RNF2,-0.46537399982901
GCAAG,RNF2,0.349475704923472
GCGCG,RNF2,0.0136819671447768
TCCAC,RNF2,1.09189403372323
GCAAA,RNF2,0.606973755980706
GTTGC,RNF2,0.540218045853173
GCGTG,RNF2,-0.207727212942521
TTTTG,RNF2,0.456656644286223
AAACG,RNF2,0.502954378128738
TGTGG,RNF2,-0.512577890882453
GGGCC,RNF2,0.0078104481513996
GACCC,RNF2,0.805503631279366
TCCAA,RNF2,1.00647811846297
GAAAG,RNF2,0.302064534570828
GCGAC,RNF2,0.657707325194144
GCGAG,RNF2,0.245255808821435
GTCGC,RNF2,0.69808694795911
CACCA,RNF2,-0.53647910465085
GACGG,RNF2,-0.328752370575838
AACCG,RNF2,0.555045871596487
GGCTG,RNF2,0.117525809458655
AACGA,RNF2,0.63488050968985
GTTGT,RNF2,0.100074396085631
GTTTT,RNF2,0.765767504228394
TCGGG,RNF2,-0.243925752760791
TGCCA,RNF2,0.897029262255009
ACGAC,RNF2,0.520425296599727
TGCGT,RNF2,0.370217013122494
GACAG,RNF2,0.405124335635827
GAGAG,RNF2,0.0406693113777195
GTCCA,RNF2,0.822737434285134
GCACA,RNF2,0.569059428231334
GAAGG,RNF2,-0.33923102218424
ACGTT,RNF2,0.844187144570093
ACTCC,RNF2,1.04901458615952
ACCCG,RNF2,0.336980339583871
ACTAA,RNF2,0.867554884786671
ATCCA,RNF2,0.993626791349193
GCGGA,RNF2,-0.526424582912952
GTGTT,RNF2,0.106596386176802
ACTTT,RNF2,1.60527707256881
GCTCA,RNF2,1.28395118650791
CACGA,RNF2,0.171869495426748
GTGGA,RNF2,-0.728727646056651
CCCGC,RNF2,-0.281899227202171
GACAA,RNF2,0.38783442750255
GTAGG,RNF2,-0.65192798566267
GGCGA,RNF2,0.128877227176458
TGTGT,RNF2,-0.192460086498512
GGTGA,RNF2,0.056160671202198
GGAGC,RNF2,0.231325500251497
ACTTG,RNF2,0.730930129345746
ATCCC,RNF2,0.885486903292822
GCTGT,RNF2,0.32621443195333
CCCAA,RNF2,-0.556215361670214
CCACG,RNF2,-0.741551601982517
CACCC,RNF2,-0.305749501460395
AACAG,RNF2,0.464293746888744
GTGCC,RNF2,0.526787089042111
TCACG,RNF2,0.433360427253168
TTTCG,RNF2,0.464592821823638
ACAGC,RNF2,0.509108597731966
TGCCC,RNF2,0.907206670445694
GTGCA,RNF2,0.602557190789474
TCTCG,RNF2,0.821741322763454
ACATG,RNF2,0.588006294133038
CGGGG,RNF2,-2.37157799736494
TGCCG,RNF2,0.807930374306819
GGAGA,RNF2,0.201857709377654
TGCGG,RNF2,-0.17240792501809
AGGAG,RNF2,0.415517404079658
GACGC,RNF2,0.563567813613592
GCCAG,RNF2,0.210895225455131
GTTAG,RNF2,0.556677328907027
TTGGG,RNF2,-1.06656172627315
GGGAC,RNF2,0.146121654887436
GCATG,RNF2,0.471816796940832
ACAAT,RNF2,0.942868067001944
AACGC,RNF2,0.713791334603551
GCAAC,RNF2,0.931886180711055
AACGG,RNF2,-0.0342795990325246
AAGGG,RNF2,-0.425493565814941
GATAG,RNF2,0.565387619852
AGACG,RNF2,0.670623809887294
GCCTC,RNF2,1.18874482836546
TACAA,RNF2,0.676120597822026
AATCG,RNF2,0.533739110954942
GCCGA,RNF2,0.739654889176155
AGCCA,RNF2,0.676676036394237
GGGTC,RNF2,-0.336802108350913
TTGTG,RNF2,0.0092465342178851
GCAGC,RNF2,0.418125742048892
GTGTA,RNF2,0.106259225145772
GGGTA,RNF2,-0.25665451933709
GCGTT,RNF2,0.196278760926601
GTCCG,RNF2,0.31460599724527
CCCGA,RNF2,-0.316830955939153
TGGGT,RNF2,-0.444158213018815
GTACG,RNF2,0.212156314346901
ACGCG,RNF2,0.358339014209101
CACGC,RNF2,0.0611668099437441
ATGGG,RNF2,-0.719874405026445
TTTGT,RNF2,0.167817407993223
ATTTT,RNF2,1.11134942101433
ACGTG,RNF2,0.354215062793912
CCACA,RNF2,-0.754685736695899
AAAGG,RNF2,-0.104930683717383
GAGTG,RNF2,-0.583991442030884
ATCAA,RNF2,0.770394607526034
ATCGA,RNF2,0.890682614865783
CACAC,RNF2,-0.510307829331946
ATTTG,RNF2,0.227117657287717
GTGAG,RNF2,-0.466757380199276
CAACA,RNF2,-0.393402579026539
ATACG,RNF2,0.581338730738867
GGCAA,RNF2,0.518757000509977
AGAGG,RNF2,-0.0809659923314037
TACCC,RNF2,0.722878804069554
AGCCG,RNF2,0.345728787084585
GGGAA,RNF2,-0.202420069954606
TCTTG,RNF2,0.714704980831964
ACAGG,RNF2,-0.640546730068481
ATTCG,RNF2,0.377820953219116
ATACA,RNF2,0.901888351775517
ACGTA,RNF2,0.577910346979751
ACCAA,RNF2,0.187950978246448
AAACA,RNF2,0.432654197880765
AGCGG,RNF2,-0.254464739509091
TTGTT,RNF2,0.306146162959076
GACCA,RNF2,0.723242242754285
AAACC,RNF2,0.571040039597351
TACCG,RNF2,0.6384054518236
GCTAA,RNF2,1.04663855420851
GCTTA,RNF2,0.946732018671302
GTCGA,RNF2,0.298884424494075
TACCA,RNF2,0.758766075158938
GATGG,RNF2,-0.590860777087309
GCTTC,RNF2,1.09331042217403
TCGCC,RNF2,0.82760105486299
GCCCT,RNF2,0.895230138461205
ACTTA,RNF2,0.842008141654096
TGTTG,RNF2,0.20372290299391
GTCCC,RNF2,0.682006137916275
CAACG,RNF2,-0.531979946219812
GTTGA,RNF2,0.564368031404692
ATCGC,RNF2,0.790848148892643
GACGT,RNF2,-0.0525474741176257
GTGTC,RNF2,0.349114396632476
ACGGA,RNF2,0.404096103804866
CAGAC,RNF2,0.349662085939233
GCACC,RNF2,0.401330815759074
TCCGC,RNF2,0.608627514527567
TCCCT,RNF2,0.950063762121472
CGCCG,RNF2,-0.5133843965754
GCAGA,RNF2,0.26650357048208
GCAGG,RNF2,-0.955479911177997
ACTTC,RNF2,1.01945994733665
GGGCT,RNF2,0.0441781398809642
GATTG,RNF2,0.0086596303107402
GGCCT,RNF2,0.448576012965988
AGCCC,RNF2,0.58990886756985
CACAG,RNF2,-0.729850045284183
CACCG,RNF2,-0.650911360130058
GAGCG,RNF2,-0.668219980837659
CAAAC,RNF2,-0.261982009482191
GTGCT,RNF2,0.487076645195835
GCTCT,RNF2,1.22091938034524
GGGTT,RNF2,-0.591413702581782
GATCG,RNF2,0.427411187405967
TGCGA,RNF2,0.46162360007833
AGTGT,RNF2,0.230372897868952
ATGTG,RNF2,0.0445935748982205
ATTGT,RNF2,0.158470088925178
CCCTC,RNF2,-0.351280394438835
AGCAG,RNF2,0.513069277336934
AGTTG,RNF2,0.301875535716855
AAATG,RNF2,0.532608015493834
GCTGG,RNF2,-1.0382659807983
GGGCA,RNF2,0.002527333753779
TCTTT,RNF2,1.20167667377755
GCCGT,RNF2,0.0950668553520799
ACTAT,RNF2,0.963851395060523
TCAAC,RNF2,0.442816584370908
ACATC,RNF2,0.987629134547964
AGGCG,RNF2,-0.131712323796792
ATCCG,RNF2,0.642424625240999
GTCAC,RNF2,0.67619011019884
CGCCC,RNF2,-0.59739837244989
TCCAT,RNF2,1.22316380977916
GGCTC,RNF2,0.786278350735342
GTATG,RNF2,-0.178274787442701
GTGGT,RNF2,-1.98953582652316
GGATA,RNF2,0.284440733655366
TGGGA,RNF2,-0.258512118850192
TTTGG,RNF2,-0.375164770428594
GGGAT,RNF2,0.0066829466709297
TCAAA,RNF2,0.473875580866068
ACTAG,RNF2,-0.0923003974557854
ATCAG,RNF2,0.556945144690054
ACATT,RNF2,1.12897364045288
ATAAG,RNF2,0.508417836393846
CCAAC,RNF2,-0.280261778586308
ATCGG,RNF2,-0.162259805319215
AAATA,RNF2,0.462892295081522
CGCGA,RNF2,0.013750768124261
GGTAT,RNF2,0.317155606658753
GCTAG,RNF2,0.0048664690827031
GCGAT,RNF2,0.422163397641459
ATGCC,RNF2,0.796396106091048
TGGAG,RNF2,-0.124186879918449
TGACG,RNF2,0.477561087324991
TGAGG,RNF2,-0.300479885777351
TGTCG,RNF2,0.10444177482997
ATTAG,RNF2,0.251711485935537
GTAGA,RNF2,0.0678114519200292
AGCGA,RNF2,0.287052296800145
CCGCC,RNF2,-0.72152395140051
TGCAG,RNF2,0.57921823057387
GTAAA,RNF2,0.355807272030031
TCTCC,RNF2,0.685504865727847
TAGGG,RNF2,-0.560040325834954
ATATG,RNF2,0.365134988191775
ACGTC,RNF2,0.820288774099653
ATACC,RNF2,0.864558948177171
TGTTT,RNF2,0.348931255352463
GGTCA,RNF2,0.193707471247198
GCCAT,RNF2,1.2705801301046
GTCGT,RNF2,-0.346090219874856
GTCAA,RNF2,0.757553111472639
AAAGA,RNF2,0.672026705450865
ACCAG,RNF2,-0.389406581820866
GCCTG,RNF2,0.545156916943094
GCTGA,RNF2,0.334045043856824
GGTGC,RNF2,0.349131278403879
AGTGG,RNF2,-0.555939165737712
ACGGT,RNF2,-0.528487090057855
GGTAC,RNF2,0.472389578849134
AATAG,RNF2,0.654322572831136
GCCGG,RNF2,-1.14603543955355
ACAGT,RNF2,0.895578237773178
AGTCG,RNF2,0.489514169950331
ACTAC,RNF2,0.349098988819792
CCAAA,RNF2,-0.426795589395205
GCGTC,RNF2,0.123615738090731
GACTC,RNF2,0.730970009804556
ATAGA,RNF2,1.04101692487656
ATGTT,RNF2,0.753411312807451
TGCGC,RNF2,0.419721278282488
AGGGT,RNF2,-0.61951166476557
TCACA,RNF2,0.43755169458054
ATAAC,RNF2,0.444177569712615
AATTG,RNF2,0.500354606365429
TATCG,RNF2,0.724932792161946
CATCG,RNF2,-0.657035001161248
TAACG,RNF2,0.480864202368915
GACGA,RNF2,0.229241620675189
GATGT,RNF2,-0.0080202612627662
GGTAA,RNF2,0.254121228254766
ACCGC,RNF2,0.534851929344397
GCGTA,RNF2,-0.113782045872094
ATGCG,RNF2,0.420168091218812
TCATG,RNF2,0.296656500715764
TCGTT,RNF2,0.596253484793495
AATCA,RNF2,0.848462643887002
TGATG,RNF2,0.16277349812267
GGCAT,RNF2,0.585883036829202
ATCAC,RNF2,0.464395091295804
ATTGG,RNF2,-0.361639189583014
CAACC,RNF2,-0.280346563039508
TTTTA,RNF2,0.658044382492442
CCGCA,RNF2,-0.812903718305003
CCCAG,RNF2,-1.1350319628616
TTCGA,RNF2,0.589045102737593
GTCTG,RNF2,-0.0325266775149746
CCACC,RNF2,-1.12648886574385
TCTCA,RNF2,1.11406397659364
GGACA,RNF2,0.235615103380631
TTGCG,RNF2,0.235970264276245
CCGAC,RNF2,-0.459128096489314
GCATC,RNF2,0.767004006771803
ACGAG,RNF2,0.257343344625031
CCCAT,RNF2,-0.58066128553253
GGAAA,RNF2,0.454299828722238
GTGAC,RNF2,0.238590271121138
ACTGT,RNF2,0.286391261153252
TCGTG,RNF2,0.230693083292405
AGCGC,RNF2,0.344944077627494
AGACC,RNF2,0.553771524780029
GTTAA,RNF2,0.422685198523036
TACGC,RNF2,0.47675784075971
CATCA,RNF2,-0.224187483226732
GAATG,RNF2,-0.103455514383192
AGACA,RNF2,0.471748026196877
TCGCG,RNF2,0.213530387574304
GCTAC,RNF2,1.19249207147887
TTGCA,RNF2,0.724247759818521
ACGCT,RNF2,0.869309399081503
TGGGC,RNF2,-0.740430666450239
CAGGG,RNF2,-1.69782434461815
TTCCG,RNF2,0.636163954411048
AGCGT,RNF2,0.120573628048442
CACAT,RNF2,-0.185784322266786
CACTA,RNF2,-0.556896861355762
GGTTT,RNF2,-0.0532261670438725
CATTG,RNF2,-0.891327668967481
TTCCC,RNF2,0.525240711456817
AAATC,RNF2,0.747346021258453
AAGAC,RNF2,0.49751878215211
GAGGA,RNF2,-0.710742800365479
GTAGC,RNF2,0.0297445268225509
GCATT,RNF2,0.764568680574452
ACACT,RNF2,0.59931704435021
ATGCA,RNF2,0.550186846667136
GCGAA,RNF2,0.0695067805661829
TTTAG,RNF2,0.446260929716674
AACAT,RNF2,0.774215369259798
ATTTA,RNF2,0.573601954190126
TGTAG,RNF2,0.587659889044412
TGGCG,RNF2,-0.503465259138597
AAGAG,RNF2,0.369938727521106
CCCCT,RNF2,-0.867821648468331
GCAGT,RNF2,-0.207274082848299
GTACA,RNF2,0.342677662685277
TTGTA,RNF2,0.118502068506395
AAGCG,RNF2,-0.1342868026279
CAATG,RNF2,-0.535844514075027
TAACA,RNF2,0.440897333456194
GACTG,RNF2,-0.040194499180382
TACAG,RNF2,0.502341624599204
AGTAG,RNF2,0.45026042217796
AATGG,RNF2,-0.212923455162185
CAAAG,RNF2,-0.911957048390066
ATCGT,RNF2,0.145391290462204
GGCAC,RNF2,0.252574234483307
GGTTA,RNF2,-0.342559275762259
GGCTT,RNF2,0.22775866681952
ATAGG,RNF2,-0.16299142010722
GGCTA,RNF2,0.513959091841919
GCATA,RNF2,0.468845007629708
AGGGA,RNF2,-0.185912989119936
GGTCC,RNF2,0.22363983648153
TCCAG,RNF2,-0.0474417469888042
ATAAA,RNF2,0.526097793182254
AGAAG,RNF2,0.467970040164895
CACTC,RNF2,-0.115811812248994
GCAAT,RNF2,0.732899443674095
GTTAT,RNF2,0.434756645981464
TGCTG,RNF2,0.215756224868825
AATAA,RNF2,0.566718322624029
TACGT,RNF2,0.439203303655747
TCGCA,RNF2,0.735801728877959
GTAAT,RNF2,0.436792984848941
ACGAA,RNF2,0.0178238781479294
ACCAT,RNF2,-0.206351232840289
GCCTA,RNF2,0.398273804615449
AACTG,RNF2,0.313044143058342
CCAAG,RNF2,-1.03762630939714
TTCCT,RNF2,0.896148951702052
TTCGT,RNF2,0.0977916326574224
TCAAG,RNF2,0.330628761829431
TTCCA,RNF2,1.02255516908201
TATTG,RNF2,0.216864209767934
GGTCT,RNF2,0.259406060814467
ACTGC,RNF2,0.268872602863276
TTTGA,RNF2,0.639486864836142
TTTCA,RNF2,0.670868144316454
CATTA,RNF2,-0.468147877452214
TCCGA,RNF2,0.516069266481972
GATGC,RNF2,0.217073911069326
TTATG,RNF2,0.108501083811204
AGATG,RNF2,0.240884557291889
CCGGG,RNF2,-2.35656054375119
ATGTA,RNF2,0.0392529520426148
CGTCG,RNF2,-0.829074690225308
CGCCA,RNF2,3.28946505589052
GTTCA,RNF2,0.958442091397165
GTTTC,RNF2,0.57079125247351
TGTAT,RNF2,0.406790689832095
TTTCT,RNF2,0.776181419529394
ACCGA,RNF2,0.103512286924722
ATATT,RNF2,0.90547802132305
ATCAT,RNF2,0.91400210915814
GTGGC,RNF2,-1.49406882361108
GCTAT,RNF2,1.12336668862455
GTCAT,RNF2,0.799123235110072
ACGAT,RNF2,0.728469902675473
GTTCT,RNF2,0.804275459739117
AAGCC,RNF2,0.365640183146862
TCTAA,RNF2,0.670471821543334
AGGTG,RNF2,-0.070287087433476
TACGG,RNF2,-0.201676718204007
ATCTG,RNF2,0.29215674391371
TGGTG,RNF2,-0.904761877925257
GCGCT,RNF2,0.368985781275914
GTGAA,RNF2,-0.0894113233235689
GTCCT,RNF2,0.586606634150156
GTAAC,RNF2,0.908647930786016
AACCT,RNF2,0.60839098236284
TGAAG,RNF2,0.404943941480701
GGACC,RNF2,0.130112141601952
ACGGC,RNF2,-0.306743208025715
GGTTC,RNF2,0.0050285170343542
AGCAA,RNF2,0.564541786411535
AACTC,RNF2,0.654889120376096
ATTCA,RNF2,0.888928691361977
AGGGC,RNF2,-0.448406832056213
AGTGC,RNF2,0.291675608543503
GACAT,RNF2,0.32907817302306
CCTTG,RNF2,-1.4491876118093
TGTTA,RNF2,0.494130222662623
AACTA,RNF2,0.406669947620099
AAAGC,RNF2,0.29599673855385
GAGTA,RNF2,-0.361313171605158
GTTAC,RNF2,0.349986229266834
CGAGG,RNF2,-2.12873934712941
TTCGC,RNF2,0.303737952714833
TGCAT,RNF2,0.764660055986321
AACAC,RNF2,-0.160040297832959
AAGCA,RNF2,0.367210227910407
GTATA,RNF2,0.274507811779991
CGACG,RNF2,-0.997143680571289
GAAGC,RNF2,0.115462050195129
CGCGC,RNF2,-0.232728256193742
TGCAA,RNF2,0.734358606113842
GAGGT,RNF2,-1.75112093079235
GCCTT,RNF2,0.829240084180661
AGAAA,RNF2,0.342209279054121
ATATA,RNF2,0.733518555353534
CAGCA,RNF2,-0.233802559307968
TCACC,RNF2,0.279869976672206
ATCCT,RNF2,1.05049571751918
GTTCC,RNF2,0.812299217143519
AAGAA,RNF2,0.308689714070658
AATCC,RNF2,0.444923241713868
AATAC,RNF2,0.48592416040794
CTACG,RNF2,-1.44749806791152
TTTGC,RNF2,0.532036512941978
CCCTA,RNF2,-0.959329756228009
TCCGT,RNF2,0.40363747169391
GAAAC,RNF2,0.177739055305265
CCAGA,RNF2,0.0096628530835438
AGAGA,RNF2,0.505922925750488
GTTTA,RNF2,0.35717652029739
CGTGT,RNF2,-1.36793088200255
CGTGA,RNF2,-0.31805617529219
GGATT,RNF2,0.111490409063503
CTTTG,RNF2,-1.74155498090999
GCGGC,RNF2,-1.58700377649615
ATCTT,RNF2,0.616517844709506
TCTCT,RNF2,0.735452655226631
GTATT,RNF2,0.223209480840453
CATAG,RNF2,-1.26928212681356
CGGGA,RNF2,-1.19392403446959
TGACC,RNF2,0.61538928370819
GTAGT,RNF2,-0.435169189491173
AGCAT,RNF2,0.817359518646123
TTCAA,RNF2,0.650091162292506
TGAGT,RNF2,0.288743845167243
CCGCG,RNF2,-1.20629671711518
GGAAC,RNF2,0.45550948643079
AAGGA,RNF2,-0.488176808955755
TAACC,RNF2,0.361272606132845
GGACT,RNF2,0.401044790269671
TATGT,RNF2,0.173865469687589
AACGT,RNF2,0.515747240219419
CGTTG,RNF2,-0.995149701970766
AATTA,RNF2,0.376184369823715
AGCAC,RNF2,0.22890185096418
AAGTG,RNF2,0.0616715420649623
ATTAA,RNF2,0.328148328127527
ACTCT,RNF2,0.853897242979716
CAGTA,RNF2,-0.3624342576034
AGAAT,RNF2,0.30319390029325
GAAGA,RNF2,0.161901726058584
CGCAC,RNF2,-0.564978566233849
TCCTG,RNF2,0.35196559928162
AATTC,RNF2,0.522703540734673
TTCAC,RNF2,0.669747875073956
CCCGG,RNF2,-1.8008163903516
TGTGC,RNF2,-0.185671904413455
TTCAG,RNF2,0.308495082709516
CAAGA,RNF2,-0.130286847798944
ATTGA,RNF2,0.71757184243223
CGCAA,RNF2,-0.329341289153248
TCTAT,RNF2,0.807780861719023
TAGCG,RNF2,-0.142099177936243
GCGGT,RNF2,-2.3415935666352
TTTAT,RNF2,0.422930354835584
TCGAG,RNF2,-0.0426255587974875
AAACT,RNF2,0.60087242838144
GAGTT,RNF2,-0.161066333473466
TGACA,RNF2,0.422738580880941
GACAC,RNF2,0.027234631250014
TACGA,RNF2,0.5279278953681
CATAT,RNF2,-0.502926698884025
GAGCA,RNF2,-0.22376557862597
GATTT,RNF2,0.465471767581819
TAAAG,RNF2,0.187800970382444
TTCGG,RNF2,-0.24052377189903
CCTCG,RNF2,-1.62049340665256
CATAA,RNF2,-0.2005739696347
TCGGA,RNF2,-0.016831633335272
TGCTT,RNF2,0.538591830933569
CTTCG,RNF2,-1.5830509253025
GGAAT,RNF2,0.307329215717816
TCCTT,RNF2,1.16096008776672
GTATC,RNF2,0.492034076351613
TCGCT,RNF2,0.597278353540679
TGTCT,RNF2,0.580267394800797
TGTCA,RNF2,0.509732482939411
ATGTC,RNF2,0.496063036208467
TATTT,RNF2,0.675676763245246
ACTGG,RNF2,-1.11259373676399
TCGTC,RNF2,0.274529559912246
CATAC,RNF2,-0.384353670595493
CCTTA,RNF2,-0.769016179905442
TCTAG,RNF2,-0.293728401014897
ATAAT,RNF2,0.979631001834338
TACAT,RNF2,0.887127533398086
TAGTG,RNF2,-0.433000903088017
CGTGG,RNF2,-2.32576890673885
GATAT,RNF2,0.355504848140679
TCATA,RNF2,0.571580623864673
TCTGT,RNF2,0.0389525642441928
TGCCT,RNF2,1.00137637494189
AGCCT,RNF2,0.535953110231119
GATTA,RNF2,0.170654046948092
CCTCA,RNF2,-1.07439564006466
ATTGC,RNF2,0.252017379983865
TAATG,RNF2,0.416829955984369
GATCC,RNF2,0.488568126440795
AGTAA,RNF2,0.311818735359358
CTCCC,RNF2,-1.29838323054752
TAAAC,RNF2,0.146792834724605
TTTAA,RNF2,0.381957881914953
CAAGC,RNF2,-0.585645186525733
GCACT,RNF2,0.472168751559646
CAAGG,RNF2,-2.11862614237187
TCGAC,RNF2,0.555322386834611
GTACC,RNF2,0.402748422776714
ATACT,RNF2,0.782381411835134
ATAGT,RNF2,-0.0660102804112448
TGAAA,RNF2,0.359584386138987
GTGAT,RNF2,-0.187029379343441
GAGCC,RNF2,-0.364171228261776
GGATC,RNF2,0.452532719715027
TTGCC,RNF2,0.399778946166466
CACGT,RNF2,-0.746251330662462
CATCC,RNF2,-0.607339660283557
TTAAG,RNF2,0.259855364542034
AGAGT,RNF2,0.0176654092330288
TATAG,RNF2,0.367275357307753
TTAGA,RNF2,0.357725141789812
ACCCT,RNF2,0.100270211919455
AGCTG,RNF2,0.030597159151494
GACTT,RNF2,0.0998096812095053
GTCTT,RNF2,-0.12851639390257
GATCA,RNF2,0.416342961766574
GAACG,RNF2,-0.0623905367981781
GATAA,RNF2,0.187075192668926
TCAGA,RNF2,0.109163310268066
CATGT,RNF2,-0.957969635284741
CCCTT,RNF2,-0.657624824081068
TGCAC,RNF2,0.516319813794015
CCTCC,RNF2,-1.06502386877263
CAATA,RNF2,-0.579706664652148
AGTGA,RNF2,0.487831231895079
ATATC,RNF2,0.834818002002867
CAAAT,RNF2,-0.378272049747327
GAGAA,RNF2,-0.346925517685653
TATTA,RNF2,0.816643277889606
CTTTA,RNF2,-2.57532802338452
AAGTA,RNF2,-0.147042895179737
CCGGA,RNF2,-1.01282381556903
GATAC,RNF2,0.272750288287467
AATGC,RNF2,0.475633175468484
ATAGC,RNF2,0.0384190953810926
TTAAA,RNF2,0.177540534524157
ACCGT,RNF2,-0.673055416762432
TGTAA,RNF2,0.422748956936733
ATGAG,RNF2,-0.640805343118497
TACTA,RNF2,0.534451488988578
TATAT,RNF2,0.846552362065221
AGTTT,RNF2,0.639602076572611
CCGTG,RNF2,-1.81248609597596
AATTT,RNF2,0.700064787058841
TCTTA,RNF2,0.847609793412948
CAGCG,RNF2,-0.879297623827373
CGATG,RNF2,-0.663985412618619
TGGAA,RNF2,-0.383251930243754
CACTG,RNF2,-0.561885506890734
AGCTA,RNF2,0.19152194595652
TCTTC,RNF2,0.522643365177151
ATTCC,RNF2,0.706486277237662
CGAGA,RNF2,-0.555759367835751
TGCTC,RNF2,0.591058169881842
GACTA,RNF2,0.0188551725214747
ATTCT,RNF2,0.829723593635288
CTTAG,RNF2,-2.22770824839528
TTAGG,RNF2,-0.428980600162706
CCCGT,RNF2,-0.92276563218106
TTCTG,RNF2,0.0808737912674236
AATGT,RNF2,-0.270645409438849
GAGAT,RNF2,-0.441140330714889
TGGTA,RNF2,-0.697692181356803
AGTCA,RNF2,0.558594938272178
AGGAA,RNF2,0.073253895110506
CAGAG,RNF2,-1.11735410935342
TTGAG,RNF2,-0.552175676005374
TACAC,RNF2,0.303668097991141
TAGAG,RNF2,-0.145276906420007
GTCTC,RNF2,0.42163559122937
CAGTG,RNF2,-0.835031096521854
TTCTA,RNF2,0.348335476309842
ATGGT,RNF2,-1.79110072862107
CATGC,RNF2,-0.20131127283342
AAATT,RNF2,0.678666902276545
TTGTC,RNF2,0.0130783291540641
CCTAA,RNF2,-0.967010042280654
AAGAT,RNF2,0.313169881691683
ATGCT,RNF2,0.53306740832447
GAGGC,RNF2,-1.52006504950705
CCTTT,RNF2,-0.464913188092883
AGTTA,RNF2,0.242343115393153
TCCTC,RNF2,0.870302101389242
CAGAA,RNF2,-0.472824886225537
TTATA,RNF2,0.301311491406123
GAATC,RNF2,0.309280676511927
TTTTC,RNF2,0.384173452727305
TCATC,RNF2,0.671306462916633
AATAT,RNF2,0.623910657062444
GAAAT,RNF2,0.496363206240883
TATGG,RNF2,-0.363722141190751
ACTGA,RNF2,0.160173480996162
TCCTA,RNF2,0.503271767626396
TCGTA,RNF2,0.152108078149716
CTGGG,RNF2,-4.08262548401536
CCATA,RNF2,-0.618507398944512
CGACA,RNF2,-0.748146519865195
TTCAT,RNF2,0.934944148706235
CGTCA,RNF2,-0.387754474543764
CGGCG,RNF2,-1.55932761494268
TTGCT,RNF2,0.518943823724019
AGGAT,RNF2,0.282179480314259
CAACT,RNF2,-0.46926749673969
AGTAT,RNF2,0.218197099927623
GAATT,RNF2,0.293026581735683
CAGCC,RNF2,-0.42130385523652
TCAAT,RNF2,0.586682708339827
AGACT,RNF2,0.606061303364644
ATTTC,RNF2,0.284053608164774
ATTAT,RNF2,0.550112763774361
TGTTC,RNF2,0.108270949463099
CACGG,RNF2,-1.91113876879466
TACTG,RNF2,0.126513109969705
TTGGA,RNF2,-0.681606207142641
GAAGT,RNF2,-0.604201587328042
CTATG,RNF2,-2.02972516321588
TGAGA,RNF2,0.0378005311627447
TGTGA,RNF2,-0.0052412861396611
CATGA,RNF2,-1.10440355429965
CCGAG,RNF2,-1.68443708353796
TATCA,RNF2,1.208020105753
TTATT,RNF2,0.350823707272408
CGTGC,RNF2,-0.86504037073148
CCAAT,RNF2,-0.78200201650699
TACTC,RNF2,0.266101240173599
GAACC,RNF2,-0.140130648036191
AGATA,RNF2,0.300750569548242
GATTC,RNF2,0.535131336017015
ATCTA,RNF2,0.226329343214793
CAAGT,RNF2,-1.18251785209989
CCATG,RNF2,-1.08542795680543
CAGGA,RNF2,-0.756454257605981
CCTAG,RNF2,-2.20899912880956
TGCTA,RNF2,0.805575313511017
TTCTT,RNF2,0.393370862976401
AACTT,RNF2,0.626458256180449
GATGA,RNF2,-0.074003815352178
TCACT,RNF2,0.400255491864655
TAATT,RNF2,0.452003349885171
TGGAT,RNF2,-0.0215055902370516
CGCTG,RNF2,-0.782777424743271
TGAGC,RNF2,0.0548568013470998
TTAGT,RNF2,-0.510601289602837
TAGAA,RNF2,0.403667157432825
GAGTC,RNF2,-0.456387819421559
CGGAC,RNF2,-0.955830003505907
CGCGG,RNF2,-1.84636784482695
TAGCA,RNF2,0.143865310470979
CCATC,RNF2,-0.414243008175314
CGTAA,RNF2,-0.951463261041553
GACCT,RNF2,0.331952316286763
TATTC,RNF2,0.534682335882209
TCGAT,RNF2,0.232471123210473
TTACG,RNF2,-0.543422671794932
CGCAG,RNF2,-1.08156513817415
CCGAA,RNF2,-1.37197010784814
CACCT,RNF2,-1.00929948568839
CTTGT,RNF2,-1.81384200745914
GAGAC,RNF2,-0.330522133736364
AGGAC,RNF2,0.260443786327397
TCTAC,RNF2,0.194168964412611
CGACC,RNF2,-0.916482509111081
AGGCC,RNF2,0.134561773709899
CTTGG,RNF2,-3.00157733246436
CGAAA,RNF2,-1.12445688610167
CCGTA,RNF2,-1.27850058918994
CCAGG,RNF2,-1.86695029304761
AAAGT,RNF2,0.0237565169917051
TACTT,RNF2,0.693369427784878
TCGGC,RNF2,-1.03692623862639
TGTCC,RNF2,0.291158994530717
CACTT,RNF2,-0.432086674018299
TATCC,RNF2,0.326099286794243
CGGAG,RNF2,-2.06294637081657
TATGC,RNF2,0.202425643879911
TTACA,RNF2,-0.0217923384379031
CGTTA,RNF2,-0.658410855196683
CATTT,RNF2,-0.389268202663462
AGGCA,RNF2,0.247090217657785
CTACA,RNF2,-1.39211591513199
GAATA,RNF2,0.1675781957605
GTCTA,RNF2,0.125589886240501
CGCGT,RNF2,-0.779657064162475
AAAAC,RNF2,-0.726159058291209
AAGTT,RNF2,-0.0051997320285153
AGTAC,RNF2,0.0295253481839346
CTCCA,RNF2,-1.218680640064
CTATA,RNF2,-1.8586637757536
ATGAA,RNF2,0.0474704314054755
AGGTT,RNF2,-0.804928060414241
CGGGT,RNF2,-2.46302685248865
TAAGT,RNF2,-0.022336503663821
AGTTC,RNF2,0.158422873304382
TACCT,RNF2,0.799665657269268
TGGCC,RNF2,-0.642708950359932
CTCAC,RNF2,-1.52159904881686
ATGAT,RNF2,-0.369975779593577
CATGG,RNF2,-1.72243421747488
AGGTA,RNF2,-0.254343869009421
CTAAG,RNF2,-2.21496235757529
GTACT,RNF2,0.192631917510443
CTTCA,RNF2,-1.95243106511919
ATCTC,RNF2,0.701535010415226
ATGGA,RNF2,-0.384104288585149
CGCTC,RNF2,-0.193453393887356
CGTTT,RNF2,-0.802671213882626
AATCT,RNF2,0.645676424781358
CTTAT,RNF2,-2.08571708224434
ATGAC,RNF2,-0.0861621449515919
AAGTC,RNF2,0.251076265137719
CCTTC,RNF2,-0.900755197273471
CGGGC,RNF2,-2.29318917020341
AGATT,RNF2,0.381949969058542
CTTAA,RNF2,-2.50297677532149
CCTAT,RNF2,-0.961397504000033
AGAAC,RNF2,0.314286154150814
CAATC,RNF2,-0.0371841571782614
TCGAA,RNF2,0.181167008882975
CCACT,RNF2,-0.619394861610679
CGGTA,RNF2,-1.31148846299675
CGTCC,RNF2,-0.964723440696147
TAATA,RNF2,0.590724827936091
GAGCT,RNF2,-0.267343426021478
TATAA,RNF2,0.375978915372908
TCGGT,RNF2,-1.08094997661862
TTCTC,RNF2,0.419392750577831
ATTAC,RNF2,-0.647385844087344
TCAGG,RNF2,-0.758435963325866
CATTC,RNF2,-0.616246958658881
AGAGC,RNF2,-0.161793569147761
AGCTC,RNF2,0.381959517683613
TTAAT,RNF2,0.468929026073063
CCTAC,RNF2,-1.64083935614869
CAATT,RNF2,-0.258795256415379
CGCTA,RNF2,-0.613294097977029
TCAGC,RNF2,-0.0950820396362353
TGGTT,RNF2,-1.30991004710974
TCTGC,RNF2,-0.0835002025232008
TTTCC,RNF2,0.420830275215621
CCTGT,RNF2,-1.18566753497332
TAGAC,RNF2,0.0884243394307678
TTGAC,RNF2,-0.259382241573022
CCTGA,RNF2,-0.666455775301827
CTAGG,RNF2,-3.26350946896404
CCTGG,RNF2,-2.49936635009974
CGATA,RNF2,-0.633347076834132
CGTAT,RNF2,-1.10335493813361
TAGAT,RNF2,0.612703944448926
TAAAT,RNF2,0.439222346316118
CCGTC,RNF2,-1.29846132960392
ACCGG,RNF2,-1.76675854473065
CTCCG,RNF2,-1.67500676248887
TGGAC,RNF2,-0.257193057819341
TCCGG,RNF2,-1.20809028561093
CTCAA,RNF2,-2.67562415550977
ACCTA,RNF2,-0.790447159465801
TTGAA,RNF2,-0.131064315956978
GATCT,RNF2,0.49307547176017
TAGTT,RNF2,-0.161224209483564
CCCTG,RNF2,-1.30921110519336
CAGAT,RNF2,-0.765590756432568
TGAAC,RNF2,0.43999610460957
AGCTT,RNF2,0.901947085437889
AGTCC,RNF2,0.0629240869256336
ACCTC,RNF2,-0.21402688371181
AATGA,RNF2,0.0729866722103942
CCGAT,RNF2,-1.80619313424183
TGGCA,RNF2,-0.335092833646243
CGAAG,RNF2,-1.36952011268976
TAAGG,RNF2,-1.280452712237
CCATT,RNF2,-0.620440384183041
TGAAT,RNF2,0.632603718478066
CGTTC,RNF2,-0.582528185522362
TCAGT,RNF2,-0.358492235981334
CTGTA,RNF2,-2.81371654673498
TTGGT,RNF2,-1.75260661007801
CCGGC,RNF2,-1.99056645679457
CGAGT,RNF2,-1.76874339130121
TAACT,RNF2,0.603201893447554
CAGTT,RNF2,-0.999688981972374
CTTTT,RNF2,-1.37188659441376
ACCTT,RNF2,-0.372210291661116
TGACT,RNF2,0.197052661660337
CTGTG,RNF2,-3.29115155220304
CGCTT,RNF2,-0.645262362606775
ACCTG,RNF2,-0.527429528512814
CTCGC,RNF2,-1.23094647117352
CTTGA,RNF2,-1.33073868022007
AGTCT,RNF2,0.443609240913135
TGATA,RNF2,-0.0795246996313939
TAGCC,RNF2,0.129591752294465
CGTAG,RNF2,-1.25194648644938
TAGTA,RNF2,0.101173561112958
CGGCA,RNF2,-1.41523683465621
AAGGT,RNF2,-1.25244964204744
CGTAC,RNF2,-1.0610109276232
TTAAC,RNF2,0.402257247551304
CATCT,RNF2,-0.587030628259919
TATCT,RNF2,0.594353832847165
CTTTC,RNF2,-1.87011654894258
AAGGC,RNF2,-1.28682029418572
TGTAC,RNF2,-0.285412273299727
CCGTT,RNF2,-1.37592860503499
AGATC,RNF2,0.348603464933817
TAAGC,RNF2,-0.249090453093457
CCAGC,RNF2,-1.34498440486638
CCTGC,RNF2,-1.24102328620632
AGGTC,RNF2,-0.663208480722444
CGAAC,RNF2,-1.35856757750625
CTAAT,RNF2,-2.73435470944295
TATAC,RNF2,-0.0829313540468775
CTCGA,RNF2,-2.01336452858329
CGCCT,RNF2,-0.240302379821168
TTGAT,RNF2,-0.679929477586821
CGCAT,RNF2,-0.737746411800789
CTCAT,RNF2,-2.21419717608133
CCGGT,RNF2,-2.36022555312042
CTCGT,RNF2,-2.08771405497164
TAAGA,RNF2,-0.572688282442956
CTTGC,RNF2,-1.60859959861718
CGGAA,RNF2,-1.5900962387401
TTATC,RNF2,0.345982896029309
TCTGA,RNF2,-0.19778578966749
TAGGA,RNF2,-0.625740361490877
CTAAC,RNF2,-2.05090656746041
CGAGC,RNF2,-1.13527933048073
TAATC,RNF2,0.351996023015396
TCATT,RNF2,0.192829835500863
CTCTA,RNF2,-1.81861120077682
CAGCT,RNF2,-0.570738496151618
TCTGG,RNF2,-1.82341092874382
TGGCT,RNF2,-0.844894671752991
CGTCT,RNF2,-0.955289785789931
CTATT,RNF2,-1.79001235785073
AGGCT,RNF2,-0.0758951278016919
CGGTC,RNF2,-1.84716786271432
CTGCG,RNF2,-2.52634142835581
CCGCT,RNF2,-1.04187787622297
CGACT,RNF2,-0.949500339320954
CGGCC,RNF2,-1.51494292210684
CTAGA,RNF2,-1.38973198562445
CTCGG,RNF2,-3.19032148312124
ATGGC,RNF2,-1.42151180466069
AAGCT,RNF2,0.0149250801033354
TTTAC,RNF2,-0.0896930598300258
GAACT,RNF2,-0.454997383583828
CCAGT,RNF2,-1.95811289119558
CTGTT,RNF2,-3.16612052468336
CTAAA,RNF2,-2.24136231172581
CGAAT,RNF2,-1.12528308774583
CAGGT,RNF2,-2.49178216952949
CTACC,RNF2,-2.08814778127114
TGGTC,RNF2,-1.16848222888846
TGATC,RNF2,0.0296769262300636
CAGTC,RNF2,-0.581344892102051
CGGTG,RNF2,-1.81032211398166
CCTCT,RNF2,-1.19736741805368
TGATT,RNF2,-0.579245752192366
AAAAG,RNF2,-1.86337204197312
GAAAA,RNF2,-1.52842499225198
TAGCT,RNF2,0.12862589068231
TTAGC,RNF2,-0.185354814838808
CTCCT,RNF2,-1.78190993393027
CGGTT,RNF2,-2.03049206798194
TAGGT,RNF2,-1.59539078157322
CTCTC,RNF2,-1.85360725310434
TATGA,RNF2,0.175230804177938
CTGGA,RNF2,-2.80755210268692
CTCTT,RNF2,-1.87395531801155
CTTCT,RNF2,-1.57023057567046
CTGGT,RNF2,-4.08352640116591
TTACT,RNF2,-0.226631080170884
CTTAC,RNF2,-2.92445568518001
TTGGC,RNF2,-1.67824817892163
CTCAG,RNF2,-2.38137314600575
CTGAG,RNF2,-3.15837628255398
GAACA,RNF2,-1.37371969639372
CGATC,RNF2,-0.901996161125624
CAGGC,RNF2,-1.88464585758718
TTACC,RNF2,-1.39145317359008
CGGAT,RNF2,-2.29006264066045
CTAGT,RNF2,-2.9886720801129
CTGAC,RNF2,-2.54895673435425
CGATT,RNF2,-1.23794202408939
TAGTC,RNF2,-0.114880170563875
CTGTC,RNF2,-2.90444210288556
CTTCC,RNF2,-1.74576558290267
CTGAA,RNF2,-3.34874785739627
TAGGC,RNF2,-1.41358514180454
CTATC,RNF2,-1.73084655489653
AAAAT,RNF2,-0.743246762660521
CTGCA,RNF2,-2.12510895424731
CTAGC,RNF2,-2.40993397549585
CTGAT,RNF2,-3.89405159552203
TAAAA,RNF2,-2.74602182446307
AAAAA,RNF2,-3.30224355904734
CTCTG,RNF2,-2.20656430166429
CAAAA,RNF2,-4.12731065991697
CTACT,RNF2,-1.83253449193114
CTGGC,RNF2,-4.00005500741672
CGGCT,RNF2,-1.60508794547294
CTGCC,RNF2,-2.06657731418361
CTGCT,RNF2,-2.25424295768031
GTCAG,HEK3,0.408407925066182
GCTGC,HEK3,0.647382119406604
GGGGG,HEK3,-0.466645193817103
GCCCC,HEK3,0.543903181539573
GTGGG,HEK3,0.0525370446650779
GCCCG,HEK3,0.385138208007858
GGCGG,HEK3,-0.581467230287252
GCGGG,HEK3,0.031266619613417
GGAGG,HEK3,-0.973750297044457
GGGCG,HEK3,-0.976153121916131
GGGAG,HEK3,-0.222126701643637
GGTGG,HEK3,-0.564202459803683
TGGGG,HEK3,-1.61789164049467
GTAAG,HEK3,-2.9297456599663
AGGGG,HEK3,-0.332509508010602
GGCAG,HEK3,-0.0863288925904886
GCCCA,HEK3,-0.0733849894568142
GGGGC,HEK3,-0.950719403273682
GGGGA,HEK3,-0.751298465068558
GGGTG,HEK3,-0.506157716242322
GGGGT,HEK3,-0.861446258015686
GAGGG,HEK3,0.255338794481748
GCCAC,HEK3,0.58857645248438
ACACA,HEK3,0.999038641231772
ACACG,HEK3,0.603496150546846
ACAAA,HEK3,0.88789959905111
GGCCG,HEK3,0.192202521363338
CCCCC,HEK3,0.50832129650755
ACGGG,HEK3,0.734828490183931
GTGTG,HEK3,-0.0412748264986789
GCCGC,HEK3,0.737419136093218
CCCCA,HEK3,0.442693939564593
GGCGC,HEK3,-0.364544044404282
TCCCC,HEK3,-0.484540861216294
ACAAC,HEK3,1.09414020513975
GCTTG,HEK3,0.260166152199641
ACCCC,HEK3,1.16848467519494
GGTGT,HEK3,-0.921961661109465
TCCCG,HEK3,-0.0526086066828118
GCTCG,HEK3,-0.0574777873101056
GGACG,HEK3,-0.895788010157364
TCCCA,HEK3,-0.508142473299154
GTGCG,HEK3,0.241331419589482
ACCAC,HEK3,1.52022946643683
ACGCC,HEK3,2.04908619328549
AACCA,HEK3,1.1163476715858
TTTTT,HEK3,-1.28552667664977
GCGCC,HEK3,1.34783796146769
GGTCG,HEK3,-0.55441324954371
ACTCA,HEK3,1.29914171476138
GGCCC,HEK3,-0.627942862110837
GGTTG,HEK3,-0.391955785691128
GTTTG,HEK3,0.170426201321369
CACAA,HEK3,0.800713040927498
CCCCG,HEK3,1.21664555024401
GGAGT,HEK3,-1.41086442026227
ACAGA,HEK3,0.714378685610839
ACGCA,HEK3,1.23002915270561
GCCAA,HEK3,0.455381195515285
AACCC,HEK3,0.672942378065876
GCACG,HEK3,-0.38342222469656
ACTCG,HEK3,1.09429697537731
GGATG,HEK3,-0.980014366883555
ACAAG,HEK3,1.12873695055369
CCCAC,HEK3,0.987127080525704
GTTGG,HEK3,0.0446856248399374
GCTCC,HEK3,0.0252540866418443
ACCCA,HEK3,1.29717824821335
GGAAG,HEK3,-0.600855557493986
GGCCA,HEK3,0.13234525841894
ACATA,HEK3,0.972584913293204
GACCG,HEK3,0.831389884149674
GCGCA,HEK3,0.745474958431005
GTTCG,HEK3,-0.144276562557723
GGTAG,HEK3,-0.427436943485436
GCTTT,HEK3,0.451094448864287
GGCGT,HEK3,-0.298865655022098
ACACC,HEK3,1.26640907763115
AACAA,HEK3,0.765584292487855
GTCGG,HEK3,0.223651393150725
GCAAG,HEK3,0.850613290217364
GCGCG,HEK3,0.0622220042472232
TCCAC,HEK3,-0.0154638478952549
GCAAA,HEK3,0.401945742864854
GTTGC,HEK3,-0.397569641113012
GCGTG,HEK3,0.242898071955013
TTTTG,HEK3,-0.572635325143578
AAACG,HEK3,-0.0029643479939096
TGTGG,HEK3,-1.59008475530159
GGGCC,HEK3,-0.61761212136093
GACCC,HEK3,0.486244882493319
TCCAA,HEK3,-0.0510153471979304
GAAAG,HEK3,0.399999970990834
GCGAC,HEK3,0.738667132209875
GCGAG,HEK3,0.347992549746063
GTCGC,HEK3,0.169413426915769
CACCA,HEK3,0.958767261893783
GACGG,HEK3,0.488627271068633
AACCG,HEK3,0.907311984419593
GGCTG,HEK3,-0.502766408103763
AACGA,HEK3,0.825072295758075
GTTGT,HEK3,-0.3575385128542
GTTTT,HEK3,-0.335436986283526
TCGGG,HEK3,-0.567328527158118
TGCCA,HEK3,-0.869147392400427
ACGAC,HEK3,0.845596508123021
TGCGT,HEK3,-0.804919739121887
GACAG,HEK3,1.01091447283708
GAGAG,HEK3,0.401497315679897
GTCCA,HEK3,-0.326920029816538
GCACA,HEK3,0.338209783043412
GAAGG,HEK3,0.110346958338194
ACGTT,HEK3,1.09019754926939
ACTCC,HEK3,1.62968208328662
ACCCG,HEK3,1.28871391283832
ACTAA,HEK3,0.981874123089721
ATCCA,HEK3,0.949512959457611
GCGGA,HEK3,0.420474119173598
GTGTT,HEK3,-0.253923478594361
ACTTT,HEK3,1.37774880007249
GCTCA,HEK3,-0.136639331391089
CACGA,HEK3,0.444769950540989
GTGGA,HEK3,-0.173643438259642
CCCGC,HEK3,0.643931334937589
GACAA,HEK3,0.647097686085546
GTAGG,HEK3,-0.0335226981452514
GGCGA,HEK3,-0.255828308265739
TGTGT,HEK3,-1.47654436713506
GGTGA,HEK3,-0.911477174734062
GGAGC,HEK3,-1.20953171430911
ACTTG,HEK3,0.702315989901011
ATCCC,HEK3,0.536006305848462
GCTGT,HEK3,0.178790620731064
CCCAA,HEK3,0.95963143774653
CCACG,HEK3,0.337503690532367
CACCC,HEK3,0.678383266794642
AACAG,HEK3,1.14560745042795
GTGCC,HEK3,0.756117675724937
TCACG,HEK3,-0.796878870628449
TTTCG,HEK3,-0.0041359916492993
ACAGC,HEK3,0.749179685219982
TGCCC,HEK3,-1.05740858420451
GTGCA,HEK3,0.243445784968467
TCTCG,HEK3,0.155018099222081
ACATG,HEK3,0.802416150886023
CGGGG,HEK3,-0.721202020928448
TGCCG,HEK3,-0.997674910510273
GGAGA,HEK3,-1.3353970346056
TGCGG,HEK3,-1.02212278893671
AGGAG,HEK3,-0.181545096071641
GACGC,HEK3,0.622719386355186
GCCAG,HEK3,0.745880375552479
GTTAG,HEK3,0.244511700069857
TTGGG,HEK3,-0.64727542626769
GGGAC,HEK3,-0.604273067529473
GCATG,HEK3,0.180223697342921
ACAAT,HEK3,0.742400809224538
AACGC,HEK3,0.678370379872099
GCAAC,HEK3,0.41745865561461
AACGG,HEK3,0.823422500764176
AAGGG,HEK3,0.612591352586838
GATAG,HEK3,0.918673129407575
AGACG,HEK3,-1.02422829605447
GCCTC,HEK3,0.850593051305433
TACAA,HEK3,-0.695809198932579
AATCG,HEK3,0.92465058557983
GCCGA,HEK3,0.635303638328274
AGCCA,HEK3,0.384792421660592
GGGTC,HEK3,-0.578622155906585
TTGTG,HEK3,-0.783022916116712
GCAGC,HEK3,0.133805331287745
GTGTA,HEK3,-0.111048017377836
GGGTA,HEK3,-0.757463473122415
GCGTT,HEK3,0.46916685519956
GTCCG,HEK3,0.329404612616607
CCCGA,HEK3,0.659971851283093
TGGGT,HEK3,-1.70819140869433
GTACG,HEK3,0.302468115247585
ACGCG,HEK3,0.903279505273407
CACGC,HEK3,0.174899050319254
ATGGG,HEK3,0.177752070146552
TTTGT,HEK3,-0.985942635427124
ATTTT,HEK3,0.502269846271661
ACGTG,HEK3,0.681530317454838
CCACA,HEK3,-0.0888687965617088
AAAGG,HEK3,0.334549902625092
GAGTG,HEK3,0.106672118858198
ATCAA,HEK3,0.954998877058422
ATCGA,HEK3,1.01538235270068
CACAC,HEK3,1.08074544846043
ATTTG,HEK3,0.809567575474267
GTGAG,HEK3,-0.100273741384452
CAACA,HEK3,-0.209156813027867
ATACG,HEK3,0.65547642475957
GGCAA,HEK3,-0.444425925851586
AGAGG,HEK3,-0.679571193085566
TACCC,HEK3,-0.989706663428504
AGCCG,HEK3,0.155174910306426
GGGAA,HEK3,-0.551163170669104
TCTTG,HEK3,-0.273954167628668
ACAGG,HEK3,1.16481388843416
ATTCG,HEK3,0.609172889760599
ATACA,HEK3,0.370176524837035
ACGTA,HEK3,1.07082599436039
ACCAA,HEK3,1.14756230876894
AAACA,HEK3,0.182198221263123
AGCGG,HEK3,-0.585015203174992
TTGTT,HEK3,-0.941963472942376
GACCA,HEK3,0.631812812237982
AAACC,HEK3,0.237855598242472
TACCG,HEK3,-0.111991906112008
GCTAA,HEK3,0.608573495094127
GCTTA,HEK3,0.158663162790907
GTCGA,HEK3,0.0543688912094975
TACCA,HEK3,-0.447884903333682
GATGG,HEK3,0.514501338706031
GCTTC,HEK3,0.204151797261732
TCGCC,HEK3,0.155539166692897
GCCCT,HEK3,-0.922605953235067
ACTTA,HEK3,0.850546180587482
TGTTG,HEK3,-1.47792532076461
GTCCC,HEK3,-0.752025689732676
CAACG,HEK3,-0.0460079132366022
GTTGA,HEK3,-0.267493001981084
ATCGC,HEK3,0.778149512854643
GACGT,HEK3,0.346753781755805
GTGTC,HEK3,-0.162814411963071
ACGGA,HEK3,0.839459208230256
CAGAC,HEK3,0.495946411652245
GCACC,HEK3,0.457926389360585
TCCGC,HEK3,-0.750603761497338
TCCCT,HEK3,-0.606705148291283
CGCCG,HEK3,-0.302810000069124
GCAGA,HEK3,0.22671723180647
GCAGG,HEK3,0.398976494597838
ACTTC,HEK3,1.24855142031027
GGGCT,HEK3,-1.0464569430851
GATTG,HEK3,0.387681281346495
GGCCT,HEK3,-0.401787418828382
AGCCC,HEK3,-0.327645177309829
CACAG,HEK3,1.15453427451573
CACCG,HEK3,1.04240829878196
GAGCG,HEK3,0.132522660707316
CAAAC,HEK3,-0.225175406740759
GTGCT,HEK3,-0.18197948709888
GCTCT,HEK3,-0.495493849221456
GGGTT,HEK3,-0.966031722728118
GATCG,HEK3,0.550536293406578
TGCGA,HEK3,-0.747053193491082
AGTGT,HEK3,-0.600520626756417
ATGTG,HEK3,0.355403916809008
ATTGT,HEK3,0.679200782069467
CCCTC,HEK3,0.794371101011347
AGCAG,HEK3,-0.142233841611201
AGTTG,HEK3,-0.262522135024232
AAATG,HEK3,0.180948966098683
GCTGG,HEK3,0.405383831739163
GGGCA,HEK3,-0.79415459230092
TCTTT,HEK3,0.0130744735083805
GCCGT,HEK3,0.370946854375074
ACTAT,HEK3,1.02708816787483
TCAAC,HEK3,-0.692825246996543
ACATC,HEK3,0.931569493332741
AGGCG,HEK3,-0.896529088384456
ATCCG,HEK3,1.24558841921969
GTCAC,HEK3,0.134147646809673
CGCCC,HEK3,-0.200286847434807
TCCAT,HEK3,-0.236108846750872
GGCTC,HEK3,-0.501107474870935
GTATG,HEK3,-0.0078230713330373
GTGGT,HEK3,-0.317729736124869
GGATA,HEK3,-1.48081319566957
TGGGA,HEK3,-1.83360247133767
TTTGG,HEK3,-0.601574686985311
GGGAT,HEK3,-0.764308120046492
TCAAA,HEK3,-0.727369457166468
ACTAG,HEK3,1.2491291320258
ATCAG,HEK3,1.16547038077131
ACATT,HEK3,0.823925791310707
ATAAG,HEK3,0.438375422840512
CCAAC,HEK3,-0.0719169231027834
ATCGG,HEK3,0.969756827330066
AAATA,HEK3,-0.280473116120543
CGCGA,HEK3,-0.903795498167179
GGTAT,HEK3,-0.788627978810542
GCTAG,HEK3,0.864516543863223
GCGAT,HEK3,0.57440635996149
ATGCC,HEK3,1.27357204441948
TGGAG,HEK3,-1.19803754999898
TGACG,HEK3,-1.4822232743357
TGAGG,HEK3,-2.07101651291646
TGTCG,HEK3,-1.52394488416699
ATTAG,HEK3,1.1233426523138
GTAGA,HEK3,-0.321938906174731
AGCGA,HEK3,-0.182287283141344
CCGCC,HEK3,0.611483908969735
TGCAG,HEK3,-0.901908715322918
GTAAA,HEK3,-0.797015626265418
TCTCC,HEK3,-0.127795164995094
TAGGG,HEK3,-0.773546839185281
ATATG,HEK3,0.711806117065922
ACGTC,HEK3,1.15055759608187
ATACC,HEK3,0.302436114001843
TGTTT,HEK3,-1.6495116274667
GGTCA,HEK3,-0.543501774218297
GCCAT,HEK3,0.110505258011356
GTCGT,HEK3,0.102334555046784
GTCAA,HEK3,-0.0663922320335004
AAAGA,HEK3,-0.148560883941448
ACCAG,HEK3,1.84495060282138
GCCTG,HEK3,0.279626477613993
GCTGA,HEK3,-0.0600711348361216
GGTGC,HEK3,-0.696827452808582
AGTGG,HEK3,-0.504815396020248
ACGGT,HEK3,0.855547149559767
GGTAC,HEK3,-0.698030638268435
AATAG,HEK3,0.849945780141118
GCCGG,HEK3,0.465437790775562
ACAGT,HEK3,1.06389466572701
AGTCG,HEK3,-0.322390744199227
ACTAC,HEK3,1.21554661316325
CCAAA,HEK3,-0.337116567074002
GCGTC,HEK3,0.415260922570642
GACTC,HEK3,0.715579883756478
ATAGA,HEK3,0.736144200767461
ATGTT,HEK3,0.131733502166032
TGCGC,HEK3,-0.586316237066372
AGGGT,HEK3,-0.748200965186175
TCACA,HEK3,-0.885708149177006
ATAAC,HEK3,0.0880049421319686
AATTG,HEK3,0.667323883217197
TATCG,HEK3,-0.37913385989045
CATCG,HEK3,0.734510993311513
TAACG,HEK3,-0.844627385188113
GACGA,HEK3,0.544550481548383
GATGT,HEK3,-0.0238835578852683
GGTAA,HEK3,-0.534443391880009
ACCGC,HEK3,0.921924789229967
GCGTA,HEK3,0.44796119887663
ATGCG,HEK3,0.175887204149278
TCATG,HEK3,-0.75208549096094
TCGTT,HEK3,0.0217542809746973
AATCA,HEK3,0.76832446556592
TGATG,HEK3,-1.97498974340584
GGCAT,HEK3,-0.394529315893763
ATCAC,HEK3,0.905989310927845
ATTGG,HEK3,0.957270708580976
CAACC,HEK3,0.186447188060116
TTTTA,HEK3,-1.08494120828866
CCGCA,HEK3,0.184922355282831
CCCAG,HEK3,0.922404575888713
TTCGA,HEK3,-0.133657208286497
GTCTG,HEK3,-0.0861581965054175
CCACC,HEK3,-0.0632684298924175
TCTCA,HEK3,-0.165129033628755
GGACA,HEK3,-1.06034328150316
TTGCG,HEK3,-0.44128102303665
CCGAC,HEK3,0.321667722534579
GCATC,HEK3,0.185118963154236
ACGAG,HEK3,0.580985165225369
CCCAT,HEK3,0.813481518843227
GGAAA,HEK3,-1.02607086374756
GTGAC,HEK3,-0.394061175772016
ACTGT,HEK3,0.886975537134363
TCGTG,HEK3,-0.631521339141427
AGCGC,HEK3,-0.313098735339485
AGACC,HEK3,-0.952809415096546
GTTAA,HEK3,-0.278596531838685
TACGC,HEK3,-0.678938816785813
CATCA,HEK3,0.70408176841195
GAATG,HEK3,0.192980428969317
AGACA,HEK3,-0.75943021362338
TCGCG,HEK3,-0.499694940191917
GCTAC,HEK3,0.412686109995274
TTGCA,HEK3,-0.578374579380496
ACGCT,HEK3,1.09934399211097
TGGGC,HEK3,-1.83723380555161
CAGGG,HEK3,0.221979797662106
TTCCG,HEK3,-0.250336568349237
AGCGT,HEK3,-0.528536573619299
CACAT,HEK3,0.526531698061628
CACTA,HEK3,0.641892349754974
GGTTT,HEK3,-0.859358629801374
CATTG,HEK3,0.28289557415447
TTCCC,HEK3,-1.01641917770186
AAATC,HEK3,0.134703916315129
AAGAC,HEK3,0.542586167050919
GAGGA,HEK3,0.0662545752580979
GTAGC,HEK3,-0.36212410336327
GCATT,HEK3,-0.439345198586135
ACACT,HEK3,0.779806476583691
ATGCA,HEK3,0.33204782311425
GCGAA,HEK3,0.522484051605154
TTTAG,HEK3,-0.132455008243483
AACAT,HEK3,0.476227995256359
ATTTA,HEK3,0.945308829841849
TGTAG,HEK3,-1.33023132634044
TGGCG,HEK3,-1.67795816159816
AAGAG,HEK3,0.48596996986743
CCCCT,HEK3,0.247087984527035
GCAGT,HEK3,0.147927049910164
GTACA,HEK3,-0.0029966304188118
TTGTA,HEK3,-0.727243996380523
AAGCG,HEK3,0.343682996043677
CAATG,HEK3,0.0508247307728773
TAACA,HEK3,-1.65759165253631
GACTG,HEK3,0.37527421815876
TACAG,HEK3,0.0102198408955925
AGTAG,HEK3,-0.0685153575990096
AATGG,HEK3,1.02833687622765
CAAAG,HEK3,-0.0276152770565776
ATCGT,HEK3,0.753128357905142
GGCAC,HEK3,-0.114784246875965
GGTTA,HEK3,-0.487437332527154
GGCTT,HEK3,-0.124833177251229
ATAGG,HEK3,0.891723682629413
GGCTA,HEK3,-0.230764166373458
GCATA,HEK3,0.265116402443624
AGGGA,HEK3,-0.51418354113177
GGTCC,HEK3,-1.07361746459047
TCCAG,HEK3,0.603097561773261
ATAAA,HEK3,-0.878387974946394
AGAAG,HEK3,-0.453157950898994
CACTC,HEK3,0.553859938837746
GCAAT,HEK3,0.368281076850593
GTTAT,HEK3,-0.50481881050051
TGCTG,HEK3,-1.1839726941949
AATAA,HEK3,-0.534321488827546
TACGT,HEK3,-0.607983691173008
TCGCA,HEK3,-0.342960596941682
GTAAT,HEK3,-0.196884885244863
ACGAA,HEK3,0.535833190604537
ACCAT,HEK3,1.41298430446784
GCCTA,HEK3,-0.195162957386808
AACTG,HEK3,0.77267029696185
CCAAG,HEK3,0.790362862541111
TTCCT,HEK3,-0.997345905222356
TTCGT,HEK3,-0.569816711797404
TCAAG,HEK3,0.0259579640724468
TTCCA,HEK3,-0.174677095326922
TATTG,HEK3,-0.715853110653036
GGTCT,HEK3,-1.55539079244946
ACTGC,HEK3,0.63280061197953
TTTGA,HEK3,-0.672403094436286
TTTCA,HEK3,-0.677347412834422
CATTA,HEK3,0.514705832348076
TCCGA,HEK3,-0.221178834694408
GATGC,HEK3,-0.0392650047792173
TTATG,HEK3,-0.499548086116624
AGATG,HEK3,-0.464684827948989
CCGGG,HEK3,0.402266682723081
ATGTA,HEK3,0.218222167306042
CGTCG,HEK3,-0.325534404509632
CGCCA,HEK3,0.179753141050114
GTTCA,HEK3,-1.00057010048913
GTTTC,HEK3,-0.376948864246314
TGTAT,HEK3,-1.82623785487057
TTTCT,HEK3,-1.21378962072615
ACCGA,HEK3,1.27797849981006
ATATT,HEK3,0.159134989675287
ATCAT,HEK3,0.720821104323994
GTGGC,HEK3,-0.473222553566178
GCTAT,HEK3,0.0753499228572778
GTCAT,HEK3,0.0351998431808731
ACGAT,HEK3,0.927089395262044
GTTCT,HEK3,-1.35104312654845
AAGCC,HEK3,0.57367382966838
TCTAA,HEK3,-0.324385826070815
AGGTG,HEK3,-0.631193361469697
TACGG,HEK3,-0.545532293740051
ATCTG,HEK3,0.895400867582774
TGGTG,HEK3,-1.75512545855335
GCGCT,HEK3,0.362197050829819
GTGAA,HEK3,-0.362083423674438
GTCCT,HEK3,-0.863079460182236
GTAAC,HEK3,-0.443967958926777
AACCT,HEK3,0.598009365779383
TGAAG,HEK3,-1.52153610321836
GGACC,HEK3,-1.24980753853824
ACGGC,HEK3,0.688674774134915
GGTTC,HEK3,-1.07448223843267
AGCAA,HEK3,-0.271516086413603
AACTC,HEK3,1.15608309872667
ATTCA,HEK3,0.343242846123855
AGGGC,HEK3,-0.909880907816978
AGTGC,HEK3,-0.677733046685468
GACAT,HEK3,0.240471485976412
CCTTG,HEK3,0.733304787006817
TGTTA,HEK3,-1.62392353957906
AACTA,HEK3,0.82135209285857
AAAGC,HEK3,0.204318348584945
GAGTA,HEK3,0.185490212415429
GTTAC,HEK3,-0.383616675303822
CGAGG,HEK3,-0.384112251597536
TTCGC,HEK3,-0.375991367667261
TGCAT,HEK3,-1.19571514114296
AACAC,HEK3,1.04425566632905
AAGCA,HEK3,0.384639565691637
GTATA,HEK3,-0.202353510286551
CGACG,HEK3,-1.04009258137757
GAAGC,HEK3,-0.215200377993968
CGCGC,HEK3,-0.877282396395758
TGCAA,HEK3,-0.939252299239959
GAGGT,HEK3,-0.114443507783102
GCCTT,HEK3,-0.183949972759894
AGAAA,HEK3,-0.655649891475038
ATATA,HEK3,0.548878085715229
CAGCA,HEK3,0.274139709346887
TCACC,HEK3,-0.839570962487363
ATCCT,HEK3,0.380545379147472
GTTCC,HEK3,-0.683351108711432
AAGAA,HEK3,0.0432928179285401
AATCC,HEK3,0.656442792058082
AATAC,HEK3,0.838452463508043
CTACG,HEK3,0.634436189148177
TTTGC,HEK3,-0.945188224046431
CCCTA,HEK3,0.61326920171061
TCCGT,HEK3,-0.384120238085771
GAAAC,HEK3,0.11372762274349
CCAGA,HEK3,0.370752773748572
AGAGA,HEK3,-0.552130948119849
GTTTA,HEK3,-0.265864368270917
CGTGT,HEK3,-0.945080096934975
CGTGA,HEK3,-0.930991484142812
GGATT,HEK3,-1.520216253809
CTTTG,HEK3,1.01350373916076
GCGGC,HEK3,-0.0338185277044332
ATCTT,HEK3,0.563987235908108
TCTCT,HEK3,-0.30327167063423
GTATT,HEK3,-0.601025065591704
CATAG,HEK3,0.674710097506821
CGGGA,HEK3,-0.815499469089586
TGACC,HEK3,-2.08779910783927
GTAGT,HEK3,-0.605209790919698
AGCAT,HEK3,-0.42170987302787
TTCAA,HEK3,-0.979657386713633
TGAGT,HEK3,-1.75144953235254
CCGCG,HEK3,0.588035121444673
GGAAC,HEK3,-1.45898031610786
AAGGA,HEK3,0.449601868052218
TAACC,HEK3,-1.19055310037903
GGACT,HEK3,-1.48060435825811
TATGT,HEK3,-0.99089818394156
AACGT,HEK3,0.388793585152518
CGTTG,HEK3,-0.534755598196936
AATTA,HEK3,0.612712274491143
AGCAC,HEK3,-0.206999390057263
AAGTG,HEK3,0.450665060899762
ATTAA,HEK3,0.695653997222495
ACTCT,HEK3,1.1167256127136
CAGTA,HEK3,0.469475931745382
AGAAT,HEK3,-0.669035888153935
GAAGA,HEK3,-0.0650968280252098
CGCAC,HEK3,-0.248568252618018
TCCTG,HEK3,-0.294209059203199
AATTC,HEK3,0.472951305593474
TTCAC,HEK3,-0.786993403735856
CCCGG,HEK3,0.739884006263335
TGTGC,HEK3,-1.36336238932265
TTCAG,HEK3,0.394494123018012
CAAGA,HEK3,-0.903326471309338
ATTGA,HEK3,0.750285052589472
CGCAA,HEK3,-0.590742818448208
TCTAT,HEK3,-0.249916153258543
TAGCG,HEK3,-0.737669880844447
GCGGT,HEK3,-0.185020480401111
TTTAT,HEK3,-1.24718758580884
TCGAG,HEK3,-0.204581343031583
AAACT,HEK3,0.0721489674890599
GAGTT,HEK3,0.160707839525287
TGACA,HEK3,-2.06086468329384
GACAC,HEK3,0.548973628058528
TACGA,HEK3,-0.75762768643977
CATAT,HEK3,0.73827088774153
GAGCA,HEK3,0.386677245930041
GATTT,HEK3,-0.13792010352798
TAAAG,HEK3,-1.21111513029116
TTCGG,HEK3,-0.197198281374494
CCTCG,HEK3,0.579836594362963
CATAA,HEK3,-1.67503040157485
TCGGA,HEK3,-0.953749628122964
TGCTT,HEK3,-0.255831137598284
CTTCG,HEK3,1.20277483051123
GGAAT,HEK3,-1.19731243085595
TCCTT,HEK3,-0.105587874366931
GTATC,HEK3,-0.568162044673928
TCGCT,HEK3,-0.359339391700289
TGTCT,HEK3,-1.80884732004284
TGTCA,HEK3,-1.78438093706803
ATGTC,HEK3,0.232679565643528
TATTT,HEK3,-0.942380327077057
ACTGG,HEK3,1.04208788442007
TCGTC,HEK3,-0.471218874415413
CATAC,HEK3,0.538495455195728
CCTTA,HEK3,0.41561249429515
TCTAG,HEK3,0.0361027057345265
ATAAT,HEK3,0.0049288770358924
TACAT,HEK3,-0.694232428351004
TAGTG,HEK3,-0.78927901705525
CGTGG,HEK3,-0.580898533840614
GATAT,HEK3,0.263465589346108
TCATA,HEK3,-0.823647614189639
TCTGT,HEK3,-1.30050452673631
TGCCT,HEK3,-1.21348870808339
AGCCT,HEK3,-0.118461405854006
GATTA,HEK3,0.15774783260558
CCTCA,HEK3,0.250944654569562
ATTGC,HEK3,0.630736043884051
TAATG,HEK3,-0.513004691626509
GATCC,HEK3,-0.16345159334114
AGTAA,HEK3,-0.449373301823309
CTCCC,HEK3,0.674999720916457
TAAAC,HEK3,-1.34008599539052
TTTAA,HEK3,-1.32645795528951
CAAGC,HEK3,-0.528021590914227
GCACT,HEK3,-0.168405954336501
CAAGG,HEK3,0.419359769112756
TCGAC,HEK3,-0.482767309443503
GTACC,HEK3,-0.0878386168506484
ATACT,HEK3,0.0107751195408845
ATAGT,HEK3,0.232102129238596
TGAAA,HEK3,-2.11322404339174
GTGAT,HEK3,-0.623221768545836
GAGCC,HEK3,0.437184913334907
GGATC,HEK3,-1.15044465618303
TTGCC,HEK3,-0.109358528010093
CACGT,HEK3,0.0385680278638354
CATCC,HEK3,0.509792332085683
TTAAG,HEK3,-0.199243062346818
AGAGT,HEK3,-0.58641997956423
TATAG,HEK3,-0.282516273960136
TTAGA,HEK3,-1.05163050858485
ACCCT,HEK3,1.04575749737261
AGCTG,HEK3,-0.404989659087915
GACTT,HEK3,0.353216099030663
GTCTT,HEK3,-0.24146659359829
GATCA,HEK3,0.248714751520575
GAACG,HEK3,-0.0064436639933767
GATAA,HEK3,0.0128584004995993
TCAGA,HEK3,-0.918606830656371
CATGT,HEK3,0.0596979144583099
CCCTT,HEK3,0.364188119685311
TGCAC,HEK3,-0.571973443098905
CCTCC,HEK3,0.208123028515296
CAATA,HEK3,-1.48709052925209
AGTGA,HEK3,-0.992194774237385
ATATC,HEK3,0.721928971293758
CAAAT,HEK3,-0.149045296812
GAGAA,HEK3,0.278253946631585
TATTA,HEK3,-1.14411806868796
CTTTA,HEK3,1.11225993362319
AAGTA,HEK3,0.628327491864672
CCGGA,HEK3,0.388064509999738
GATAC,HEK3,0.48452804542651
AATGC,HEK3,0.530427116606701
ATAGC,HEK3,0.408119158785198
TTAAA,HEK3,-2.08874789020002
ACCGT,HEK3,0.830310984769666
TGTAA,HEK3,-1.84400857990659
ATGAG,HEK3,0.112104192905296
TACTA,HEK3,-0.560556270055162
TATAT,HEK3,-0.93062111122395
AGTTT,HEK3,-0.573102189298874
CCGTG,HEK3,0.502751168492614
AATTT,HEK3,0.4304522360574
TCTTA,HEK3,-0.367862022580207
CAGCG,HEK3,0.264580467478854
CGATG,HEK3,-0.545913024399674
TGGAA,HEK3,-1.64443454468533
CACTG,HEK3,0.566835771532823
AGCTA,HEK3,-0.202076605889827
TCTTC,HEK3,-0.225547083008268
ATTCC,HEK3,0.178167223598335
CGAGA,HEK3,-0.612979925431281
TGCTC,HEK3,-0.667550847919928
GACTA,HEK3,0.261103112855935
ATTCT,HEK3,-0.416377645571728
CTTAG,HEK3,1.20098385750945
TTAGG,HEK3,-0.643292405463113
CCCGT,HEK3,0.643283200168861
TTCTG,HEK3,-0.219218119855785
AATGT,HEK3,0.576859927498267
GAGAT,HEK3,0.256481510257434
TGGTA,HEK3,-1.96893449077141
AGTCA,HEK3,-0.13847013733365
AGGAA,HEK3,-0.364424329047088
CAGAG,HEK3,0.302940089447054
TTGAG,HEK3,-0.268487900364381
TACAC,HEK3,-0.573751534713574
TAGAG,HEK3,-0.481733826236571
GTCTC,HEK3,0.0776668809816776
CAGTG,HEK3,-0.0041399444312126
TTCTA,HEK3,-1.00938429475771
ATGGT,HEK3,-0.0077923217820519
CATGC,HEK3,-0.140170351128218
AAATT,HEK3,-0.0676326387671136
TTGTC,HEK3,-0.374974510261362
CCTAA,HEK3,0.688770284364741
AAGAT,HEK3,0.43447443366183
ATGCT,HEK3,0.01538431148788
GAGGC,HEK3,0.0376122729580484
CCTTT,HEK3,0.506666492554007
AGTTA,HEK3,-0.453928387770267
TCCTC,HEK3,-0.625766270059303
CAGAA,HEK3,-0.216805420277117
TTATA,HEK3,-0.723867792974524
GAATC,HEK3,-0.43478838549397
TTTTC,HEK3,-1.18707044702245
TCATC,HEK3,-0.632102537038817
AATAT,HEK3,0.430903883535507
GAAAT,HEK3,-0.428832841809951
TATGG,HEK3,-0.567521696309964
ACTGA,HEK3,0.593030878128436
TCCTA,HEK3,-0.679490413273825
TCGTA,HEK3,-0.647817003854719
CTGGG,HEK3,0.213761159421763
CCATA,HEK3,-0.192213668195897
CGACA,HEK3,-0.703360009975246
TTCAT,HEK3,-1.2891106044986
CGTCA,HEK3,0.0790423140566663
CGGCG,HEK3,-1.23014455627969
TTGCT,HEK3,-0.773396039759936
AGGAT,HEK3,-0.593395029841865
CAACT,HEK3,-0.142430751657603
AGTAT,HEK3,-0.659252312013868
GAATT,HEK3,-0.174532802441222
CAGCC,HEK3,-0.628214876106954
TCAAT,HEK3,-0.82908258535875
AGACT,HEK3,-0.954215449467412
ATTTC,HEK3,0.589589945895856
ATTAT,HEK3,0.819038466903915
TGTTC,HEK3,-1.57394802048525
CACGG,HEK3,0.319967383998613
TACTG,HEK3,-0.460857610763124
TTGGA,HEK3,-1.17407287657241
GAAGT,HEK3,-0.365690245372472
CTATG,HEK3,0.669615704023265
TGAGA,HEK3,-2.32050618348324
TGTGA,HEK3,-1.82141947354433
CATGA,HEK3,0.170172709512808
CCGAG,HEK3,0.768806495558396
TATCA,HEK3,-1.01844728354998
TTATT,HEK3,-1.30534244246583
CGTGC,HEK3,-0.514796952842962
CCAAT,HEK3,-0.110720294910736
TACTC,HEK3,-0.716155434262189
GAACC,HEK3,0.0543865561425836
AGATA,HEK3,-0.949680006521959
GATTC,HEK3,-0.264194891796684
ATCTA,HEK3,0.561442526180679
CAAGT,HEK3,-0.094211796730173
CCATG,HEK3,-0.050902910862364
CAGGA,HEK3,0.104705405416334
CCTAG,HEK3,1.22685853438735
TGCTA,HEK3,-1.24440109945419
TTCTT,HEK3,-0.193395098180291
AACTT,HEK3,0.460332242635587
GATGA,HEK3,0.112447468198543
TCACT,HEK3,-1.11120176859796
TAATT,HEK3,-1.63159650509332
TGGAT,HEK3,-1.86329774778012
CGCTG,HEK3,-0.856554116858637
TGAGC,HEK3,-1.86020382331353
TTAGT,HEK3,-1.21203287009186
TAGAA,HEK3,-1.08009039667681
GAGTC,HEK3,-0.159480231846898
CGGAC,HEK3,-0.465202091229139
CGCGG,HEK3,-2.65934025808132
TAGCA,HEK3,-1.0141782672086
CCATC,HEK3,-0.69999520967806
CGTAA,HEK3,-0.23923356815453
GACCT,HEK3,0.238530502262366
TATTC,HEK3,-0.838193051279776
TCGAT,HEK3,-0.666362450917592
TTACG,HEK3,-0.482520276953892
CGCAG,HEK3,-0.4518834748675
CCGAA,HEK3,0.471854568549487
CACCT,HEK3,0.606666049378109
CTTGT,HEK3,0.0161978578948609
GAGAC,HEK3,0.365503990533684
AGGAC,HEK3,-0.501705083638299
TCTAC,HEK3,-0.319127676802099
CGACC,HEK3,-1.27684546121232
AGGCC,HEK3,-0.803570568402572
CTTGG,HEK3,0.6597455324703
CGAAA,HEK3,-1.06617148836679
CCGTA,HEK3,0.687896611531922
CCAGG,HEK3,0.45567078472374
AAAGT,HEK3,-0.0342868851599079
TACTT,HEK3,-0.558153062087621
TCGGC,HEK3,-1.19121816177608
TGTCC,HEK3,-1.74290631438546
CACTT,HEK3,0.435102266215043
TATCC,HEK3,-1.11008910731497
CGGAG,HEK3,-0.456181654263887
TATGC,HEK3,-0.838755043615592
TTACA,HEK3,-0.714844022662481
CGTTA,HEK3,-0.762943865237508
CATTT,HEK3,-0.0101030516632399
AGGCA,HEK3,-0.769254467588377
CTACA,HEK3,0.29754533455214
GAATA,HEK3,-0.24513854863358
GTCTA,HEK3,-1.11195488714249
CGCGT,HEK3,-1.19383690827645
AAAAC,HEK3,-3.00633822652635
AAGTT,HEK3,-0.330831490432393
AGTAC,HEK3,-0.440647678045252
CTCCA,HEK3,0.848988184027077
CTATA,HEK3,0.47541657491195
ATGAA,HEK3,-0.40784182387759
AGGTT,HEK3,-0.699951998181257
CGGGT,HEK3,-1.20715645412689
TAAGT,HEK3,-0.79781333358571
AGTTC,HEK3,-0.586057249620831
TACCT,HEK3,-0.831439299825377
TGGCC,HEK3,-1.45054336136774
CTCAC,HEK3,0.919177211557995
ATGAT,HEK3,-0.128717783608396
CATGG,HEK3,0.342288197238393
AGGTA,HEK3,-0.537868524906715
CTAAG,HEK3,0.885685506949116
GTACT,HEK3,-0.748140615917949
CTTCA,HEK3,0.954238506103541
ATCTC,HEK3,1.05672368344354
ATGGA,HEK3,0.0290141863773687
CGCTC,HEK3,-0.865405721958144
CGTTT,HEK3,-0.291318244580333
AATCT,HEK3,0.05311322680544
CTTAT,HEK3,0.788338729471343
ATGAC,HEK3,-0.0104815751783836
AAGTC,HEK3,0.0739852982949305
CCTTC,HEK3,0.607310576212219
CGGGC,HEK3,-0.890140989748112
AGATT,HEK3,-1.0860276274028
CTTAA,HEK3,0.666573042284659
CCTAT,HEK3,0.827718984161452
AGAAC,HEK3,-0.529420491076028
CAATC,HEK3,-0.548054997076019
TCGAA,HEK3,-0.456641356275169
CCACT,HEK3,-0.162107777926717
CGGTA,HEK3,-1.21688002632668
CGTCC,HEK3,-0.112374897326662
TAATA,HEK3,-1.58677198391985
GAGCT,HEK3,-0.202836965628004
TATAA,HEK3,-2.01109651501942
TCGGT,HEK3,-0.758103564444484
TTCTC,HEK3,0.0128156083348649
ATTAC,HEK3,0.658823948624944
TCAGG,HEK3,-0.464390344342155
CATTC,HEK3,0.350051352058061
AGAGC,HEK3,-0.802335741457917
AGCTC,HEK3,-0.560099578385366
TTAAT,HEK3,-1.22200894600936
CCTAC,HEK3,0.428325830277748
CAATT,HEK3,-0.494032962528875
CGCTA,HEK3,-0.214305715921789
TCAGC,HEK3,-0.661651527653941
TGGTT,HEK3,-1.95642792670741
TCTGC,HEK3,-1.34917273638002
TTTCC,HEK3,-1.09961350050841
CCTGT,HEK3,0.0223242583927519
TAGAC,HEK3,-0.879319337902819
TTGAC,HEK3,-0.992769024148641
CCTGA,HEK3,0.195722193373719
CTAGG,HEK3,0.567785875132024
CCTGG,HEK3,0.50234586012356
CGATA,HEK3,-0.800138028603117
CGTAT,HEK3,-0.488454133863899
TAGAT,HEK3,-0.76948204520904
TAAAT,HEK3,-1.72101570893146
CCGTC,HEK3,0.251023320684496
ACCGG,HEK3,1.35015036319149
CTCCG,HEK3,1.11077359244205
TGGAC,HEK3,-1.55857260123393
TCCGG,HEK3,-0.241124713466796
CTCAA,HEK3,0.771070840926765
ACCTA,HEK3,0.965748342821852
TTGAA,HEK3,-1.04448452688126
GATCT,HEK3,-0.637755783030549
TAGTT,HEK3,-1.10112388546598
CCCTG,HEK3,0.368838200289243
CAGAT,HEK3,0.130735688868263
TGAAC,HEK3,-1.80913420458339
AGCTT,HEK3,-0.525055357355226
AGTCC,HEK3,-0.655047695582439
ACCTC,HEK3,1.15536091324399
AATGA,HEK3,0.201409423442106
CCGAT,HEK3,0.33321814733625
TGGCA,HEK3,-1.55545658873237
CGAAG,HEK3,-0.709378453832041
TAAGG,HEK3,-0.583649929599469
CCATT,HEK3,-0.486389246682599
TGAAT,HEK3,-1.65459898687536
CGTTC,HEK3,-0.579836657279063
TCAGT,HEK3,-0.147980010083847
CTGTA,HEK3,0.394637329143602
TTGGT,HEK3,-1.19994900597635
CCGGC,HEK3,-0.0045370678528353
CGAGT,HEK3,-0.911128722193615
TAACT,HEK3,-1.75797892711559
CAGTT,HEK3,0.242270508957249
CTTTT,HEK3,0.587413723047764
ACCTT,HEK3,0.880507438272215
TGACT,HEK3,-2.31059574247475
CTGTG,HEK3,0.213052288544382
CGCTT,HEK3,-0.601370131327709
ACCTG,HEK3,0.952830174642635
CTCGC,HEK3,0.149916523331342
CTTGA,HEK3,0.36947127749637
AGTCT,HEK3,-0.577135813616
TGATA,HEK3,-1.87677343873522
TAGCC,HEK3,-0.545629148363668
CGTAG,HEK3,-0.682790340338247
TAGTA,HEK3,-0.923627970624251
CGGCA,HEK3,-0.88354360770632
AAGGT,HEK3,-0.028276839703075
CGTAC,HEK3,-0.261873719308557
TTAAC,HEK3,-1.3852796212559
CATCT,HEK3,0.354560863098367
TATCT,HEK3,-1.19983198960949
CTTTC,HEK3,0.807003217342951
AAGGC,HEK3,0.248485514631565
TGTAC,HEK3,-1.8356933643473
CCGTT,HEK3,0.628803441044266
AGATC,HEK3,-0.774713626510215
TAAGC,HEK3,-0.861642061977543
CCAGC,HEK3,-0.0961201759627084
CCTGC,HEK3,-0.225982887523658
AGGTC,HEK3,-0.589194355813321
CGAAC,HEK3,-0.886174714531183
CTAAT,HEK3,0.333757246809126
TATAC,HEK3,-0.515806832332759
CTCGA,HEK3,0.608124951004735
CGCCT,HEK3,-0.0300202720056539
TTGAT,HEK3,-0.950028796751386
CGCAT,HEK3,-0.520995799650056
CTCAT,HEK3,0.736987275662162
CCGGT,HEK3,-0.0092617204393921
CTCGT,HEK3,0.126793517403609
TAAGA,HEK3,-1.46928232805531
CTTGC,HEK3,0.148720388996743
CGGAA,HEK3,-0.930972903238828
TTATC,HEK3,-0.871474692906432
TCTGA,HEK3,-1.21601654601338
TAGGA,HEK3,-1.11725981841787
CTAAC,HEK3,0.0416885043698993
CGAGC,HEK3,-0.847014884952955
TAATC,HEK3,-1.30441878169412
TCATT,HEK3,-0.722949868947559
CTCTA,HEK3,0.74719856026768
CAGCT,HEK3,-0.249703232301556
TCTGG,HEK3,-0.698618324501078
TGGCT,HEK3,-1.53151770335363
CGTCT,HEK3,-0.511892045700929
CTATT,HEK3,0.0806555367984707
AGGCT,HEK3,-0.862320640802599
CGGTC,HEK3,-1.42158553366126
CTGCG,HEK3,0.0455386854998618
CCGCT,HEK3,-0.157254915821456
CGACT,HEK3,-0.754737078410795
CGGCC,HEK3,-1.04735268206376
CTAGA,HEK3,0.111946062906679
CTCGG,HEK3,0.608799694686406
ATGGC,HEK3,-0.210929075015951
AAGCT,HEK3,-0.311400951925703
TTTAC,HEK3,-1.21981734577047
GAACT,HEK3,-0.291034326393504
CCAGT,HEK3,-0.378863739779913
CTGTT,HEK3,0.103453063451282
CTAAA,HEK3,-1.14386921317625
CGAAT,HEK3,-0.515748624664374
CAGGT,HEK3,-0.126178828280489
CTACC,HEK3,0.120820590307034
TGGTC,HEK3,-1.88938606374933
TGATC,HEK3,-1.76477911980467
CAGTC,HEK3,-1.98958036525198
CGGTG,HEK3,-1.25694033590025
CCTCT,HEK3,0.10033801228146
TGATT,HEK3,-2.21484900680807
AAAAG,HEK3,-3.67540278590416
GAAAA,HEK3,-3.35051494747209
TAGCT,HEK3,-1.3431306760364
TTAGC,HEK3,-0.977196032446153
CTCCT,HEK3,0.691261414401033
CGGTT,HEK3,-1.7822387497712
TAGGT,HEK3,-1.33936752479968
CTCTC,HEK3,1.24280939056613
TATGA,HEK3,-1.10619017963101
CTGGA,HEK3,-0.105565367850625
CTCTT,HEK3,0.271830415747296
CTTCT,HEK3,0.333165808084232
CTGGT,HEK3,-0.127096989857984
TTACT,HEK3,-1.40683999909038
CTTAC,HEK3,0.799009101856219
TTGGC,HEK3,-1.63401098324288
CTCAG,HEK3,-0.312559650266175
CTGAG,HEK3,0.310848229068466
GAACA,HEK3,-0.0641045791351367
CGATC,HEK3,-1.05433877925326
CAGGC,HEK3,-0.0848041643408735
TTACC,HEK3,-1.28273314090097
CGGAT,HEK3,-0.986704712910832
CTAGT,HEK3,-0.323919972957418
CTGAC,HEK3,-0.460256380388556
CGATT,HEK3,-1.02265017073748
TAGTC,HEK3,-1.17215169460205
CTGTC,HEK3,0.130545454316428
CTTCC,HEK3,0.56433616801826
CTGAA,HEK3,-0.547712066194526
TAGGC,HEK3,-1.69373219212489
CTATC,HEK3,0.392849956779934
AAAAT,HEK3,-3.5740004575155
CTGCA,HEK3,-0.0349014663186296
CTAGC,HEK3,-0.490904274500593
CTGAT,HEK3,-0.584511738337582
TAAAA,HEK3,-5.87964194709797
AAAAA,HEK3,-6.05680999677473
CTCTG,HEK3,0.883563237853231
CAAAA,HEK3,-5.34683125832955
CTACT,HEK3,-0.220894272115148
CTGGC,HEK3,-0.550523254860861
CGGCT,HEK3,-1.47760278834161
CTGCC,HEK3,0.232198273809749
CTGCT,HEK3,-0.179338461915988
