feature,cor,p_value,q_value,rank,clone,dist_cor,feature_type
Aldob,0.01908049597624605,0.008484940387053188,0.02426692950697212,104.0,M1-T1,-0.0034769709253678538,expression
Alox15,0.017521758877389652,0.015645705981350108,0.041432147320982694,100.0,M1-T1,-0.06143079834531533,expression
Ankrd1,0.01078676785873262,0.13676852492397293,0.21975167487784414,67.0,M1-T1,0.023363321257236565,expression
Apoa5,-0.0017620568381005635,0.8079648962692273,0.8546012815742746,23.0,M1-T1,0.01456579123387303,expression
Arg1,0.004801780100877932,0.5077501809920754,0.6068755699689947,41.0,M1-T1,-0.1321043523892878,expression
Arhgef37,0.0063091876071398705,0.38414936214798284,0.5039757686895555,48.0,M1-T1,-0.04366957655421081,expression
Asprv1,-0.004705830260860041,0.5162674568707344,0.6101342672108679,17.0,M1-T1,0.008185280557446434,expression
Azgp1,0.03248186591495495,7.407857336903143e-06,5.0443980913197597e-05,130.0,M1-T1,-0.0268467132105924,expression
Batf3,0.045373976692519274,3.80177913511601e-10,4.181957048627611e-09,138.0,M1-T1,-0.06891282166843604,expression
Bcl11b,0.010981986234937399,0.12980702722328566,0.21093641923783918,68.0,M1-T1,-0.04902393514438966,expression
C1qa,-0.0031535511309331464,0.6635688597989781,0.7435912222802253,19.0,M1-T1,-0.04468283435118221,expression
C1qb,-0.00993224483684629,0.17067014836214167,0.26328338416196556,13.0,M1-T1,-0.06466792838817342,expression
C1qc,-0.005658751522100123,0.4350642209512319,0.5604881405047402,14.0,M1-T1,-0.02583209504166948,expression
Camk4,-0.04687211149297123,9.869663113004793e-11,1.2830562046906231e-09,6.0,M1-T1,0.11332376555424974,expression
Ccl24,0.01421757575850005,0.049853028089378415,0.09752046033572494,83.0,M1-T1,-0.007855793447117718,expression
Ccr2,0.004399105572831828,0.54398330831627,0.6282703644453395,39.0,M1-T1,-0.10733435603071795,expression
Ccr4,0.012595323167760207,0.08231223315015904,0.14531665852435482,74.0,M1-T1,-0.014777048096088593,expression
Ccr9,0.02094750360509921,0.003855556090852398,0.0119857504563455,108.0,M1-T1,-0.04652644486520844,expression
Cd200r3,0.025060523365968514,0.000545605326612483,0.0026903986795029336,123.0,M1-T1,-0.037064235342521616,expression
Cd22,0.0081911097001287,0.2585299076282106,0.3649942906957549,56.0,M1-T1,-0.10219098300170451,expression
Cd247,0.011728183208121799,0.10570546668324123,0.1778339027729823,71.0,M1-T1,-0.03617189358499896,expression
Cd28,0.0071262675852610214,0.3256145965208646,0.431137845393367,49.0,M1-T1,-0.04083373120356136,expression
Cd300e,0.014184543993894913,0.0503867604242075,0.09752046033572494,82.0,M1-T1,0.005551151292292432,expression
Cd3g,0.0006436121115441966,0.9292586103373781,0.942439583533653,29.0,M1-T1,-0.028657310414567403,expression
Cd4,0.01590925830119379,0.028191761355590428,0.06950727368705917,96.0,M1-T1,-0.03097455491979543,expression
Cd79a,0.005363115537466652,0.4594364500765153,0.5768580406349871,45.0,M1-T1,-0.08997531286972757,expression
Cd8a,0.0020216361898885388,0.7803539042015757,0.8327657335882487,32.0,M1-T1,-0.03323914682409086,expression
Cd8b1,0.010258347915989499,0.15705716327348346,0.24954638164564594,66.0,M1-T1,-0.02076085205325566,expression
Cd96,0.024417598796678246,0.0007555584875928821,0.0032740867795691556,121.0,M1-T1,-0.036173005134288984,expression
Chil1,0.015617943369796985,0.03120747862415816,0.07437782405424362,94.0,M1-T1,-0.08380859434181939,expression
Chst3,-0.005306140058254975,0.4642198625349115,0.5772473073260204,15.0,M1-T1,-0.047123633975145136,expression
Cldn4,0.09186862185579485,5.996354442245833e-37,2.1436967131028854e-35,142.0,M1-T1,0.0035325001975489412,expression
Cldn5,0.016289645583582146,0.02463446276157195,0.0627968618354352,98.0,M1-T1,0.00914013529646049,expression
Clec14a,0.01274065268072389,0.0788371558210622,0.14270523142293537,76.0,M1-T1,-0.005291198561689665,expression
Col5a2,0.007874219871137515,0.2774083022165178,0.38143641554771196,53.0,M1-T1,-0.01596400408597013,expression
Col6a6,0.022557876675582175,0.0018585452738601564,0.006327904146714343,112.0,M1-T1,-0.023887983552282555,expression
Cpa3,0.012280422891642183,0.090268437405872,0.15552272950650237,72.0,M1-T1,-0.008086071014868409,expression
Cr2,0.02280797355877575,0.0016525809823132662,0.006022720091591189,116.0,M1-T1,-0.05197721276624246,expression
Csrp3,0.0031333554099925837,0.6655921430200619,0.7435912222802253,35.0,M1-T1,-0.006648025549035831,expression
Cxcl14,0.0024101914645627484,0.7395464313024261,0.8072911425667706,33.0,M1-T1,-0.02410069400621669,expression
Cxcl3,0.014561946679039891,0.04456560420452396,0.09371884413598422,87.0,M1-T1,0.02937437429434177,expression
Cxcr2,0.0031902350761564262,0.6599000002336727,0.7435912222802253,36.0,M1-T1,-0.020944893034175453,expression
Cyp11a1,0.019254678060656505,0.007903360886010239,0.023064910340805392,105.0,M1-T1,-0.015271708679237668,expression
Cyp2j5,0.021867093795017098,0.002555992366787044,0.008500160661640634,111.0,M1-T1,-0.007113721403702616,expression
Cyp4b1,0.017527908704833645,0.015609272031705684,0.041432147320982694,101.0,M1-T1,-0.04052554469919709,expression
Dab2,0.005357903932024776,0.45987284358313657,0.5768580406349871,44.0,M1-T1,-0.044026041609371215,expression
Ebf1,0.00820295616990621,0.25784186319185254,0.3649942906957549,57.0,M1-T1,-0.05036743314876561,expression
Enpp1,0.013686865778939981,0.059024892952003125,0.10961765833943438,78.0,M1-T1,-0.018115655749768006,expression
Eomes,0.02347066614146039,0.0012040904013964657,0.004919569354276988,119.0,M1-T1,-0.035815163665057326,expression
Fasl,0.008159952749855462,0.2603455779787902,0.3649942906957549,55.0,M1-T1,-0.023769939695219008,expression
Fcer1a,0.009679432026778824,0.18181776123848023,0.273683577443186,62.0,M1-T1,-0.00808242215672315,expression
Fcer2a,0.015447451262965366,0.03309773394479508,0.07700393674096342,93.0,M1-T1,-0.07423862269088279,expression
Fcmr,0.022664196577187143,0.0017682632149698795,0.006167357066846165,113.0,M1-T1,-0.06186279809483192,expression
Fermt1,0.036819872012581106,3.763836437974895e-07,2.9901589479467216e-06,133.0,M1-T1,-0.02695697992486259,expression
Fgfbp1,0.02948741661048386,4.73618614687793e-05,0.0002821977579181433,128.0,M1-T1,0.012494004718644747,expression
Flt3,0.0026215727523216056,0.7176424443835319,0.789406688821885,34.0,M1-T1,-0.07740575390129842,expression
Foxp3,0.011015609569804775,0.12863628455510492,0.21093641923783918,69.0,M1-T1,-0.022543162621702657,expression
Fscn1,0.009604171561579118,0.18523844817118407,0.27592810508832627,61.0,M1-T1,0.020444514870207674,expression
Ftcd,-0.00037113487025325787,0.9591716688800501,0.9591716688800501,28.0,M1-T1,0.000916600321782114,expression
Fxyd3,-0.0004917997983244681,0.9459152416570631,0.9525766165983099,27.0,M1-T1,-0.022036084111067666,expression
Fzd2,0.03631864526191735,5.405712293936821e-07,4.06850977912087e-06,132.0,M1-T1,0.004847780922141906,expression
Galnt18,0.007242337099893555,0.31779647967944863,0.431137845393367,52.0,M1-T1,-0.06975957898411814,expression
Gata2,0.01736095888311679,0.016625272281648628,0.04322570793228643,99.0,M1-T1,-0.041661611634571494,expression
Gjb1,0.01624498305769672,0.025030916955383262,0.0627968618354352,97.0,M1-T1,-0.02800099614954794,expression
Gpihbp1,0.004784640360439922,0.5092662125613941,0.6068755699689947,40.0,M1-T1,0.05379012271395363,expression
Gpr39,0.04016027150219113,2.993677453540658e-08,2.5182110344489063e-07,134.0,M1-T1,-0.05902558317846267,expression
Grm6,0.004390255205806092,0.5447938824560985,0.6282703644453395,38.0,M1-T1,-0.010439212707992857,expression
Gzma,0.008075940655964632,0.26528528037388766,0.3683086902278246,54.0,M1-T1,-0.014438284503484161,expression
Gzmb,0.022782561165677073,0.001672507156855635,0.006022720091591189,115.0,M1-T1,0.0030004678257845494,expression
Havcr2,0.013931681542002385,0.05463322476884878,0.10279672555191283,79.0,M1-T1,-0.07765882034941253,expression
Hoxa10,0.02986155479546631,3.7900492241248826e-05,0.00023564219089124272,129.0,M1-T1,0.04659733446710254,expression
Hpd,0.03417107718262965,2.4192652309641274e-06,1.729774640139351e-05,131.0,M1-T1,-0.010721072348581055,expression
Htr1b,0.01838068163118796,0.011226046982145929,0.03147695526366407,103.0,M1-T1,0.004900765941214083,expression
Ibsp,0.021197150768569616,0.0034535277520058865,0.01122396519401913,110.0,M1-T1,-0.014830971424777429,expression
Ifng,0.003324068575639854,0.6465847032452705,0.7396929005125894,37.0,M1-T1,-0.008548892548552133,expression
Ighd,0.014131432307321563,0.051254982243661235,0.09772616614458075,80.0,M1-T1,-0.08838563979632624,expression
Inava,-0.002280306527738885,0.7531123902322505,0.8097373819790362,22.0,M1-T1,0.07614258949908485,expression
Itgax,0.0011014038040533965,0.8792469421460261,0.9111037154121865,31.0,M1-T1,-0.03196954697639729,expression
Itk,0.011067640435686314,0.12684079705454152,0.21090969742790044,70.0,M1-T1,-0.05093723443898081,expression
Klhl14,0.005225318789875122,0.4710525612392973,0.5806941056656855,43.0,M1-T1,-0.019738998532928043,expression
Klrb1c,0.009195485641315265,0.20464777043198082,0.3005400192113928,60.0,M1-T1,-0.02206338793156664,expression
Klrk1,0.02938059185936745,5.0449804936303474e-05,0.0002885728842356559,127.0,M1-T1,-0.05244152100670485,expression
Krt79,0.01277731067481707,0.07797971245152838,0.14270523142293537,77.0,M1-T1,0.006183299511735887,expression
Ldb2,0.009871531245739999,0.1732993914229437,0.26363630822852074,63.0,M1-T1,-0.020445078384538587,expression
Mat1a,0.014593773287971137,0.04410175777438502,0.09371884413598422,88.0,M1-T1,-0.048667610728883856,expression
Mmp12,0.007160856667839445,0.3232717992590077,0.431137845393367,51.0,M1-T1,0.03525839249873911,expression
Mrc1,0.0008798062404586444,0.9034078883528338,0.9283122464824344,30.0,M1-T1,0.019015654821369923,expression
Ms4a1,-0.0023118982690274103,0.7498055551920075,0.8097373819790362,21.0,M1-T1,-0.06704780472269754,expression
Ms4a2,0.007151165605888224,0.32392708630933986,0.431137845393367,50.0,M1-T1,-0.02412432760801924,expression
Ms4a4b,0.01819586927877003,0.012070252803289157,0.03319319520904518,102.0,M1-T1,-0.044056019232463516,expression
Ms4a7,0.01566825374844685,0.030667696469880008,0.07433017957953968,95.0,M1-T1,-0.026029703830316372,expression
Ncr1,0.009168804834072673,0.20596448869032513,0.3005400192113928,59.0,M1-T1,-0.02490170463967078,expression
Nes,0.05295359916301245,2.6840459357728745e-13,4.2646507646169e-12,139.0,M1-T1,-0.0011408039083791498,expression
Pacsin1,0.01542215997185937,0.03338632222335477,0.07700393674096342,92.0,M1-T1,-0.06685838688913597,expression
Pax5,0.00566890719862508,0.43424046079939627,0.5604881405047402,47.0,M1-T1,-0.0851700610405366,expression
Plcb1,0.029203657398359038,5.5987966395024766e-05,0.0003079338151726362,126.0,M1-T1,-0.07708234969382878,expression
Pld4,-0.012176647658344862,0.09302204714441993,0.15835896121014345,12.0,M1-T1,-0.10619441684074893,expression
Pou2af1,0.010102015833657971,0.1634767848159676,0.256892090425092,65.0,M1-T1,-0.09127343579377539,expression
Prdm1,-0.0012986149507419262,0.8578383116218702,0.8954078727147988,25.0,M1-T1,0.0025420162045505443,expression
Prex2,0.012597546402673526,0.08225815143059367,0.14531665852435482,75.0,M1-T1,-0.03319770007519164,expression
Prss34,0.00991934529684713,0.17122625683260695,0.26328338416196556,64.0,M1-T1,-0.010204898208662574,expression
Ptprb,-0.0008301306481717004,0.9088371643883973,0.9283122464824344,26.0,M1-T1,-0.013050700620311577,expression
Ptpro,0.01499284253765345,0.03862332100161659,0.0849713062035565,90.0,M1-T1,-0.03240123238247877,expression
Rassf4,0.008817978619158574,0.22385335257957525,0.32334373150383094,58.0,M1-T1,-0.08365540702681533,expression
Retnlg,-0.01507994775953269,0.03750767953516882,0.08380622146139284,11.0,M1-T1,-0.015380332673334806,expression
Robo4,0.014656482962660027,0.04319973468814971,0.09359942515765769,89.0,M1-T1,0.06203599251925715,expression
Sdc1,-0.0017171436742936435,0.8127676524063031,0.8546012815742746,24.0,M1-T1,0.001371560237967801,expression
Shank3,0.005556051635288139,0.44344507016377177,0.56618433065553,46.0,M1-T1,-0.04109921341391292,expression
Siglech,0.024670615629515096,0.0006652882545483388,0.0030354479424846877,122.0,M1-T1,-0.04988089133575574,expression
Skap1,0.02108633914209135,0.003627018222369216,0.011525857906639953,109.0,M1-T1,-0.04456754053374021,expression
Slc7a2,0.012350670952985058,0.0884419557539056,0.15423414235132316,73.0,M1-T1,-0.07231100827759707,expression
Slc8a1,-0.0028527741779159443,0.6939482204154152,0.7692604303829796,20.0,M1-T1,-0.08644112582474388,expression
Sox17,0.014478173566617309,0.045806240022218676,0.09493177279967059,86.0,M1-T1,0.04089373510180538,expression
Stxbp6,0.027067061519359177,0.00018829636260514512,0.0009616564233048483,124.0,M1-T1,-0.08897249040324351,expression
Themis,0.015095030350439088,0.03731731412660236,0.08380622146139284,91.0,M1-T1,-0.03639273174431751,expression
Tmem252,0.019486478883347064,0.007184836772233426,0.021448389997561504,107.0,M1-T1,-0.006292243699285237,expression
Tmprss11e,0.05358586192252529,1.3954234747816585e-13,2.4943194611722147e-12,140.0,M1-T1,-0.042086328759300996,expression
Tppp3,-0.03184346096392288,1.1154420301157707e-05,7.250373195752509e-05,8.0,M1-T1,0.0025371244961944115,expression
Trdc,0.014179718350519125,0.050465133320584936,0.09752046033572494,81.0,M1-T1,-0.014304119896417066,expression
Tspan7,0.02276717735642515,0.0016846769486968363,0.006022720091591189,114.0,M1-T1,-0.04346765539296626,expression
Vcan,0.02319891609879376,0.0013723230876127453,0.00545117226468396,118.0,M1-T1,-0.03215571363843438,expression
Wnt7b,-0.024629438790520986,0.0006792610780385315,0.0030354479424846877,10.0,M1-T1,0.10000290843886667,expression
Xcr1,0.014329078083038831,0.04808624142126215,0.0969231734589391,85.0,M1-T1,-0.04057105279071135,expression
Zbtb7b,-0.024872772746905896,0.0006004833060624449,0.002862303758897654,9.0,M1-T1,0.1162556124078452,expression
ARG1 macrophage,-0.004625927657612466,0.5234163634046638,0.6135126226792371,18.0,M1-T1,-0.10301556850243174,subtype_density
CD11c macrophage,-0.059979350696768935,1.2234853250963759e-16,2.499405735554025e-15,4.0,M1-T1,0.15963669551599297,subtype_density
ALOX15 macrophage,-0.004973304433267883,0.4927100531575478,0.5970977762841468,16.0,M1-T1,-0.15121263198384202,subtype_density
Exhausted CD8 T cell,0.01432674302690334,0.04812269451457815,0.0969231734589391,84.0,M1-T1,-0.22913519431545473,subtype_density
CD4 T cell,0.028649662648855698,7.729117235196598e-05,0.0004093569498641161,125.0,M1-T1,-0.22887426477189363,subtype_density
Treg,0.019481558103992207,0.007199459579601064,0.021448389997561504,106.0,M1-T1,-0.18297285565138455,subtype_density
B cell,0.04411824168840854,1.1398502682608864e-09,1.164275631152191e-08,137.0,M1-T1,-0.23450674457028273,subtype_density
cDC,0.09137367137890037,1.4391354829373273e-36,4.115927481200756e-35,141.0,M1-T1,-0.464429493349417,subtype_density
Neutrophil,-0.04641150261035044,1.5007851258995864e-10,1.7884356083636738e-09,7.0,M1-T1,0.02770107638280924,subtype_density
NK,0.023071267763533826,0.0014586065978804336,0.0056373173918081625,117.0,M1-T1,-0.24876105344045396,subtype_density
pDC,0.11832964566836476,2.676767267437966e-60,1.2759257308120971e-58,143.0,M1-T1,-0.36483228773560566,subtype_density
Endothelial,-0.05113932857109384,1.6818531609621175e-12,2.4050500201758277e-11,5.0,M1-T1,0.0011436123635776216,subtype_density
Cancer fibroblast,0.00512999370589691,0.4791822377823857,0.5856671795118047,42.0,M1-T1,-0.24039685353670837,subtype_density
Alveolar fibroblast 1,0.023559836231549287,0.0011531806452351279,0.004850142125547744,120.0,M1-T1,-0.053813257310298866,subtype_density
Alveolar fibroblast 2,-0.07708661461083331,1.7641594010025486e-26,4.204579905722741e-25,3.0,M1-T1,0.3436869702150488,subtype_density
AT1/AT2,0.040730433548622526,1.9035169265971286e-08,1.7012682531461837e-07,135.0,M1-T1,-0.33608612277989197,subtype_density
Club cell,0.0425623453870442,4.265195384190526e-09,4.0661529329283015e-08,136.0,M1-T1,-0.11540667505306718,subtype_density
tumor_boundary_dist,-0.239988010564654,1.9689239999453218e-247,2.8155613199218102e-245,1.0,M1-T1,1.0,distance
lung_boundary_dist,-0.14509305424626315,4.911895308413611e-90,3.512005145515732e-88,2.0,M1-T1,0.0,distance
Aldob,-0.005853131334364657,0.6142833145893181,0.8132784915216508,39.0,M1-T2,0.010443341119956298,expression
Alox15,-0.007697597777721242,0.5074676526218199,0.7559153575512526,35.0,M1-T2,-0.03330658932084723,expression
Ankrd1,0.03602453727894142,0.0019171184160906168,0.01305466350004563,129.0,M1-T2,0.06381620886195533,expression
Apoa5,0.003885088491857944,0.7379917851950257,0.8721721097759395,71.0,M1-T2,-0.004225466123616909,expression
Arg1,0.04662213466573017,5.9086835944697866e-05,0.0004970245611818703,131.0,M1-T2,-0.08903346908853775,expression
Arhgef37,0.0441108574132987,0.0001447728307896329,0.0011501397112731945,130.0,M1-T2,-0.04001394405844549,expression
Asprv1,0.007748648339636351,0.5046560871373612,0.7559153575512526,83.0,M1-T2,-0.013420714674530109,expression
Azgp1,0.015622529567213673,0.17855801130381496,0.5018529746339965,107.0,M1-T2,-0.007505373848474731,expression
Batf3,0.008847774701146557,0.4461655241228128,0.7428738627413671,89.0,M1-T2,-0.048148520841512214,expression
Bcl11b,-0.005763098981780363,0.6197415659851575,0.8132784915216508,41.0,M1-T2,-0.06275491898627451,expression
C1qa,0.020991246117660338,0.07067177009529879,0.27313684117912773,117.0,M1-T2,-0.07802651107229755,expression
C1qb,0.012618849700007033,0.27723685187102187,0.6394333841541311,102.0,M1-T2,-0.08034529148828051,expression
C1qc,0.008536099371329035,0.46234806841945225,0.7428738627413671,87.0,M1-T2,-0.06371034202658356,expression
Camk4,-0.0690690132154429,2.6155586472873675e-09,4.1558320729121504e-08,3.0,M1-T2,0.0796270214587815,expression
Ccl24,0.0019707290445862705,0.8652592440310725,0.944375148711712,65.0,M1-T2,-0.0006168263638898878,expression
Ccr2,-0.016856216964691088,0.14665410013848101,0.44620290042133587,13.0,M1-T2,-0.10038715072675189,expression
Ccr4,-0.00886793120782697,0.44513019487435557,0.7428738627413671,30.0,M1-T2,-0.01706776073810005,expression
Ccr9,0.001772324819301627,0.8787135107443271,0.944375148711712,62.0,M1-T2,-0.05450687117559697,expression
Cd200r3,0.017135957659951597,0.14006657772190687,0.4354243611789714,110.0,M1-T2,-0.00682564103349164,expression
Cd22,0.018660934841241657,0.10808117177549137,0.359432734044076,112.0,M1-T2,-0.0997224908117882,expression
Cd247,0.008217974478522436,0.4791977986695598,0.7448400566276854,85.0,M1-T2,-0.05333416496076494,expression
Cd28,-0.008605666880001816,0.45870791296146146,0.7428738627413671,32.0,M1-T2,-0.04425257003941867,expression
Cd300e,-0.009309701278498585,0.4227853447875524,0.7372963939587804,29.0,M1-T2,0.00398235467696135,expression
Cd3g,-0.002735197632887681,0.8138163614556727,0.9239536919218383,49.0,M1-T2,-0.03748498406505596,expression
Cd4,0.00040113340752421286,0.9724479307939545,0.9792961556587007,58.0,M1-T2,-0.054275801615686084,expression
Cd79a,-0.013845886187509093,0.23317841835834482,0.6062638877316965,15.0,M1-T2,-0.06745798199414674,expression
Cd8a,0.004566927412244938,0.6941553803049099,0.8272018281966842,72.0,M1-T2,-0.051772544426789364,expression
Cd8b1,0.016071235458970972,0.16640444934962548,0.4957465886874259,109.0,M1-T2,-0.022636456379191656,expression
Cd96,0.001296668326755482,0.9111045939071613,0.9530855074137998,60.0,M1-T2,-0.045849729731960644,expression
Chil1,-0.008710817654961619,0.45323645673940577,0.7428738627413671,31.0,M1-T2,-0.10670759607264811,expression
Chst3,0.0018783232995899634,0.8715208870618592,0.944375148711712,64.0,M1-T2,-0.04519862420529598,expression
Cldn4,0.009026484991409216,0.43703406232680353,0.7428738627413671,90.0,M1-T2,0.036381710933702155,expression
Cldn5,-0.012090221527788603,0.29786325866228947,0.6453703937682939,21.0,M1-T2,-0.042165179267124445,expression
Clec14a,-0.006982034975478573,0.5477252338991636,0.783247084475804,36.0,M1-T2,-0.049850377424008246,expression
Col5a2,0.007422833705976659,0.5227401296793918,0.762773862695439,81.0,M1-T2,-0.06368585211041719,expression
Col6a6,0.019405757190428922,0.09471659850178077,0.3224874663274917,113.0,M1-T2,-0.017327836026166266,expression
Cpa3,-0.0011699533011032522,0.9197608393224082,0.9530855074137998,53.0,M1-T2,-0.009522756257101939,expression
Cr2,0.003411483316091116,0.76896016761084,0.8939943412060986,69.0,M1-T2,-0.029702385888843476,expression
Csrp3,0.004645635613781373,0.6891570996685976,0.8272018281966842,73.0,M1-T2,-0.008299674284200455,expression
Cxcl14,-0.0017188518663143696,0.8823458067646527,0.944375148711712,50.0,M1-T2,-0.05143100039375525,expression
Cxcl3,0.005093119791642278,0.6610028267917231,0.8272018281966842,75.0,M1-T2,0.0019440408372036662,expression
Cxcr2,0.0027268354953451732,0.814375172033034,0.9239536919218383,67.0,M1-T2,-0.023637852271509854,expression
Cyp11a1,0.10418028719434434,2.3713301774377024e-19,6.7820043074718284e-18,140.0,M1-T2,-0.013600647819311449,expression
Cyp2j5,-0.0046043312684363805,0.6917784135381376,0.8272018281966842,48.0,M1-T2,0.0016271897322645355,expression
Cyp4b1,-0.005034814612444493,0.6646451998524008,0.8272018281966842,44.0,M1-T2,-0.09999624403556127,expression
Dab2,0.013963955550044585,0.22921683468117662,0.6062638877316965,105.0,M1-T2,-0.04985106686817713,expression
Ebf1,0.006570305289872614,0.5715838268067011,0.8013381101309632,78.0,M1-T2,-0.07725113322769274,expression
Enpp1,0.013576603687742432,0.24239464038225947,0.618972028118984,103.0,M1-T2,-0.02626981206030822,expression
Eomes,0.02377099510277065,0.04065691272096468,0.16149829219716524,118.0,M1-T2,-0.03544263541522432,expression
Fasl,0.00608996505733083,0.6000274004056417,0.8132784915216508,77.0,M1-T2,-0.03753717687373192,expression
Fcer1a,-0.005117796271707484,0.6594636741922901,0.8272018281966842,43.0,M1-T2,-0.014110559425480864,expression
Fcer2a,0.003422543192173532,0.7682325395998618,0.8939943412060986,70.0,M1-T2,-0.06656819503577528,expression
Fcmr,-0.0016517766989301904,0.8869055611695047,0.944375148711712,51.0,M1-T2,-0.045345431845909376,expression
Fermt1,0.04998464264121322,1.6589256662921456e-05,0.00015809378198179314,132.0,M1-T2,-0.022392632409119442,expression
Fgfbp1,-0.004670940236771136,0.6875530210567821,0.8272018281966842,47.0,M1-T2,0.03439019088853277,expression
Flt3,-0.018092413316308967,0.11925345558705355,0.37896098108774795,12.0,M1-T2,-0.09358141444561016,expression
Foxp3,0.006666763759438101,0.5659502302120816,0.8012958704982938,79.0,M1-T2,-0.041872731211025825,expression
Fscn1,0.06571883709687215,1.473449741450782e-08,1.9154846638860163e-07,136.0,M1-T2,0.04767603439997197,expression
Ftcd,0.011118949751851005,0.33837049841882705,0.7012605981723518,96.0,M1-T2,-0.000508772457039793,expression
Fxyd3,-0.027404665169796952,0.018273406383230974,0.09010679699317342,10.0,M1-T2,0.03559418343775111,expression
Fzd2,-0.006257713718124471,0.5900214373242565,0.8132784915216508,37.0,M1-T2,0.051363983424569444,expression
Galnt18,0.03391148361103179,0.0034927304546932595,0.019978418200845446,127.0,M1-T2,-0.14476421271741147,expression
Gata2,0.03455582402751104,0.0029184119026245967,0.018969677367059876,128.0,M1-T2,-0.10465489172305248,expression
Gjb1,-0.00971390268813201,0.4029281620201758,0.7202340896110642,28.0,M1-T2,-0.046092228567633294,expression
Gpihbp1,0.00955749037531861,0.410545065225394,0.7247894361386585,91.0,M1-T2,-0.04805723303076091,expression
Gpr39,0.026332886547061223,0.023347553840759497,0.10770000642672929,123.0,M1-T2,0.012022949419606454,expression
Grm6,0.0031575092264861434,0.7857238709387507,0.9061170447116239,68.0,M1-T2,-0.002619355591386419,expression
Gzma,0.024771462694692638,0.03290898200957666,0.13445669792484177,119.0,M1-T2,-0.007058818442725845,expression
Gzmb,-0.010284815424592164,0.3758528690905439,0.709102012100351,26.0,M1-T2,0.009652086581875507,expression
Havcr2,0.012099200049544526,0.29750458533583796,0.6453703937682939,99.0,M1-T2,-0.09468419372637896,expression
Hoxa10,0.001788037495101204,0.8776466659211168,0.944375148711712,63.0,M1-T2,0.13208164305130607,expression
Hpd,0.02075986618929961,0.07383215820362114,0.27784206902941644,116.0,M1-T2,0.0010767562760827416,expression
Htr1b,-0.000898171245957629,0.9383577860864425,0.9600946608049638,54.0,M1-T2,-0.002837033368248297,expression
Ibsp,-0.005732627461398571,0.6215936917026426,0.8132784915216508,42.0,M1-T2,-0.02227444607756881,expression
Ifng,0.007884306838638383,0.4972248947509085,0.7559153575512526,84.0,M1-T2,-0.019009947679889925,expression
Ighd,0.012298267703005515,0.28962637517682693,0.6453703937682939,100.0,M1-T2,-0.06464617830884326,expression
Inava,0.0026341650118564923,0.8205742578606536,0.9239536919218383,66.0,M1-T2,0.0764175024221261,expression
Itgax,0.025633716353834428,0.027281321036812797,0.11821905782618877,121.0,M1-T2,-0.08314336892998815,expression
Itk,-0.010872033123141542,0.34920727463402723,0.7016189244199696,22.0,M1-T2,-0.06966023769824221,expression
Klhl14,-0.010718719556286012,0.35604560542442576,0.7016189244199696,24.0,M1-T2,-0.012288202398193004,expression
Klrb1c,-0.010753496719124265,0.354487064395347,0.7016189244199696,23.0,M1-T2,-0.01452028830095186,expression
Klrk1,0.01154309179829758,0.32026534458222694,0.6806542708850789,98.0,M1-T2,-0.06967591245791113,expression
Krt79,0.004854256418055546,0.6759748164349384,0.8272018281966842,74.0,M1-T2,-0.013334411353881073,expression
Ldb2,-0.00576746788279088,0.6194762118733994,0.8132784915216508,40.0,M1-T2,-0.1154640345382404,expression
Mat1a,0.02656075517361607,0.02217661223633201,0.10570851832651593,124.0,M1-T2,-0.051607260243520275,expression
Mmp12,-0.01393260141519826,0.23026416000379446,0.6062638877316965,14.0,M1-T2,0.0254575797669779,expression
Mrc1,5.0585303890473676e-05,0.9965248408506383,0.9965248408506383,57.0,M1-T2,-0.05035469432425012,expression
Ms4a1,-0.00087488594696398,0.9399528147740904,0.9600946608049638,55.0,M1-T2,-0.05091990865471749,expression
Ms4a2,-0.012963515799154163,0.26432479074098775,0.6394333841541311,18.0,M1-T2,-0.021459958317404822,expression
Ms4a4b,0.008329378220374894,0.47325937812230545,0.7436933084779086,86.0,M1-T2,-0.0449506148926129,expression
Ms4a7,0.008550843143383433,0.46157524993904053,0.7428738627413671,88.0,M1-T2,-0.03555908986355605,expression
Ncr1,0.007451666849869389,0.5211264562085153,0.762773862695439,82.0,M1-T2,-0.013757530158165639,expression
Nes,0.08039986987552641,4.097104802728255e-12,7.323574834876756e-11,138.0,M1-T2,0.022486510699374396,expression
Pacsin1,-0.005006435283078654,0.6664209555269505,0.8272018281966842,45.0,M1-T2,-0.07680946182597526,expression
Pax5,-0.01994474012655291,0.08589761548814726,0.29959412231231847,11.0,M1-T2,-0.05895027240861221,expression
Plcb1,-0.007948968598770229,0.49370342776907705,0.7559153575512526,34.0,M1-T2,-0.11877748449823908,expression
Pld4,-0.013333992401582152,0.25091480267356825,0.6294880137249168,16.0,M1-T2,-0.14820438521382934,expression
Pou2af1,0.010671490111419706,0.3581691012773272,0.7016189244199696,95.0,M1-T2,-0.08431770691076836,expression
Prdm1,0.010263020497942841,0.37686540503235433,0.709102012100351,94.0,M1-T2,-0.0157706503042399,expression
Prex2,0.025178018210615,0.030142448820497273,0.12677559356856205,120.0,M1-T2,-0.09034691983795487,expression
Prss34,0.020226786163061942,0.08155420830646452,0.2915562946956107,114.0,M1-T2,-0.0233753466133884,expression
Ptprb,0.0016503804936291964,0.887000515199696,0.944375148711712,61.0,M1-T2,-0.1119159721474002,expression
Ptpro,0.007148003565769419,0.5382489922122308,0.7774707665287778,80.0,M1-T2,-0.027794090521947916,expression
Rassf4,-0.006164039292624101,0.5955995135666081,0.8132784915216508,38.0,M1-T2,-0.08169165600800232,expression
Retnlg,0.01146221862952447,0.32366776517612145,0.6806542708850789,97.0,M1-T2,-0.014803367926874365,expression
Robo4,-0.013107939471774537,0.2590395385001692,0.6386664483711069,17.0,M1-T2,-0.046379008971514125,expression
Sdc1,0.03217640692223981,0.005585691899961132,0.030721305449786226,126.0,M1-T2,0.06523525856573191,expression
Shank3,-0.004870859343236401,0.6749299033318933,0.8272018281966842,46.0,M1-T2,-0.13521924070513222,expression
Siglech,-0.0015836156151553772,0.8915429725600078,0.944375148711712,52.0,M1-T2,-0.0587657125410409,expression
Skap1,-0.010358406931925782,0.3724464233633636,0.709102012100351,25.0,M1-T2,-0.05943045447482236,expression
Slc7a2,0.0181794210670019,0.1174872448784212,0.37896098108774795,111.0,M1-T2,-0.05073946344278772,expression
Slc8a1,-0.012759472044797751,0.2719178136348083,0.6394333841541311,19.0,M1-T2,-0.15440445719866217,expression
Sox17,-0.008350098456131846,0.47215935936855885,0.7436933084779086,33.0,M1-T2,-0.021559654411244637,expression
Stxbp6,0.02038780376304853,0.0791555874780624,0.2902371540862288,115.0,M1-T2,-0.08440329978929834,expression
Themis,0.009975410426858447,0.39038409905437405,0.7157041815996859,93.0,M1-T2,-0.05037103909080122,expression
Tmem252,0.0012617937416456752,0.913485963284036,0.9530855074137998,59.0,M1-T2,-0.08326452299031083,expression
Tmprss11e,0.06594597001850122,1.3139025105216713e-08,1.87888059004599e-07,137.0,M1-T2,0.0434181231887388,expression
Tppp3,-0.012631655391482097,0.27674956404197537,0.6394333841541311,20.0,M1-T2,0.01824754305897633,expression
Trdc,-0.0004807833066720786,0.9669799984625052,0.9792961556587007,56.0,M1-T2,-0.02562827994339605,expression
Tspan7,0.013847050756731115,0.23313910796082862,0.6062638877316965,104.0,M1-T2,-0.10229649903567363,expression
Vcan,0.03169843046909938,0.006333927832544636,0.033546358520514186,125.0,M1-T2,-0.04789354966829258,expression
Wnt7b,-0.038579689984715046,0.0008905066198734953,0.006702234033784728,5.0,M1-T2,0.16226781030321194,expression
Xcr1,0.0098064479914023,0.3984615700918147,0.7202340896110642,92.0,M1-T2,-0.052318383243992836,expression
Zbtb7b,-0.03393588928892616,0.003469226401151391,0.019978418200845446,8.0,M1-T2,0.1350922059967004,expression
ARG1 macrophage,0.13272348689939217,1.6913432230829952e-30,9.978246311531695e-29,143.0,M1-T2,-0.1029097496799531,subtype_density
CD11c macrophage,-0.03405574879759127,0.003355870526288003,0.019978418200845446,7.0,M1-T2,-0.2777026167203077,subtype_density
ALOX15 macrophage,0.015607274019706945,0.17898252941492185,0.5018529746339965,106.0,M1-T2,-0.09957612459282644,subtype_density
Exhausted CD8 T cell,-0.010092632925850886,0.3848390230284288,0.7147010427670821,27.0,M1-T2,-0.3151468314444958,subtype_density
CD4 T cell,0.015775389002613237,0.1743456487210265,0.5018529746339965,108.0,M1-T2,-0.3430412159762206,subtype_density
Treg,0.005666868337043437,0.6255988396320391,0.8132784915216508,76.0,M1-T2,-0.3080982940696076,subtype_density
B cell,0.060090709001042825,2.2356793103201212e-07,2.664184511464811e-06,135.0,M1-T2,-0.3223220554828054,subtype_density
cDC,0.1215852503280879,7.961328970414514e-26,2.846175106923189e-24,141.0,M1-T2,-0.507485956946125,subtype_density
Neutrophil,0.09201665147571549,2.027739721600165e-15,4.1423825741260515e-14,139.0,M1-T2,-0.16514764758145378,subtype_density
NK,-0.029150894096553095,0.01205690128893859,0.06157631729707923,9.0,M1-T2,-0.1847912752508363,subtype_density
pDC,0.058516119592586374,4.591105803611611e-07,5.050216383972772e-06,134.0,M1-T2,-0.3355126317724671,subtype_density
Endothelial,-0.049819745477239885,1.768881476719364e-05,0.00015809378198179314,4.0,M1-T2,-0.3523653670726078,subtype_density
Cancer fibroblast,0.13251199650875828,2.0933383870346214e-30,9.978246311531695e-29,142.0,M1-T2,-0.22999097912987548,subtype_density
Alveolar fibroblast 1,-0.03836946165598838,0.0009501294224532328,0.006793425370540614,6.0,M1-T2,-0.1724065753250956,subtype_density
Alveolar fibroblast 2,-0.09317039796264912,9.011735932290473e-16,2.1477970638625624e-14,2.0,M1-T2,-0.12997491427541397,subtype_density
AT1/AT2,0.025869178090278534,0.0258970179753668,0.11572729907742038,122.0,M1-T2,-0.47841061408181834,subtype_density
Club cell,0.05248087827295466,6.131363804694447e-06,6.262750171937898e-05,133.0,M1-T2,-0.35050022526336344,subtype_density
tumor_boundary_dist,-0.18695474554428382,2.60771545405415e-59,3.729033099297435e-57,1.0,M1-T2,1.0,distance
lung_boundary_dist,0.012440780102752905,0.28407341124287694,0.644801552503673,101.0,M1-T2,0.0,distance
Aldob,-0.02581598548726146,0.07904501458163762,0.2825859271293545,17.0,M1-T4,0.01299376457384523,expression
Alox15,-0.01599530475915436,0.27657554292857683,0.5273373685171532,37.0,M1-T4,-0.031429707595537835,expression
Ankrd1,-0.005776414936696456,0.6943891579089818,0.8377403916876837,59.0,M1-T4,0.10527911854917202,expression
Apoa5,-0.018994084769632887,0.19633518000465985,0.4528375925913929,30.0,M1-T4,-0.001480346330373961,expression
Arg1,-0.011935025357706654,0.41688918365659766,0.6439465012867447,41.0,M1-T4,-0.04862962973454792,expression
Arhgef37,-0.02641058644820048,0.07238029067223518,0.2782954980677323,15.0,M1-T4,-0.03565218945386134,expression
Asprv1,0.02303219421098876,0.11715668512378068,0.3161019994849177,114.0,M1-T4,0.05277457447585764,expression
Azgp1,0.008173213114279787,0.5782532392053258,0.7505511230978222,88.0,M1-T4,-0.006079452761904044,expression
Batf3,0.025878906527755183,0.07831694741540293,0.2825859271293545,121.0,M1-T4,-0.048524704745505805,expression
Bcl11b,0.0008933109302567081,0.9515490928604639,0.9719394305646166,72.0,M1-T4,-0.05610908817823894,expression
C1qa,-0.01464065306474276,0.3193051128133303,0.5833623240213044,39.0,M1-T4,-0.07710819318460874,expression
C1qb,-0.021101623399485916,0.15115661173839504,0.3602565913098415,28.0,M1-T4,-0.08678846274838868,expression
C1qc,-0.006073565883102639,0.6795202189385953,0.8375255366963957,57.0,M1-T4,-0.06076437410293943,expression
Camk4,0.005651691720506304,0.7006657081400645,0.8377403916876837,84.0,M1-T4,0.05472918474964336,expression
Ccl24,0.014551022224287651,0.3222770880956856,0.5833623240213044,104.0,M1-T4,-0.025439208713916844,expression
Ccr2,0.01617849166925249,0.27111136206112235,0.5239043888478445,106.0,M1-T4,-0.1119763242245188,expression
Ccr4,-0.01028202180446445,0.4843114890567702,0.665928297453059,51.0,M1-T4,0.018690739645645316,expression
Ccr9,-0.023159288385229085,0.11514832815236481,0.3161019994849177,23.0,M1-T4,-0.04592741887599406,expression
Cd200r3,0.0030728253768625164,0.8344411364862229,0.9039778978600748,75.0,M1-T4,-0.016554306344658747,expression
Cd22,-0.022437036523121612,0.12692944212878826,0.33001654953484943,25.0,M1-T4,-0.08174146853254777,expression
Cd247,-0.017708616503144783,0.22835549429432536,0.4867522938364356,33.0,M1-T4,-0.05574149505878564,expression
Cd28,0.025520071471745252,0.08254321067832555,0.28518035516669404,120.0,M1-T4,-0.03568326176368335,expression
Cd300e,0.023209981695891058,0.1143548585566786,0.3161019994849177,115.0,M1-T4,-0.005704694033632773,expression
Cd3g,0.0037269819651764733,0.7998786498959036,0.8874630820438124,78.0,M1-T4,-0.06140952491365784,expression
Cd4,-0.010609487963882266,0.4705032369426065,0.6532229406096381,50.0,M1-T4,-0.06745810002803222,expression
Cd79a,-0.02654107893373367,0.0709809607831469,0.2782954980677323,14.0,M1-T4,-0.06547055297319744,expression
Cd8a,0.000510443811468966,0.9723033609673003,0.9791505677346757,70.0,M1-T4,-0.06132462835192082,expression
Cd8b1,-0.021289395009130695,0.14755153922160602,0.3602565913098415,27.0,M1-T4,-0.032121623879348665,expression
Cd96,0.016975787295214533,0.24819332821086182,0.5017011460466794,108.0,M1-T4,-0.05089305683147399,expression
Chil1,0.010901891959347598,0.45835938133555065,0.6439465012867447,91.0,M1-T4,-0.05611647739353209,expression
Chst3,-0.010878642429192991,0.4593184834353004,0.6439465012867447,49.0,M1-T4,-0.03388940380440027,expression
Cldn4,0.02157879672801797,0.14212440459856834,0.3565577167999171,113.0,M1-T4,0.09940915253212991,expression
Cldn5,0.017797323636306393,0.22603302358506142,0.4867522938364356,111.0,M1-T4,-0.06724232940370599,expression
Clec14a,-0.030177848231208046,0.040061335560087126,0.18479906403524063,11.0,M1-T4,0.14134977145635072,expression
Col5a2,0.011101624363423613,0.45016632061131584,0.6439465012867447,92.0,M1-T4,-0.1392641259329175,expression
Col6a6,0.027020114667947938,0.06603293718867109,0.2697917147994276,122.0,M1-T4,-0.019010146441340643,expression
Cpa3,0.03027717040297169,0.03941036847523797,0.18479906403524063,124.0,M1-T4,-0.01756983052412144,expression
Cr2,-0.00413230950352819,0.7786534905210293,0.8837099138452951,62.0,M1-T4,-0.0172147269109194,expression
Csrp3,-0.011175580260434392,0.4471538103798734,0.6439465012867447,47.0,M1-T4,-0.010484092992391189,expression
Cxcl14,-0.01812056502796529,0.21771284013544595,0.48645212717763703,32.0,M1-T4,-0.10782624716732993,expression
Cxcl3,-0.00901458921315781,0.539763798322403,0.7237498530625255,52.0,M1-T4,0.05986819550675555,expression
Cxcr2,-0.022290419226087484,0.12943173629799193,0.3305131837609437,26.0,M1-T4,0.020147683485032975,expression
Cyp11a1,0.041372809117851565,0.004872916669259848,0.05360208336185832,133.0,M1-T4,-0.0163945890513552,expression
Cyp2j5,-0.008862875906985796,0.5466082806346346,0.7237498530625255,54.0,M1-T4,0.0014989597408098672,expression
Cyp4b1,0.013018342681012929,0.37587402631276895,0.6398807828895948,100.0,M1-T4,0.014692706721654573,expression
Dab2,-0.029868842481881396,0.04214518971519324,0.1883363165397698,12.0,M1-T4,-0.08722277962904051,expression
Ebf1,-0.005011258471529199,0.7332091117451729,0.8594172375373748,60.0,M1-T4,-0.06871930450226171,expression
Enpp1,0.014099223447207244,0.33753153977406486,0.6033376273461409,103.0,M1-T4,-0.02754113832637555,expression
Eomes,0.0005706909332683771,0.9690359115331058,0.9791505677346757,71.0,M1-T4,-0.03083266718052866,expression
Fasl,-0.010932877915612017,0.45708287916511586,0.6439465012867447,48.0,M1-T4,-0.042064144659702214,expression
Fcer1a,-0.0016652456296294355,0.9098185708942167,0.9370823348860506,67.0,M1-T4,-0.010749709067129062,expression
Fcer2a,0.016943424105534136,0.2490963732119877,0.5017011460466794,107.0,M1-T4,-0.035742882180396174,expression
Fcmr,-0.004743677158794471,0.7469534671901532,0.8684093155137554,61.0,M1-T4,-0.029558435051135385,expression
Fermt1,0.05842176535044461,6.974591035508361e-05,0.0014248093115395652,138.0,M1-T4,-0.03208761815650717,expression
Fgfbp1,0.023823031073386212,0.10509616312178657,0.30931782431692945,116.0,M1-T4,0.02216123178822653,expression
Flt3,0.00444324124148998,0.7624816427829151,0.8722789993436548,80.0,M1-T4,-0.10067823467507807,expression
Foxp3,0.0072070736174121314,0.6239783440995107,0.7896363115595578,86.0,M1-T4,-0.04829428924429476,expression
Fscn1,-0.026266399259930188,0.0739526498361806,0.2782954980677323,16.0,M1-T4,0.03343213964490405,expression
Ftcd,0.0056054315225824705,0.7029989300875668,0.8377403916876837,83.0,M1-T4,-0.006122232597193206,expression
Fxyd3,-0.0059588074500291025,0.6852481663879602,0.8375255366963957,58.0,M1-T4,-0.00087551354306259,expression
Fzd2,-0.006830806731712586,0.6421994326020417,0.7985610335834085,56.0,M1-T4,0.000612057947456055,expression
Galnt18,0.007720799591970506,0.5994691136683132,0.7653936004872214,87.0,M1-T4,-0.07396356795580938,expression
Gata2,0.0028905807146639246,0.8441303744519735,0.9075988236588888,74.0,M1-T4,-0.026402428288950817,expression
Gjb1,0.01703648095159345,0.24650594464254366,0.5017011460466794,109.0,M1-T4,-0.02623620577563839,expression
Gpihbp1,-0.02376202320945616,0.1059900237169898,0.30931782431692945,21.0,M1-T4,-0.025346592663548176,expression
Gpr39,0.056904684264944036,0.00010719387609976377,0.0017031915869184686,136.0,M1-T4,0.014340437114884131,expression
Grm6,-0.03420566929282563,0.019949558588544063,0.1296721308255364,7.0,M1-T4,-0.0006482576490959542,expression
Gzma,-0.014706962627658623,0.31711799881668545,0.5833623240213044,38.0,M1-T4,-0.01444419005410298,expression
Gzmb,-0.023360694162017782,0.1120212446183729,0.3161019994849177,22.0,M1-T4,-0.0026245772040151515,expression
Havcr2,0.03707279310922332,0.011652447343647346,0.09785315622589669,130.0,M1-T4,-0.09102037161971209,expression
Hoxa10,0.02111939280831479,0.15081260491185203,0.3602565913098415,112.0,M1-T4,0.05004312065920656,expression
Hpd,0.013589481703641717,0.35528995520850676,0.6195910194489813,101.0,M1-T4,-0.006727575331589402,expression
Htr1b,-0.008973360894938411,0.541619544970702,0.7237498530625255,53.0,M1-T4,-0.0016765586671168618,expression
Ibsp,0.03160026812374516,0.031560282862630795,0.18476981661806963,127.0,M1-T4,-0.012418834359522438,expression
Ifng,-0.0270584363631619,0.06564969600404368,0.2697917147994276,13.0,M1-T4,-0.007533087007271518,expression
Ighd,0.01257970631880015,0.39217198376221574,0.6439465012867447,99.0,M1-T4,-0.03880072413100539,expression
Inava,0.03140502346016938,0.032626810392580516,0.18476981661806963,126.0,M1-T4,0.042962377989496404,expression
Itgax,0.03243807301480052,0.02731643996039776,0.16983699627551652,128.0,M1-T4,-0.10762745492590196,expression
Itk,0.014909861990184611,0.31048683748210226,0.5833623240213044,105.0,M1-T4,-0.06745713638324728,expression
Klhl14,-0.011504286498566836,0.4339038522153324,0.6439465012867447,44.0,M1-T4,0.007591792768629957,expression
Klrb1c,-0.03678531400784373,0.012317180503959024,0.09785315622589669,4.0,M1-T4,-0.007067416584692186,expression
Klrk1,-0.02519053343916007,0.08658545502862026,0.28518035516669404,18.0,M1-T4,-0.07716419922293825,expression
Krt79,0.011627017985420575,0.42901538648154913,0.6439465012867447,95.0,M1-T4,0.00042468281902516053,expression
Ldb2,0.050526070022136854,0.0005840875057038643,0.008352451331565258,135.0,M1-T4,-0.06475344463181412,expression
Mat1a,-0.034362565982946985,0.019388467980617902,0.1296721308255364,6.0,M1-T4,-0.048419502449209,expression
Mmp12,0.011892493574574906,0.41855152773435583,0.6439465012867447,98.0,M1-T4,0.059816424240395766,expression
Mrc1,-0.030248399556568904,0.03959800528154878,0.18479906403524063,10.0,M1-T4,-0.059757568485170436,expression
Ms4a1,0.01165474569916505,0.42791542487493694,0.6439465012867447,96.0,M1-T4,-0.04723755757136248,expression
Ms4a2,0.013808227938015153,0.3475982605353188,0.6136611266240812,102.0,M1-T4,-0.017161846903471223,expression
Ms4a4b,-0.00023761640299343675,0.9871049253069719,0.9871049253069719,69.0,M1-T4,-0.03824693098816685,expression
Ms4a7,-0.01619068469193681,0.27075030614891,0.5239043888478445,36.0,M1-T4,-0.03782252123444777,expression
Ncr1,0.007057066078015801,0.6312158885321203,0.7917883514043264,85.0,M1-T4,-0.024684549913169485,expression
Nes,0.06346142087734902,1.5539501243869617e-05,0.0003703581129788925,139.0,M1-T4,-0.018326695650140612,expression
Pacsin1,-0.008079996990140115,0.5825956270199879,0.7505511230978222,55.0,M1-T4,-0.07636892161032321,expression
Pax5,-0.01853222766478604,0.2074384514551658,0.4708523580649001,31.0,M1-T4,-0.04221896083017176,expression
Plcb1,0.036454249133341346,0.01312411946026172,0.09877626751670662,129.0,M1-T4,-0.07061042916076722,expression
Pld4,-0.0016457442232781568,0.9108702416025247,0.9370823348860506,68.0,M1-T4,-0.17018945691779028,expression
Pou2af1,-0.022741488605538252,0.12185377613449587,0.32268685161542426,24.0,M1-T4,-0.07352167477417974,expression
Prdm1,-0.011916304174333307,0.4176204163338527,0.6439465012867447,42.0,M1-T4,-0.04932323516049399,expression
Prex2,0.024132519686293655,0.10065344345836261,0.30931782431692945,118.0,M1-T4,-0.03232344814697342,expression
Prss34,0.0038424894866078566,0.7938142258562374,0.8874630820438124,79.0,M1-T4,-0.018210228858867895,expression
Ptprb,-0.02002353210882783,0.17316482415501547,0.40594376810110183,29.0,M1-T4,0.0410511520056112,expression
Ptpro,0.02717052886948293,0.06453921025421754,0.2697917147994276,123.0,M1-T4,-0.030505634030214633,expression
Rassf4,-0.0020287292859962917,0.8902475133768768,0.9292364555685648,66.0,M1-T4,-0.08931867923228477,expression
Retnlg,-0.0034001435058104877,0.8171027818201703,0.891951891605224,63.0,M1-T4,0.01005565691672004,expression
Robo4,0.002655672886728317,0.8566541710377659,0.9141906452119442,73.0,M1-T4,-0.0651859934628611,expression
Sdc1,-0.025098079108683783,0.08774780158975203,0.28518035516669404,19.0,M1-T4,0.06080632525167334,expression
Shank3,0.042482249543033694,0.0038416621033260066,0.045779806731301574,134.0,M1-T4,-0.11461037005584625,expression
Siglech,0.008658028418207378,0.5559175539051782,0.7293230294352337,89.0,M1-T4,-0.07923579549804732,expression
Skap1,0.011269930813561882,0.44332723796397133,0.6439465012867447,94.0,M1-T4,-0.05898832567462703,expression
Slc7a2,-0.030304854303516076,0.039230533380399606,0.18479906403524063,9.0,M1-T4,-0.020587340732498165,expression
Slc8a1,-0.011426578280370601,0.4370155845431596,0.6439465012867447,46.0,M1-T4,-0.20108333144303445,expression
Sox17,0.01166541720682119,0.42749252270956906,0.6439465012867447,97.0,M1-T4,0.002040984927035225,expression
Stxbp6,0.0035994328026010677,0.8065893173700923,0.8874630820438124,77.0,M1-T4,-0.041135702637260636,expression
Themis,-0.011440620964526367,0.43645231304690296,0.6439465012867447,45.0,M1-T4,-0.04373401505122815,expression
Tmem252,0.01110406767545047,0.4500666117757864,0.6439465012867447,93.0,M1-T4,-0.037672986484945686,expression
Tmprss11e,-0.011507445874752565,0.43377761021144906,0.6439465012867447,43.0,M1-T4,0.04246558527121369,expression
Tppp3,-0.0021184180884246087,0.8854281943144234,0.9292364555685648,65.0,M1-T4,-0.006712481658539271,expression
Trdc,0.0035957247983528793,0.8067846200398294,0.8874630820438124,76.0,M1-T4,-0.020619339060237194,expression
Tspan7,-0.0022189496865362797,0.8800312908207089,0.9292364555685648,64.0,M1-T4,0.039823731028445275,expression
Vcan,-0.013035823638837289,0.3752332868705241,0.6398807828895948,40.0,M1-T4,-0.058511496348599146,expression
Wnt7b,-0.0346441338960799,0.018416034568170037,0.1296721308255364,5.0,M1-T4,0.1092460679607181,expression
Xcr1,0.03717257010027086,0.011429285903628206,0.09785315622589669,131.0,M1-T4,-0.04779244513807432,expression
Zbtb7b,-0.02413104811374227,0.10067420822764021,0.30931782431692945,20.0,M1-T4,0.04048564345690266,expression
ARG1 macrophage,0.0737731895280146,5.040081979445305e-07,2.3225806464957795e-05,141.0,M1-T4,-0.10888994007835943,subtype_density
CD11c macrophage,0.04056541944542026,0.005774295713733933,0.05898030621885374,132.0,M1-T4,-0.3585110254977454,subtype_density
ALOX15 macrophage,-0.07242103693675449,8.120911351383845e-07,2.3225806464957795e-05,1.0,M1-T4,-0.1464298404924466,subtype_density
Exhausted CD8 T cell,0.02395007074783792,0.10325403333214699,0.30931782431692945,117.0,M1-T4,-0.3068920414323536,subtype_density
CD4 T cell,0.005465313757531353,0.7100830414279832,0.8391890489603437,82.0,M1-T4,-0.2769881582555674,subtype_density
Treg,0.00939980201482147,0.522580029708713,0.7117042309366282,90.0,M1-T4,-0.3086348877987425,subtype_density
B cell,0.05730639928994376,9.575879785210394e-05,0.0017031915869184686,137.0,M1-T4,-0.26255034103198727,subtype_density
cDC,0.12919405861034192,1.0987617200816962e-18,1.5712292597168257e-16,143.0,M1-T4,-0.3946828358160534,subtype_density
Neutrophil,0.09310458605178343,2.201081072359821e-10,1.573772966737272e-08,142.0,M1-T4,0.06621092486923684,subtype_density
NK,0.03100874819079534,0.034886608732083074,0.18476981661806963,125.0,M1-T4,-0.1870310687151463,subtype_density
pDC,0.07250735589226377,7.879297637597874e-07,2.3225806464957795e-05,140.0,M1-T4,-0.43842429790498566,subtype_density
Endothelial,0.017610383007624686,0.23094714617714834,0.4867522938364356,110.0,M1-T4,-0.27233233001412327,subtype_density
Cancer fibroblast,-0.031142532802319118,0.034109189269465115,0.18476981661806963,8.0,M1-T4,-0.20945950696223234,subtype_density
Alveolar fibroblast 1,-0.01759093776318995,0.23146262923690644,0.4867522938364356,34.0,M1-T4,-0.39848222075947226,subtype_density
Alveolar fibroblast 2,0.02511823698730823,0.08749330767494806,0.28518035516669404,119.0,M1-T4,-0.32857915391556547,subtype_density
AT1/AT2,-0.04785439922180727,0.0011265810181621152,0.014645553236107497,2.0,M1-T4,-0.35265533626763024,subtype_density
Club cell,-0.016732243756705747,0.25504541727753005,0.5065485370928722,35.0,M1-T4,-0.16702834468438163,subtype_density
tumor_boundary_dist,0.004506425346655474,0.7592077585075067,0.8722789993436548,81.0,M1-T4,1.0,distance
lung_boundary_dist,-0.04000438455023375,0.006486398562885016,0.061836999632837154,3.0,M1-T4,0.0,distance
Aldob,-0.025688108623971837,0.3612992259073149,0.7276871733062821,48.0,M2-T5,0.09568727607581436,expression
Alox15,-0.02713595613156635,0.33486365541997415,0.7041985694861221,47.0,M2-T5,-0.00017693119992923893,expression
Ankrd1,6.47448558558257e-05,0.9981644735054889,0.9988321591571635,88.0,M2-T5,0.0388806112923637,expression
Apoa5,0.01748874076453994,0.5343023848958305,0.8042656951589869,113.0,M2-T5,-0.009456427791887411,expression
Arg1,0.011163506152532046,0.6916104869138733,0.9073421984282926,103.0,M2-T5,0.046313441018014,expression
Arhgef37,-0.04123409563663663,0.14271914176585088,0.5669121464587965,23.0,M2-T5,-0.049515239662743675,expression
Asprv1,-0.019851753084459092,0.48053919558356456,0.7787075850477738,61.0,M2-T5,-0.011326412602942459,expression
Azgp1,0.020803103040477416,0.4597557250495342,0.7787075850477738,117.0,M2-T5,0.006025936351731093,expression
Batf3,0.000412875986866706,0.9882953121064492,0.9988321591571635,89.0,M2-T5,0.0683687434878956,expression
Bcl11b,-0.0313939482968628,0.2645271676902497,0.6948677303644106,36.0,M2-T5,-0.09520874538822158,expression
C1qa,0.07265116045792977,0.009742591957245809,0.09951361784901076,138.0,M2-T5,-0.03804605087697997,expression
C1qb,0.06732825618611984,0.016620190757754096,0.14854295489742722,137.0,M2-T5,-0.03754864021627131,expression
C1qc,0.07619403091009318,0.006703133571229919,0.07373446928352911,139.0,M2-T5,-0.02423973254944371,expression
Camk4,-0.01754361133540616,0.5330204409820367,0.8042656951589869,64.0,M2-T5,0.020078071687608036,expression
Ccl24,0.00228157255446328,0.9353877107863711,0.9982122585257541,93.0,M2-T5,0.019632110145112985,expression
Ccr2,0.014331770950372618,0.6105713822908552,0.8395356506499259,107.0,M2-T5,-0.03262719987145585,expression
Ccr4,0.0017519615628207967,0.9503636014117729,0.9988321591571635,91.0,M2-T5,-0.027657897743502285,expression
Ccr9,0.021969361597747088,0.43497749545033704,0.7679232327086196,119.0,M2-T5,-0.03416554264025987,expression
Cd200r3,0.04313187034731077,0.1252115003506639,0.5425831681862101,132.0,M2-T5,0.0030767399236365555,expression
Cd22,-0.028400651489220625,0.31281813362200733,0.6948677303644106,44.0,M2-T5,-0.05251148531268636,expression
Cd247,4.1193438291389425e-05,0.9988321591571635,0.9988321591571635,87.0,M2-T5,-0.07413332597884684,expression
Cd28,-0.021057177405601656,0.45429140698728865,0.7787075850477738,57.0,M2-T5,-0.06899644984647336,expression
Cd300e,-0.029375850004735058,0.2964860722737956,0.6948677303644106,41.0,M2-T5,-0.006223822303872495,expression
Cd3g,0.007082586760514148,0.8013043843567046,0.9385370721562272,100.0,M2-T5,-0.06108667625053894,expression
Cd4,-0.029866348106473886,0.2884907936026923,0.6948677303644106,39.0,M2-T5,-0.08053375330988813,expression
Cd79a,-0.036410472002212535,0.19561214179451053,0.6365829623818722,28.0,M2-T5,-0.06612339119849459,expression
Cd8a,-0.051169408714386626,0.06886158666096297,0.3647113663895446,17.0,M2-T5,-0.018197265761941143,expression
Cd8b1,-0.02995881717349037,0.28699993549677505,0.6948677303644106,37.0,M2-T5,-0.04099341854936459,expression
Cd96,0.0149520394867012,0.5952103910966337,0.8344616267335158,109.0,M2-T5,-0.058805519194613264,expression
Chil1,-0.02294283231026933,0.41489795998738,0.7606462599768634,54.0,M2-T5,-0.055128599874350405,expression
Chst3,-0.022535773739135165,0.42322685972142504,0.7660941891159972,55.0,M2-T5,-0.010070448522758122,expression
Cldn4,-0.16493398395281483,3.616613105231414e-09,1.2929391851202307e-07,4.0,M2-T5,0.1414159666739691,expression
Cldn5,-0.03146329502138386,0.26347283546937306,0.6948677303644106,35.0,M2-T5,0.029449145346688053,expression
Clec14a,-0.03782721008977179,0.17877207433123082,0.623522112911366,26.0,M2-T5,-0.031144888940247382,expression
Col5a2,-0.04230243130071818,0.13264588457840562,0.5578929851385883,22.0,M2-T5,-0.070315569202416,expression
Col6a6,0.018337121023131515,0.5146570195641638,0.7999560195399502,114.0,M2-T5,-0.007112330172416293,expression
Cpa3,0.019178926055667445,0.49554119048494694,0.7787075850477738,115.0,M2-T5,-0.024037876707134795,expression
Cr2,-0.06568999734908813,0.01946000024493659,0.16369294323681954,10.0,M2-T5,0.005689023114536805,expression
Csrp3,-0.005860579967227438,0.8350431196576626,0.9531682696943677,79.0,M2-T5,-0.013534545582998736,expression
Cxcl14,-0.029011828652018973,0.30251457820810096,0.6948677303644106,42.0,M2-T5,-0.12370179081314818,expression
Cxcl3,-0.028223402906807648,0.31584896834745935,0.6948677303644106,45.0,M2-T5,-0.01719073939330023,expression
Cxcr2,-0.05297684221216402,0.05960842276645995,0.3481619130999711,15.0,M2-T5,0.004738712861410661,expression
Cyp11a1,0.14905002420154562,1.0052486466377561e-07,2.3958426078199856e-06,142.0,M2-T5,-0.002334852151230154,expression
Cyp2j5,0.03969451670878829,0.15825379778432572,0.5990441257457201,130.0,M2-T5,0.014472038453547836,expression
Cyp4b1,-0.019897022755083538,0.4795387714832953,0.7787075850477738,59.0,M2-T5,-0.000635039546547117,expression
Dab2,0.05319740089719495,0.05855332030190106,0.3481619130999711,135.0,M2-T5,0.005350701625787576,expression
Ebf1,-0.0009488961864842008,0.9731037151441572,0.9988321591571635,84.0,M2-T5,-0.0031140097335972776,expression
Enpp1,-0.029884263715465306,0.2882015377199371,0.6948677303644106,38.0,M2-T5,0.016966836151089716,expression
Eomes,-0.010587664901408476,0.706762240277471,0.910513516753859,70.0,M2-T5,-0.03396708602639366,expression
Fasl,0.01217662192323624,0.6652531891100646,0.8890766919882171,105.0,M2-T5,-0.017916371803240558,expression
Fcer1a,-0.06856463104402674,0.01472441940778291,0.14037279835419708,9.0,M2-T5,-0.0271879674451265,expression
Fcer2a,0.10176508305357437,0.0002886270329363559,0.004127366570989889,140.0,M2-T5,-0.012996252092621839,expression
Fcmr,0.03388896113649306,0.22840503576692292,0.6749327072951365,127.0,M2-T5,-0.040157500734314,expression
Fermt1,-0.019953882127640606,0.4782838338776844,0.7787075850477738,58.0,M2-T5,0.05640678103383332,expression
Fgfbp1,0.02642986767609705,0.34759644699404524,0.7100898845735495,121.0,M2-T5,-0.010924371968361761,expression
Flt3,0.004146785567084456,0.8828613880697727,0.9734197561242109,97.0,M2-T5,-0.042812023728640736,expression
Foxp3,-0.0038946290346593268,0.8899375521908429,0.9734197561242109,83.0,M2-T5,-0.06400367920929746,expression
Fscn1,0.008238978687000544,0.7697134771435524,0.9274363346389611,101.0,M2-T5,0.05225004211029788,expression
Ftcd,0.001504072780143112,0.9573795354566924,0.9988321591571635,90.0,M2-T5,0.004384122079508373,expression
Fxyd3,-0.015380603080283523,0.5847010164930132,0.8344616267335158,66.0,M2-T5,-0.05303000894866846,expression
Fzd2,-0.0005656731122716079,0.983964145670638,0.9988321591571635,86.0,M2-T5,0.02011467103911977,expression
Galnt18,-0.029514034393110296,0.2942187863251007,0.6948677303644106,40.0,M2-T5,-0.06513242612139743,expression
Gata2,0.003588455263691316,0.8985413133454255,0.9734197561242109,95.0,M2-T5,-0.004083613525965264,expression
Gjb1,0.003798068500046714,0.8926496425377282,0.9734197561242109,96.0,M2-T5,-0.014858624758461426,expression
Gpihbp1,-0.01785635625415074,0.5257435562709704,0.8042656951589869,63.0,M2-T5,-0.0009200832933107181,expression
Gpr39,-0.02199572704245278,0.43442638462850125,0.7679232327086196,56.0,M2-T5,0.043469469752379385,expression
Grm6,-0.015003216884483275,0.5939508841215013,0.8344616267335158,67.0,M2-T5,-0.05965485200323267,expression
Gzma,-0.004779397371867814,0.865150930502667,0.9734197561242109,81.0,M2-T5,-0.015471329313586381,expression
Gzmb,-0.04645913132053107,0.09860332126465385,0.4689681924781745,19.0,M2-T5,0.0033448358516524413,expression
Havcr2,0.015878990415826993,0.5725889461912653,0.8332107283941713,111.0,M2-T5,-0.054227983081628475,expression
Hoxa10,-0.023623528427502545,0.4011883722869294,0.7450641199614403,53.0,M2-T5,0.1568641621657337,expression
Hpd,0.019396592718003917,0.4906607244762981,0.7787075850477738,116.0,M2-T5,0.018219213528464256,expression
Htr1b,-0.024641071367239052,0.3812086137818618,0.7377552884973231,50.0,M2-T5,0.02546659611689015,expression
Ibsp,-0.008300619920682584,0.7680396918150363,0.9274363346389611,74.0,M2-T5,-0.013927149677654141,expression
Ifng,-0.005687259910797026,0.8398545593111213,0.9531682696943677,80.0,M2-T5,-0.005400510050360654,expression
Ighd,0.015703583276092795,0.5768381965805801,0.8332107283941713,110.0,M2-T5,-0.027914366334127645,expression
Inava,-0.05835222764757667,0.03797533672194802,0.2579737805693918,13.0,M2-T5,0.12343436355758045,expression
Itgax,-0.047548300498787846,0.09094629036772872,0.46447569723518595,18.0,M2-T5,-0.06650323075880675,expression
Itk,-0.028957471533651594,0.30342171831660186,0.6948677303644106,43.0,M2-T5,-0.07003157868237743,expression
Klhl14,-0.052646112649714735,0.061220041838744535,0.3481619130999711,16.0,M2-T5,-0.007549778542874716,expression
Klrb1c,-0.05975832294657594,0.033568854413639194,0.25264979900791606,12.0,M2-T5,0.04227473393945966,expression
Klrk1,-0.01934641320183324,0.4917835429923929,0.7787075850477738,62.0,M2-T5,-0.03703441742929369,expression
Krt79,-0.02449292012927439,0.38407905630834976,0.7377552884973231,51.0,M2-T5,-0.014693762813193465,expression
Ldb2,-0.007089355229605572,0.801118476831425,0.9385370721562272,78.0,M2-T5,-0.0656698535062154,expression
Mat1a,-0.03521329324824481,0.21072457829699917,0.6696358821437973,30.0,M2-T5,-0.08139472666922155,expression
Mmp12,-0.04604256003205048,0.10166443333442943,0.4689681924781745,20.0,M2-T5,0.0029160380423207677,expression
Mrc1,0.04643468507398477,0.09878090698703348,0.4689681924781745,133.0,M2-T5,0.03728559691143413,expression
Ms4a1,0.03452250369628361,0.21981950748949258,0.6741460899024379,128.0,M2-T5,-0.039200212616785024,expression
Ms4a2,-0.009924990403469496,0.7243431682916808,0.924831009515271,71.0,M2-T5,-0.010444753245239085,expression
Ms4a4b,-0.00792453695074825,0.7782682528438835,0.9274363346389611,77.0,M2-T5,-0.054007197585611996,expression
Ms4a7,0.02150408497513906,0.44476917713376,0.7756340528064352,118.0,M2-T5,-0.11681703494836812,expression
Ncr1,0.02838701861447538,0.31305056547272003,0.6948677303644106,124.0,M2-T5,-0.009375446141436936,expression
Nes,0.04182654936000677,0.13706285547068936,0.559999666637388,131.0,M2-T5,0.011992409593971493,expression
Pacsin1,-0.004413552151247809,0.875385390038089,0.9734197561242109,82.0,M2-T5,-0.04380513669341165,expression
Pax5,0.027358383232345858,0.33091563227721305,0.7041985694861221,123.0,M2-T5,-0.04563447955842341,expression
Plcb1,0.02983814837935328,0.2889464872467458,0.6948677303644106,126.0,M2-T5,-0.08821784993535992,expression
Pld4,0.05222932746265408,0.06330216601817656,0.3481619130999711,134.0,M2-T5,-0.07268559984897022,expression
Pou2af1,-0.03638935221007111,0.19587168073288377,0.6365829623818722,29.0,M2-T5,-0.0658123683387607,expression
Prdm1,0.023687749474735325,0.399909102878093,0.7450641199614403,120.0,M2-T5,-0.03061805179885439,expression
Prex2,0.008734165801044474,0.7562982485665836,0.9274363346389611,102.0,M2-T5,-0.07804216917205933,expression
Prss34,-0.008007082519849173,0.7760198523826359,0.9274363346389611,76.0,M2-T5,-0.0043086466387004824,expression
Ptprb,-0.03164367051156413,0.2607440227560513,0.6948677303644106,34.0,M2-T5,-0.00928253227682728,expression
Ptpro,-0.00870559753647099,0.7570702504325146,0.9274363346389611,73.0,M2-T5,-0.042133274564831125,expression
Rassf4,0.006865492784487395,0.807273145980531,0.9385370721562272,99.0,M2-T5,-0.08276387803618729,expression
Retnlg,-0.036650259774255275,0.1926830554078827,0.6365829623818722,27.0,M2-T5,-0.0024858178195355752,expression
Robo4,0.0020279670491090106,0.9425564308128099,0.9984116267128282,92.0,M2-T5,-0.00737120564805852,expression
Sdc1,-0.03439172929358079,0.2215724910868152,0.6741460899024379,31.0,M2-T5,-0.004741960100844801,expression
Shank3,0.1031521594689608,0.00023787159892962612,0.0037795154052151702,141.0,M2-T5,-0.023973838564761787,expression
Siglech,0.003218990578681434,0.908939396619555,0.9772807046360629,94.0,M2-T5,0.0010089662895278288,expression
Skap1,-0.04489386580322967,0.11049794056032018,0.4937876718789308,21.0,M2-T5,-0.029028358545224193,expression
Slc7a2,-0.0009103598004689545,0.9741956332861764,0.9988321591571635,85.0,M2-T5,-0.06933285884952342,expression
Slc8a1,-0.01601414039158227,0.5693250868700195,0.8332107283941713,65.0,M2-T5,-0.10152188975841882,expression
Sox17,0.038627634163331724,0.16974704304614274,0.6197989295862606,129.0,M2-T5,-0.05232263767409443,expression
Stxbp6,0.014411767822681033,0.608580409286144,0.8395356506499259,108.0,M2-T5,-0.02911852181040761,expression
Themis,-0.03368128319847293,0.23127064795427754,0.6749327072951365,32.0,M2-T5,-0.05017484433428359,expression
Tmem252,0.006582964803924297,0.8150577097052836,0.9399455845794803,98.0,M2-T5,-0.036894493674276024,expression
Tmprss11e,-0.01988943227112391,0.47970643596461654,0.7787075850477738,60.0,M2-T5,0.04806945046876532,expression
Tppp3,0.014042622309281518,0.6177916927808511,0.8413734482634448,106.0,M2-T5,0.018208453596621398,expression
Trdc,-0.027292116394014826,0.332088693482848,0.7041985694861221,46.0,M2-T5,-0.014588591331796012,expression
Tspan7,0.011306692654929269,0.6878616949727787,0.9073421984282926,104.0,M2-T5,0.007152585268146383,expression
Vcan,-0.0324570326426078,0.2486819456016915,0.6948677303644106,33.0,M2-T5,-0.006591239297425416,expression
Wnt7b,-0.0383025596277301,0.1733703299541988,0.6197989295862606,25.0,M2-T5,0.10635015360830916,expression
Xcr1,-0.010854572139773205,0.6997244050606105,0.9096417265787936,69.0,M2-T5,-0.014284925434215737,expression
Zbtb7b,-0.012535751583966344,0.6560063030674295,0.8849896352702115,68.0,M2-T5,0.07793021533499367,expression
ARG1 macrophage,-0.07897114404327965,0.004948501006054716,0.05896963698881869,8.0,M2-T5,0.1764854638831475,subtype_density
CD11c macrophage,-0.057842930625089405,0.039688273933752585,0.2579737805693918,14.0,M2-T5,-0.33447563095407207,subtype_density
ALOX15 macrophage,-0.03960579382322279,0.15918655089746409,0.5990441257457201,24.0,M2-T5,-0.007777511600899658,subtype_density
Exhausted CD8 T cell,-0.11930636995959096,2.0964877697561336e-05,0.00037474718884390886,6.0,M2-T5,-0.20732884344613783,subtype_density
CD4 T cell,0.1506844037124773,7.250776459338367e-08,2.073722067370773e-06,143.0,M2-T5,-0.38041043822843423,subtype_density
Treg,-0.00821139052376308,0.770462944652538,0.9274363346389611,75.0,M2-T5,-0.42557513253490636,subtype_density
B cell,0.01691278399922677,0.5478515968900063,0.8160706078674052,112.0,M2-T5,-0.4895167616633803,subtype_density
cDC,-0.06045409342993194,0.03155505856718969,0.25068740972822917,11.0,M2-T5,-0.35778801111046443,subtype_density
Neutrophil,-0.008707816678539669,0.7570102737437683,0.9274363346389611,72.0,M2-T5,-0.041209504859422916,subtype_density
NK,0.026591030308893843,0.34466346931295205,0.7100898845735495,122.0,M2-T5,-0.3012999483214268,subtype_density
pDC,0.05816137910255746,0.038609720883505824,0.2579737805693918,136.0,M2-T5,-0.02838939958266553,subtype_density
Endothelial,-0.12649250550911914,6.4029275849302245e-06,0.00013080266352071744,5.0,M2-T5,-0.21153898233670596,subtype_density
Cancer fibroblast,-0.2031142413118759,3.0281146790331495e-13,4.330203991017404e-11,1.0,M2-T5,0.16176986580207248,subtype_density
Alveolar fibroblast 1,-0.0253692640249503,0.3672919216040862,0.7294825665192267,49.0,M2-T5,-0.5048897091304493,subtype_density
Alveolar fibroblast 2,-0.17827616547050798,1.7064746167203077e-10,8.134195673033467e-09,3.0,M2-T5,0.09710787413662528,subtype_density
AT1/AT2,0.02885859392114772,0.3050764649471574,0.6948677303644106,125.0,M2-T5,-0.31888399090439445,subtype_density
Club cell,-0.024346208268680898,0.3869345918692254,0.7377552884973231,52.0,M2-T5,-0.2122603025600921,subtype_density
tumor_boundary_dist,-0.1896071110397289,1.0547802863666158e-11,7.541679047521303e-10,2.0,M2-T5,1.0,distance
lung_boundary_dist,-0.0921475353226661,0.0010338860857916346,0.013440519115291249,7.0,M2-T5,0.0,distance
Abca8a,-0.015759522729133356,0.1139573170599511,0.23372878294949154,49.0,M3-T1,0.028036407168129225,expression
Adgre4,0.0052068578647233455,0.6015240466724775,0.7463353912417776,131.0,M3-T1,-0.05460051029858219,expression
Aicda,-0.000626514228447997,0.9498983590202342,0.9764390615115638,106.0,M3-T1,-0.06135675469803717,expression
Alox15,-0.010381324800754667,0.29778614894943506,0.4866261458441988,64.0,M3-T1,-0.021872962060020113,expression
Ankrd1,0.025861810108061403,0.009482002688614197,0.030740040974378286,169.0,M3-T1,-0.017558735351480687,expression
Ankrd65,-0.011235657977703147,0.259791950982257,0.43880825333977863,61.0,M3-T1,-0.019116523883123168,expression
Aplnr,-0.0081514216219707,0.41362186647523075,0.5938428225822955,78.0,M3-T1,-0.0016209358752226344,expression
Arg1,-0.02964285275260526,0.002943317782015023,0.010756488621545813,27.0,M3-T1,-0.1295588070283526,expression
Arhgef37,0.012881899420932395,0.19635506436128167,0.3492337162261622,146.0,M3-T1,-0.049482258578065395,expression
Asprv1,-0.0025799112497368656,0.7958319353626314,0.8936436816083179,97.0,M3-T1,0.011645214706175917,expression
Batf3,0.01704526526798476,0.08733446461484251,0.19080681943025374,155.0,M3-T1,-0.07236433874655686,expression
Bcl11b,0.011014642810173954,0.269283155985455,0.4504831556149196,143.0,M3-T1,-0.040649856425367954,expression
Btla,0.000598329001625166,0.9521495326182413,0.9764390615115638,112.0,M3-T1,-0.048938884100331696,expression
C1qa,-0.03276658684041818,0.0010122073964312088,0.003912570897743712,25.0,M3-T1,0.0023481684082967916,expression
C1qb,-0.02678390867466337,0.007216266432097282,0.024584229709348367,29.0,M3-T1,-0.0018367156932425268,expression
C1qc,-0.04310381178828605,1.5254524862657073e-05,8.517109714983532e-05,17.0,M3-T1,0.005265568627739882,expression
Camk4,-0.025398460525920045,0.010844337973790898,0.03353402973433801,32.0,M3-T1,0.03060757299044327,expression
Car4,0.020045426143590842,0.044367792531021265,0.11755288754775675,166.0,M3-T1,-0.003829262413222437,expression
Ccl24,-0.028079110701736087,0.0048524724026552165,0.016816326774718938,28.0,M3-T1,-0.019306007079812677,expression
Ccr2,0.013997768218086877,0.16033851151616169,0.2956700992178761,149.0,M3-T1,-0.09259382269759424,expression
Ccr4,-0.02114660921146233,0.03391553820510514,0.09338387916748128,38.0,M3-T1,-0.01908767484903404,expression
Ccr9,0.00668238804626789,0.5027315561934418,0.6647963341768539,134.0,M3-T1,-0.04645559146460811,expression
Cd19,-0.006720371727970714,0.5003064655199896,0.6647963341768539,83.0,M3-T1,-0.0436207089318753,expression
Cd200r3,-0.002345123639658487,0.8140553408355634,0.8990391401535618,99.0,M3-T1,-0.023212979577721116,expression
Cd209a,0.0036575938750294315,0.7137466485213387,0.8356109997808315,125.0,M3-T1,-0.014329033189155217,expression
Cd22,-0.005413729992315762,0.5871585931969434,0.7368715156588769,90.0,M3-T1,-0.032251404419494284,expression
Cd226,-0.007912613658708486,0.42743715349874073,0.6093253039237367,79.0,M3-T1,-0.03694647751597041,expression
Cd247,0.019706744687799402,0.04808434873458825,0.1226823285230522,163.0,M3-T1,-0.04480378055458143,expression
Cd274,0.0033580569149910524,0.7362771415883895,0.8361113302783406,121.0,M3-T1,-0.07695906658901365,expression
Cd28,0.00020845067174547673,0.9833206799897283,0.9932032998891225,110.0,M3-T1,-0.03788918523734469,expression
Cd300e,0.01991610078731951,0.04575731353003397,0.11944441583814062,164.0,M3-T1,0.008287520828398353,expression
Cd3g,0.012517348904317327,0.20931905591756647,0.36269939861578326,145.0,M3-T1,-0.016421879143754124,expression
Cd4,-0.008596767695365643,0.38857549537098884,0.5742917247762408,76.0,M3-T1,-0.04021951180438089,expression
Cd79a,-0.04410597574613941,9.615973675892825e-06,5.5223163110127364e-05,16.0,M3-T1,-0.06715955493531633,expression
Cd8a,-0.010082134613551008,0.3119284279543409,0.49866396618569225,65.0,M3-T1,-0.021183434672274796,expression
Cd8b1,0.0015842260240073952,0.8737591537735808,0.944223601658547,117.0,M3-T1,-0.02674527245773484,expression
Cd96,-0.009172744547992842,0.3575869092356075,0.5445073390633114,72.0,M3-T1,-0.034033673124825206,expression
Cdca2,0.06691780827546048,1.8315502876321593e-11,1.7530552753050667e-10,189.0,M3-T1,-0.10173297191843766,expression
Cdh1,-0.01864508187746427,0.06146764557460972,0.14535290306466533,43.0,M3-T1,-0.04324138259603157,expression
Chil1,0.02306231324618853,0.020707532177027435,0.059460199536893056,168.0,M3-T1,-0.08352063285332621,expression
Chst3,-0.006238388117874686,0.5315334041004252,0.6937546378193861,86.0,M3-T1,-0.013070316884268985,expression
Cldn4,0.12823142801173398,3.755802199763583e-38,1.50983248430496e-36,199.0,M3-T1,-0.008339910839493639,expression
Cldn5,-0.00902293325828692,0.36549341025717746,0.5523622215164863,73.0,M3-T1,0.07782880346031892,expression
Clec14a,0.0076430577811768645,0.443349524682554,0.6188420448693983,138.0,M3-T1,0.05918685718677644,expression
Col5a2,-0.015560762646030922,0.11859086039342727,0.24021594977742727,50.0,M3-T1,-0.059167175252763944,expression
Col6a6,0.004706902780824451,0.636878499086711,0.7677294311237675,128.0,M3-T1,-0.026819983681591466,expression
Cpa3,-0.013857565194424255,0.16456815142625078,0.3007108948788765,57.0,M3-T1,-0.01297639002924656,expression
Cr2,0.013601566422159143,0.1725070200133683,0.3123775767809642,148.0,M3-T1,-0.03491073660879369,expression
Csrp3,-0.009971252835853877,0.31728027140802034,0.49866396618569225,67.0,M3-T1,-0.01989163546383765,expression
Cxcl14,-0.009790670078564682,0.3261244143813294,0.5042385176203631,70.0,M3-T1,-0.06146128580999157,expression
Cxcl3,-0.007680861805496387,0.4410976896979238,0.6188420448693983,80.0,M3-T1,-0.021655512247996153,expression
Cxcr2,0.0010329505801619718,0.9174893405868874,0.9655254317170909,115.0,M3-T1,0.014555038266851256,expression
Cyp11a1,0.018656063055879493,0.06131485914025717,0.14535290306466533,160.0,M3-T1,-0.031413070144612004,expression
Cyp4b1,0.014668466669077174,0.14123431168936745,0.2756125888307074,151.0,M3-T1,0.06319932378889354,expression
Dab2,-0.05011244072876486,4.929409577611313e-07,3.30270441699958e-06,12.0,M3-T1,-0.039298969770038966,expression
Dkk2,-0.018671152747776226,0.061105422018682076,0.14535290306466533,42.0,M3-T1,-0.006690236582573736,expression
Dll4,-0.017593407232311738,0.07762834902367047,0.1753179567837951,45.0,M3-T1,0.050365505095898586,expression
Dscc1,0.019694943625355857,0.0482184276284633,0.1226823285230522,162.0,M3-T1,-0.08729432633321621,expression
Ebf1,-0.0070305383570611925,0.48073806063951363,0.6621706686523232,81.0,M3-T1,0.032050028924709206,expression
Enpp1,0.004619104524052442,0.6431765503216612,0.7695148012777019,127.0,M3-T1,-0.048367794586894386,expression
Eomes,0.00034555515861493975,0.972353692371378,0.9920969145515075,111.0,M3-T1,-0.03571406022735226,expression
Epcam,0.018198674231200557,0.0679506538692291,0.1552054707694892,158.0,M3-T1,-0.024981713784198327,expression
Exosc5,-0.01001843812409579,0.3149955014255544,0.49866396618569225,66.0,M3-T1,0.027115515929314084,expression
F7,0.0008716046626746736,0.9303416026154109,0.9739513652380083,114.0,M3-T1,-0.06346526482306777,expression
Fasl,-0.005379052650367786,0.5895555235563285,0.7368715156588769,91.0,M3-T1,-0.0014653298044872806,expression
Fcer1a,0.004945891742996544,0.6198684673399498,0.7626102210193352,130.0,M3-T1,-0.010209522467323063,expression
Fcer2a,-0.03542954471055731,0.00037881612298241735,0.0015539191983564467,23.0,M3-T1,-0.045978399787971996,expression
Fcmr,-0.0034313205979951645,0.7307445588437046,0.8361113302783406,96.0,M3-T1,-0.02885659440465614,expression
Fcnb,-0.00944963105512062,0.34325966774477235,0.5266808642496125,71.0,M3-T1,0.003562967319228091,expression
Fcrls,-0.0012137738186719094,0.9031113185417057,0.9653626332079218,102.0,M3-T1,0.04454569404040188,expression
Fermt1,-0.008332760543133371,0.4033099986878448,0.5874297806975131,77.0,M3-T1,-0.05884962567928398,expression
Fgf1,0.0867797707649543,2.7875256135428496e-18,4.669105402684273e-17,195.0,M3-T1,0.013589001601400402,expression
Fgf2,-0.006456478041994674,0.5172823087250201,0.6795669545995363,85.0,M3-T1,-0.03539346153852464,expression
Fgfbp1,0.11330633862621695,4.159318298398663e-30,1.3933716299635522e-28,198.0,M3-T1,0.0008663054411669816,expression
Fgfr2,-0.004744013796742415,0.6342242388172886,0.7677294311237675,92.0,M3-T1,-0.004935111914576884,expression
Flt3,-0.008665746289720585,0.38478041491619613,0.5728952844307809,75.0,M3-T1,-0.05286537994509366,expression
Foxm1,0.06886608375703251,4.680866793752201e-12,4.704271127720962e-11,190.0,M3-T1,-0.12163466071827853,expression
Foxn4,0.005369300428591347,0.5902304180153193,0.7368715156588769,132.0,M3-T1,-0.010465280426983782,expression
Foxp3,0.00843629745143664,0.3974920412243622,0.5831817539131153,141.0,M3-T1,-0.04171593025402004,expression
Fscn1,-0.004693129943218327,0.6378647512321849,0.7677294311237675,93.0,M3-T1,9.530974560098288e-05,expression
Fxyd3,-0.042326465432960404,2.1673692994419716e-05,0.00011170287927893237,19.0,M3-T1,-0.03917984611883571,expression
Fzd2,0.017373894594303656,0.0814043091629019,0.1818029571304809,157.0,M3-T1,-0.02810862017293377,expression
Gabrp,0.006770536453396401,0.49711320079999505,0.6647963341768539,135.0,M3-T1,-0.013693761097369184,expression
Galnt18,0.014229864279496232,0.15351797587512883,0.2910944613164977,150.0,M3-T1,-0.002003400527600038,expression
Gata2,0.016841809631658676,0.09117731476026164,0.19644092493119916,154.0,M3-T1,0.043914957294179,expression
Gpihbp1,-0.03586383528675435,0.00032065413799757693,0.0013427392028648535,22.0,M3-T1,0.1033414966717435,expression
Gpr141,0.026664146763319733,0.00748010382882234,0.02505834782655484,171.0,M3-T1,-0.018102766920173832,expression
Gpr39,0.02634126168282609,0.008235038445707776,0.02713512668175841,170.0,M3-T1,-0.11205288514046689,expression
Grm6,-0.010487081700818057,0.2928912781507107,0.4825503844942037,63.0,M3-T1,-0.017910950466803258,expression
Gzmb,-0.0024133678367356083,0.80874760614161,0.8981119825108487,98.0,M3-T1,-0.0034317201388166683,expression
Havcr2,0.002485567873314375,0.8031417713568546,0.8968416446818209,119.0,M3-T1,-0.07917268405908354,expression
Hoxa10,0.02003788222461998,0.04444785797825628,0.11755288754775675,165.0,M3-T1,0.019176262254576935,expression
Hoxb5,-0.016676684738777328,0.09439511485456638,0.19763977172674835,47.0,M3-T1,-0.026471981766887767,expression
Htr1b,-0.009965549819908704,0.3175571525958637,0.49866396618569225,68.0,M3-T1,-0.017557651397210203,expression
Ibsp,0.0007524982734042145,0.9398410660440382,0.9750793543721107,113.0,M3-T1,-0.07590082546121746,expression
Ifng,0.0035847003242628715,0.7192074774233027,0.8356109997808315,123.0,M3-T1,-0.0173080032864455,expression
Ighd,-0.003753729839948276,0.7065670124019227,0.835411585251685,94.0,M3-T1,-0.037938691684955936,expression
Il5,-0.001044374477920178,0.9165801289738129,0.9655254317170909,104.0,M3-T1,-0.006855567880322783,expression
Inava,0.03607824979844525,0.00029512630722455514,0.001262135909619906,176.0,M3-T1,0.016185999887392947,expression
Itgax,-0.00990858914898144,0.32033127808823947,0.49912082864911733,69.0,M3-T1,-0.06965491607042235,expression
Itgb4,-0.04416993687632996,9.333810691128428e-06,5.517929261520041e-05,15.0,M3-T1,-0.029487393791510844,expression
Itgb6,0.029418613014910524,0.0031665219920663525,0.0113655521500953,173.0,M3-T1,-0.009966091849244761,expression
Kif2c,0.04157057422461824,3.032631988007161e-05,0.00014867293404620472,180.0,M3-T1,-0.09948901281231885,expression
Klhl14,-0.0007364541571369524,0.9411213669064153,0.9750793543721107,105.0,M3-T1,-0.01035443367874928,expression
Klrb1c,-0.005919463703976091,0.5527258346880775,0.7121659793096382,88.0,M3-T1,-0.00014456982887566991,expression
Klrk1,-0.0034457904524088016,0.7296534965661962,0.8361113302783406,95.0,M3-T1,-0.035777772571316764,expression
Krt19,-0.014161864014120418,0.15549302905018664,0.2910944613164977,55.0,M3-T1,-0.10356262604966243,expression
Krt79,-0.0021194776809318576,0.8316646742391909,0.9035924298490668,101.0,M3-T1,-0.0035443397689466586,expression
Lamp3,0.0038020036061238716,0.7029715996081551,0.835411585251685,126.0,M3-T1,0.00011094447876000904,expression
Lef1,0.08325597880723454,6.040166304629773e-17,8.67195305164703e-16,194.0,M3-T1,0.00323044217293964,expression
Lrrn4,0.0030277251210225013,0.7613888198883217,0.8597705213345656,120.0,M3-T1,-0.04616892692923098,expression
Ly6g,0.0049125560931970805,0.622229235060552,0.7626102210193352,129.0,M3-T1,0.011029590064331447,expression
Mmp12,-0.015885960192904103,0.11108474033308396,0.23018590522628737,48.0,M3-T1,-0.029369628213424794,expression
Mrc1,-0.025591113711014475,0.010258076993510177,0.03228485633759276,30.0,M3-T1,0.03953005451547342,expression
Mreg,0.0011556589694440775,0.9077290431656578,0.9653626332079218,116.0,M3-T1,-0.060154769150170706,expression
Ms4a1,-0.015522044504740023,0.11951042277483945,0.24021594977742727,51.0,M3-T1,-0.03354551427479132,expression
Ms4a2,0.014741620129080209,0.13926116373312666,0.2744264108858672,152.0,M3-T1,-0.02910470016213087,expression
Ms4a4b,-0.002282315484579112,0.8189478449407764,0.8995000919841315,100.0,M3-T1,-0.03773942203711679,expression
Ms4a7,0.006856465697242674,0.4916686507754122,0.6647963341768539,136.0,M3-T1,-0.003048464248959812,expression
Msh2,0.010323593156766548,0.30048114093166994,0.487070236510207,142.0,M3-T1,-0.04938467983678757,expression
Myc,-0.03435200024578948,0.000568423418413444,0.0022850621420220448,24.0,M3-T1,0.018266287966525005,expression
Ncapd2,0.06295722116534862,2.6092012900248654e-10,2.2802150404130345e-09,188.0,M3-T1,-0.1156253920497963,expression
Ncr1,0.005816460966720792,0.5596578006269834,0.7165045727772209,133.0,M3-T1,-0.020793605537752176,expression
Nek2,0.04481425700515699,6.899230577756476e-06,4.2022586246334896e-05,183.0,M3-T1,-0.10204559441063668,expression
Nes,-0.04247219882581242,2.0301596033906005e-05,0.00010738475796881861,18.0,M3-T1,-0.02791586029905392,expression
Ntrk3,-0.023639214584009846,0.017732489151271777,0.0524151517559651,35.0,M3-T1,-0.005192368722345256,expression
Pacsin1,0.011674012284977543,0.24165875749073018,0.41515735261228004,144.0,M3-T1,-0.03842622685930397,expression
Pax5,-0.0239458288700099,0.016309220913428932,0.0489276627402868,34.0,M3-T1,-0.006934882747297643,expression
Pdcd1,0.033981941476142266,0.0006517665180389858,0.002568726865212473,175.0,M3-T1,-0.03867458858836283,expression
Pdgfa,0.03747275456744591,0.00017022565095959144,0.000744608825649399,177.0,M3-T1,-0.03170412892075854,expression
Plcb1,-0.010970971236838023,0.27118637726072276,0.4504831556149196,62.0,M3-T1,-0.04774203633881687,expression
Pld4,-0.014615269300541613,0.14268263032126188,0.2757616220632081,53.0,M3-T1,-0.04877042397548924,expression
Pllp,0.003587999879506882,0.7189599784393096,0.8356109997808315,124.0,M3-T1,0.05064845650770646,expression
Pou2af1,-0.014130551123298689,0.15640896428946144,0.2910944613164977,56.0,M3-T1,-0.06620929248412517,expression
Prdm1,1.3578259544053226e-05,0.9989134476798884,0.9989134476798884,109.0,M3-T1,0.006408966062818297,expression
Prex2,-0.0002689376781518475,0.9784818131281646,0.9932032998891225,107.0,M3-T1,0.02313271512232053,expression
Ptprb,-0.006091696744968654,0.5412296592437106,0.7018526548902311,87.0,M3-T1,0.011172827514279216,expression
Ptpro,-0.01948983914405624,0.05059935573142465,0.12713088127520442,40.0,M3-T1,-0.01869952926862246,expression
Rad51,0.02859599270297709,0.00412373697795461,0.014541598816997835,172.0,M3-T1,-0.1036827139149211,expression
Rassf4,-0.025583817580922267,0.01027975525177083,0.03228485633759276,31.0,M3-T1,-0.0689225202405411,expression
Robo4,-0.014811806798134639,0.1373880508494372,0.2734158239676918,52.0,M3-T1,0.05798355240612301,expression
Rpa2,0.04275619560654151,1.7861742366122186e-05,9.703270852947458e-05,182.0,M3-T1,-0.08024406235389218,expression
Sbspon,-0.021815943745642736,0.028653097793534168,0.07998989800694956,37.0,M3-T1,-0.01214096177587063,expression
Scg2,-0.023339873793134985,0.01922582048662935,0.05600565098278985,36.0,M3-T1,-0.06064654071294062,expression
Sdc1,-0.06120933742158681,8.017890619134004e-10,6.714983393524728e-09,10.0,M3-T1,-0.0357627459858531,expression
Serpinb5,-0.012820881357653179,0.1984829827718601,0.3492337162261622,58.0,M3-T1,-0.0324549823671247,expression
Serpinf1,-0.01123701884750979,0.25973423670926,0.43880825333977863,60.0,M3-T1,-0.02388777099265265,expression
Shank3,-0.020819901028661533,0.036771017842083926,0.09987803494944418,39.0,M3-T1,0.03907533300171792,expression
Siglech,0.007665450422323259,0.44201489224759877,0.6188420448693983,139.0,M3-T1,-0.015309643181052046,expression
Slc2a1,0.02267847062077757,0.02292012844710854,0.06488656081505376,167.0,M3-T1,-0.0772861849583746,expression
Slc6a2,-0.0641619381554668,1.182427651929092e-10,1.0803089001715796e-09,9.0,M3-T1,0.09780080530123811,expression
Slc7a2,-0.0070105162170202556,0.48198854227288207,0.6621706686523232,82.0,M3-T1,-0.0785711647991906,expression
Slc8a1,-0.006716203235656509,0.5005723019802126,0.6647963341768539,84.0,M3-T1,-0.051232095226212616,expression
Snai1,-0.0579604735446525,5.9603269855789805e-09,4.437132311486574e-08,11.0,M3-T1,-0.019013767017458133,expression
Sox17,0.006973994200489308,0.4842740711039379,0.6621706686523232,137.0,M3-T1,0.023748382082275542,expression
Sox9,-0.08040126879916047,6.654984163491163e-16,8.917678779078159e-15,7.0,M3-T1,-0.05319392549144658,expression
Stxbp6,-0.019286970548415598,0.05305043009061959,0.13164365985450047,41.0,M3-T1,-0.029909597031505565,expression
Tcf7,0.04189170417540201,2.6310864510632532e-05,0.00013221209416592846,181.0,M3-T1,-0.017959671017503932,expression
Themis,-0.014474620934388633,0.14656673804557527,0.28057061283010126,54.0,M3-T1,-0.027679226812786457,expression
Tmem252,0.0034011394814670026,0.7330220399406061,0.8361113302783406,122.0,M3-T1,0.01884636594662853,expression
Tmprss11e,-5.8368064792223284e-05,0.9953293267475883,0.9989134476798884,108.0,M3-T1,-0.09129233099290895,expression
Tppp3,-0.03747008655899663,0.0001704079899496137,0.000744608825649399,21.0,M3-T1,0.017175781408778956,expression
Trdc,-0.005698807348901849,0.567626981627861,0.7221077424506332,89.0,M3-T1,-0.04671059675004161,expression
Trp63,0.008171556195424718,0.4124692675332045,0.5938428225822955,140.0,M3-T1,-0.012182156930687292,expression
Tspan7,0.016733504396097512,0.09327774804699664,0.1973560774468034,153.0,M3-T1,0.06300986058495714,expression
Tubb1,0.019084379003024454,0.055596361341815746,0.13627888572810934,161.0,M3-T1,-0.0314051301282084,expression
Twist1,-0.030342446822112294,0.0023360442430386107,0.008695275793532607,26.0,M3-T1,0.009433523420676004,expression
Ung,0.05853748973774854,4.205903957159622e-09,3.381546781556336e-08,187.0,M3-T1,-0.04123874227481947,expression
Vcan,-0.018268431010022037,0.06690201388986798,0.1552054707694892,44.0,M3-T1,-0.059523863727141954,expression
Vegfa,0.018229783420085167,0.06748133757425184,0.1552054707694892,159.0,M3-T1,-0.07011284741268793,expression
Wnt2,0.013370300202978986,0.17992205474892004,0.32289583039761544,147.0,M3-T1,-0.004404250021716885,expression
Wnt7b,-0.048867587460766575,9.392292703398439e-07,5.899533854322145e-06,14.0,M3-T1,0.010189205090678333,expression
Xcr1,-0.00118576514488186,0.9053364493086012,0.9653626332079218,103.0,M3-T1,-0.0482211277818744,expression
Zbtb7b,-0.049068570464974315,8.472575371041901e-07,5.493508547030394e-06,13.0,M3-T1,0.0030054734807852014,expression
Zeb1,-0.012783061412137846,0.1998103351542719,0.3492337162261622,59.0,M3-T1,-0.015776670854617297,expression
ARG1 macrophage,-0.016805981916391058,0.09186789524145632,0.19644092493119916,46.0,M3-T1,-0.2268343791071735,subtype_density
CD11c macrophage,-0.04010242091353186,5.732170767079725e-05,0.0002743253152816726,20.0,M3-T1,0.16236569669062773,subtype_density
Alveolar macrophage,0.03762692752662599,0.00015999527565873717,0.0007308875092592312,178.0,M3-T1,-0.019749723834307228,subtype_density
Exhausted CD8 T cell,0.017159553324252168,0.08523378789103164,0.18826364138568527,156.0,M3-T1,-0.09612859432002806,subtype_density
Treg,0.11283734743005029,7.16903351610012e-30,2.0585367667658916e-28,197.0,M3-T1,-0.2762514554934244,subtype_density
B cell,0.03199720683849816,0.0013278667249086284,0.005035871918993099,174.0,M3-T1,-0.25109684992796677,subtype_density
cDC,0.15545433014180127,1.8772970743559817e-55,9.433417798638809e-54,200.0,M3-T1,-0.30213935271454684,subtype_density
Neutrophil,0.06991475164941674,2.210963765104696e-12,2.468909537700244e-11,192.0,M3-T1,0.05569723702230295,subtype_density
NK,-0.025299018060930024,0.011158450987383741,0.033982555279759574,33.0,M3-T1,-0.08879495513479699,subtype_density
CAP1 endothelial,0.05838851671688068,4.603493410718037e-09,3.55885452136279e-08,186.0,M3-T1,0.05986965670540485,subtype_density
CAP2 endothelial,0.06929385169214405,3.4516587049667308e-12,3.651491577359542e-11,191.0,M3-T1,0.08085754410821526,subtype_density
Tumor endothelial,-0.16141568014906194,1.059219619559168e-59,7.096771451046426e-58,2.0,M3-T1,0.3933196505427837,subtype_density
Cancer fibroblast,-0.08412153676619916,2.8707568269149905e-17,4.438631709307024e-16,6.0,M3-T1,-0.3472051680637284,subtype_density
Alveolar fibroblast 1,-0.09723813436441475,1.4360949287498296e-22,2.624137097079234e-21,5.0,M3-T1,-0.0032064896994480376,subtype_density
Alveolar fibroblast 2,0.056893745446639145,1.1256713121655597e-08,8.080711919474197e-08,185.0,M3-T1,0.009838377466885411,subtype_density
AT1/AT2,0.05146657094317052,2.402948154193616e-07,1.665491651699713e-06,184.0,M3-T1,-0.23297509809083566,subtype_density
Club cell,0.039584841622027245,7.13907995079775e-05,0.0003337104814210111,179.0,M3-T1,0.01129372552665068,subtype_density
tumor_boundary_dist,-0.11123783475998911,4.512221509181881e-29,1.1336956541819477e-27,3.0,M3-T1,1.0,distance
lung_boundary_dist,-0.19373950248687133,1.1141104787644431e-85,1.1196810311582653e-83,1.0,M3-T1,0.0,distance
G0/G1,-0.07444774633470636,7.609867892163268e-14,8.997549684263629e-13,8.0,M3-T1,0.0578864382322293,cell_cycle
G2/M,0.07722751159277623,8.703512952249934e-15,1.093378814626398e-13,193.0,M3-T1,-0.07427885044754547,cell_cycle
S,-0.008761672737211918,0.3795405343029569,0.5693108014544355,74.0,M3-T1,0.005636607964326225,cell_cycle
1,0.10868351300938746,8.060483214243083e-28,1.8001745845142888e-26,196.0,M3-T1,0.0,module_score
2,0.002179045230479443,0.8270074424199165,0.9034157387304522,118.0,M3-T1,0.0,module_score
3,-0.10388871808954125,1.5044797786084207e-25,3.0240043550029256e-24,4.0,M3-T1,0.0,module_score
4,0.28371063381472367,1.4138027200705374e-185,2.8417434673417803e-183,201.0,M3-T1,0.0,module_score
