autocorr,p_value,var_norm,q_value,feature_type,clone,feature
0.011488991605378087,0.004820530331168027,2.0156555255762465e-05,0.01172050511891834,expression,M1-T1,Aldob
-0.0050336919157448964,0.13746831843763468,2.0156555255762465e-05,0.19370535779848522,expression,M1-T1,Alox15
0.06950293021776928,0.0,2.0156555255762465e-05,0.0,expression,M1-T1,Ankrd1
-0.007432671451608858,0.05196362431705777,2.0156555255762465e-05,0.08591319220420217,expression,M1-T1,Apoa5
0.047198390216481326,0.0,2.0156555255762465e-05,0.0,expression,M1-T1,Arg1
-0.007840051713199838,0.04300384994432285,2.0156555255762465e-05,0.07406218601522269,expression,M1-T1,Arhgef37
0.008171856920762322,0.032185877167069,2.0156555255762465e-05,0.05956789207039636,expression,M1-T1,Asprv1
0.011447365154607467,0.004951868538526472,2.0156555255762465e-05,0.011808301899563124,expression,M1-T1,Azgp1
0.01653361144450742,0.00010278710334454821,2.0156555255762465e-05,0.0003186400203680995,expression,M1-T1,Batf3
0.03187356404377743,5.061506769266089e-13,2.0156555255762465e-05,2.7288123451695436e-12,expression,M1-T1,Bcl11b
0.0316774227696602,6.944445019030354e-13,2.0156555255762465e-05,3.5879632598323496e-12,expression,M1-T1,C1qa
0.024392833048276785,2.3460086651105883e-08,2.0156555255762465e-05,1.0389466945489748e-07,expression,M1-T1,C1qb
0.005237883178826876,0.11583021406695071,2.0156555255762465e-05,0.17098745886073677,expression,M1-T1,C1qc
0.14749991327956188,0.0,2.0156555255762465e-05,0.0,expression,M1-T1,Camk4
-0.00392498150302962,0.19910736444540655,2.0156555255762465e-05,0.25452900197144757,expression,M1-T1,Ccl24
0.007187689110973428,0.05150997153388781,2.0156555255762465e-05,0.08591319220420217,expression,M1-T1,Ccr2
-0.004285617897277067,0.17744630658431398,2.0156555255762465e-05,0.2340781065580312,expression,M1-T1,Ccr4
-0.009651480089452739,0.016989722719290605,2.0156555255762465e-05,0.03344008916177833,expression,M1-T1,Ccr9
0.0006880701395204092,0.42752372888693546,2.0156555255762465e-05,0.46021935506119044,expression,M1-T1,Cd200r3
0.004060306998675012,0.1752027293573175,2.0156555255762465e-05,0.23360363914309,expression,M1-T1,Cd22
0.0002376887410566168,0.4671779856203174,2.0156555255762465e-05,0.48275058514099467,expression,M1-T1,Cd247
0.01818576126317688,2.2511976683681212e-05,2.0156555255762465e-05,8.459045784171123e-05,expression,M1-T1,Cd28
0.017265330052637782,5.3302104137675776e-05,2.0156555255762465e-05,0.00018590098102398852,expression,M1-T1,Cd300e
0.005663033043369197,0.09838841208353222,2.0156555255762465e-05,0.15250203872947493,expression,M1-T1,Cd3g
0.0007098591370199453,0.4256204687769468,2.0156555255762465e-05,0.46021935506119044,expression,M1-T1,Cd4
0.008130202083144073,0.03286076358720014,2.0156555255762465e-05,0.05992256889430614,expression,M1-T1,Cd79a
-0.013693872889574767,0.0012609351274869205,2.0156555255762465e-05,0.003399042517573438,expression,M1-T1,Cd8a
0.011297837516820395,0.005450335314004517,2.0156555255762465e-05,0.0127517279044634,expression,M1-T1,Cd8b1
-0.01088481561874295,0.008309624011403175,2.0156555255762465e-05,0.018077076796736733,expression,M1-T1,Cd96
0.014408502174857358,0.0006003236568832282,2.0156555255762465e-05,0.001691821214852734,expression,M1-T1,Chil1
0.014350933545920203,0.0006278781174675618,2.0156555255762465e-05,0.0017301530347995037,expression,M1-T1,Chst3
0.21057566685433857,0.0,2.0156555255762465e-05,0.0,expression,M1-T1,Cldn4
-0.00035842878972528413,0.479897177732556,2.0156555255762465e-05,0.48360239208604905,expression,M1-T1,Cldn5
0.029415499271604993,2.3312018981869187e-11,2.0156555255762465e-05,1.1562761415007118e-10,expression,M1-T1,Clec14a
0.005424933130551413,0.10790336902002906,2.0156555255762465e-05,0.16120503323474222,expression,M1-T1,Col5a2
0.005803374128113987,0.09307605089139326,2.0156555255762465e-05,0.1460940545637059,expression,M1-T1,Col6a6
0.027626300962362103,3.1484126417069547e-10,2.0156555255762465e-05,1.4459376576728237e-09,expression,M1-T1,Cpa3
0.015083265204548195,0.00035071343630599383,2.0156555255762465e-05,0.0010113596767893774,expression,M1-T1,Cr2
-0.0011317775207211782,0.41189819344903517,2.0156555255762465e-05,0.45199447776708285,expression,M1-T1,Csrp3
-0.0008952045266667283,0.4325163458214894,2.0156555255762465e-05,0.46021935506119044,expression,M1-T1,Cxcl14
0.05626005778753235,0.0,2.0156555255762465e-05,0.0,expression,M1-T1,Cxcl3
0.0240363492654784,3.658627434344197e-08,2.0156555255762465e-05,1.564378627098898e-07,expression,M1-T1,Cxcr2
0.01880482338746949,1.2326754445290966e-05,2.0156555255762465e-05,4.7766173475502494e-05,expression,M1-T1,Cyp11a1
-0.017408978305245532,5.949558284690745e-05,2.0156555255762465e-05,0.00019939060197341954,expression,M1-T1,Cyp2j5
0.003042291379206791,0.23976656908151917,2.0156555255762465e-05,0.2943668768921621,expression,M1-T1,Cyp4b1
0.0723749044180864,0.0,2.0156555255762465e-05,0.0,expression,M1-T1,Dab2
0.0006113399371369667,0.4342392301787039,2.0156555255762465e-05,0.46021935506119044,expression,M1-T1,Ebf1
0.06426879563946764,0.0,2.0156555255762465e-05,0.0,expression,M1-T1,Enpp1
0.006735622889753417,0.06304621494581786,2.0156555255762465e-05,0.10152896952313525,expression,M1-T1,Eomes
0.06453382259407257,0.0,2.0156555255762465e-05,0.0,expression,M1-T1,Fasl
0.007870352913984436,0.03733872945651007,2.0156555255762465e-05,0.06614289218010354,expression,M1-T1,Fcer1a
0.018966469433776025,1.0501468831747296e-05,2.0156555255762465e-05,4.2005875326989184e-05,expression,M1-T1,Fcer2a
0.004473023174461462,0.15250939358236293,2.0156555255762465e-05,0.2124849978001461,expression,M1-T1,Fcmr
0.1032597942143533,0.0,2.0156555255762465e-05,0.0,expression,M1-T1,Fermt1
0.07178347551514334,0.0,2.0156555255762465e-05,0.0,expression,M1-T1,Fgfbp1
0.0008878525058886573,0.41014150989607956,2.0156555255762465e-05,0.45199447776708285,expression,M1-T1,Flt3
0.008795968532474264,0.023372194370254507,2.0156555255762465e-05,0.045283626592368106,expression,M1-T1,Foxp3
0.11441167729025298,0.0,2.0156555255762465e-05,0.0,expression,M1-T1,Fscn1
-0.004088911568915028,0.18907037690344453,2.0156555255762465e-05,0.2467865972213381,expression,M1-T1,Ftcd
0.018125697447200533,2.3843599583961428e-05,2.0156555255762465e-05,8.695901024738874e-05,expression,M1-T1,Fxyd3
0.06917094324975795,0.0,2.0156555255762465e-05,0.0,expression,M1-T1,Fzd2
0.0009423907161618191,0.40542537996737793,2.0156555255762465e-05,0.45199447776708285,expression,M1-T1,Galnt18
-0.00792738084335537,0.04125581768694714,2.0156555255762465e-05,0.07205241398847105,expression,M1-T1,Gata2
-0.003529536688020304,0.2246046633786033,2.0156555255762465e-05,0.2785097825894681,expression,M1-T1,Gjb1
0.007340307690479672,0.04801828140397091,2.0156555255762465e-05,0.08156529991907387,expression,M1-T1,Gpihbp1
0.12024573915154436,0.0,2.0156555255762465e-05,0.0,expression,M1-T1,Gpr39
0.028452397069555962,9.64952562299004e-11,2.0156555255762465e-05,4.602081450964481e-10,expression,M1-T1,Grm6
0.005541875441670211,0.10315040164305211,2.0156555255762465e-05,0.15598353419193248,expression,M1-T1,Gzma
-0.010762050724797504,0.008949995622757854,2.0156555255762465e-05,0.01913447340037886,expression,M1-T1,Gzmb
0.016540043393171153,0.00010220670833738232,2.0156555255762465e-05,0.0003186400203680995,expression,M1-T1,Havcr2
0.09320056039042839,0.0,2.0156555255762465e-05,0.0,expression,M1-T1,Hoxa10
0.0122936817590664,0.00282285934225468,2.0156555255762465e-05,0.007000691168791606,expression,M1-T1,Hpd
0.00823115375988659,0.03124493062942646,2.0156555255762465e-05,0.05870259694013456,expression,M1-T1,Htr1b
0.01125489892416143,0.005601487510398018,2.0156555255762465e-05,0.012862675023876929,expression,M1-T1,Ibsp
0.0017707905205552093,0.3358399013159401,2.0156555255762465e-05,0.38559396077015345,expression,M1-T1,Ifng
0.01725168604952912,5.397125255535151e-05,2.0156555255762465e-05,0.00018590098102398852,expression,M1-T1,Ighd
0.08020455267661922,0.0,2.0156555255762465e-05,0.0,expression,M1-T1,Inava
0.006796397411629476,0.06138737410565909,2.0156555255762465e-05,0.10015834722502272,expression,M1-T1,Itgax
0.01021613654347827,0.010585177676500135,2.0156555255762465e-05,0.021876033864766945,expression,M1-T1,Itk
0.005579913076179007,0.10163767601791729,2.0156555255762465e-05,0.15559347933607093,expression,M1-T1,Klhl14
-0.002095782914067388,0.33091636070667857,2.0156555255762465e-05,0.38349185726755275,expression,M1-T1,Klrb1c
0.005052827133814165,0.12407105218951209,2.0156555255762465e-05,0.17864887107017563,expression,M1-T1,Klrk1
5.248652610663445e-05,0.48360239208604905,2.0156555255762465e-05,0.48360239208604905,expression,M1-T1,Krt79
-0.00539219189682093,0.12067571290530738,2.0156555255762465e-05,0.17604456941480137,expression,M1-T1,Ldb2
0.0003419783667619903,0.45795194344442247,2.0156555255762465e-05,0.48079823218952816,expression,M1-T1,Mat1a
0.02362226914106045,6.083444947790895e-08,2.0156555255762465e-05,2.5144905784202366e-07,expression,M1-T1,Mmp12
-0.01008117566585521,0.013344911743843777,2.0156555255762465e-05,0.027127361577649646,expression,M1-T1,Mrc1
0.00015736776889487976,0.47429592951380084,2.0156555255762465e-05,0.48360239208604905,expression,M1-T1,Ms4a1
-0.0023536871729149685,0.31036042355954885,2.0156555255762465e-05,0.3630631369941892,expression,M1-T1,Ms4a2
-0.003081613676927574,0.2556017272103088,2.0156555255762465e-05,0.3047559055199836,expression,M1-T1,Ms4a4b
-0.011433129584224011,0.005915350107054632,2.0156555255762465e-05,0.013219561676407886,expression,M1-T1,Ms4a7
0.001180754702865599,0.3849823561859287,2.0156555255762465e-05,0.43398011060959235,expression,M1-T1,Ncr1
0.1038060529476106,0.0,2.0156555255762465e-05,0.0,expression,M1-T1,Nes
0.0003028484802382632,0.46141120669801494,2.0156555255762465e-05,0.48079823218952816,expression,M1-T1,Pacsin1
0.016899385048298562,7.425812225170247e-05,2.0156555255762465e-05,0.00024231597787397648,expression,M1-T1,Pax5
-0.004634163137982178,0.15798477906295078,2.0156555255762465e-05,0.2176679178200655,expression,M1-T1,Plcb1
-0.004052193393024802,0.1912910153131528,2.0156555255762465e-05,0.24708422811282235,expression,M1-T1,Pld4
-0.005289255517113942,0.1253423530895587,2.0156555255762465e-05,0.17864887107017563,expression,M1-T1,Pou2af1
-0.0031333264389098946,0.2519125754392092,2.0156555255762465e-05,0.30327339179089263,expression,M1-T1,Prdm1
-0.0003527487329751813,0.48040127747298234,2.0156555255762465e-05,0.48360239208604905,expression,M1-T1,Prex2
0.01613628045352378,0.00014528451582274116,2.0156555255762465e-05,0.0004393970722443879,expression,M1-T1,Prss34
-0.011418542800059411,0.005970124628055174,2.0156555255762465e-05,0.013219561676407886,expression,M1-T1,Ptprb
-0.004394971654651327,0.17118369111305343,2.0156555255762465e-05,0.2307258445436807,expression,M1-T1,Ptpro
-0.008256538663896983,0.03517807974118283,2.0156555255762465e-05,0.06321857808560394,expression,M1-T1,Rassf4
-0.0032600201723987487,0.24299445668099923,2.0156555255762465e-05,0.29540502576905786,expression,M1-T1,Retnlg
0.0015249711440083955,0.35603006052161124,2.0156555255762465e-05,0.4050250229787137,expression,M1-T1,Robo4
0.16599000208294762,0.0,2.0156555255762465e-05,0.0,expression,M1-T1,Sdc1
0.003430639452809467,0.21372784264145062,2.0156555255762465e-05,0.2676995200761604,expression,M1-T1,Shank3
-0.01002772980169385,0.013757947555934468,2.0156555255762465e-05,0.027515895111868936,expression,M1-T1,Siglech
0.0022105230885302667,0.3009088686752289,2.0156555255762465e-05,0.3553590449116989,expression,M1-T1,Skap1
-0.004478950479202987,0.16647145310150258,2.0156555255762465e-05,0.22684022180864086,expression,M1-T1,Slc7a2
-0.008526046575479897,0.03076690360310854,2.0156555255762465e-05,0.05869378533516091,expression,M1-T1,Slc8a1
0.012474425285628053,0.0024930041695166993,2.0156555255762465e-05,0.006308826877960627,expression,M1-T1,Sox17
0.06518542390852966,0.0,2.0156555255762465e-05,0.0,expression,M1-T1,Stxbp6
-0.010638328639024324,0.009638696412048689,2.0156555255762465e-05,0.020257599238881988,expression,M1-T1,Themis
0.006589950585866847,0.06716441314070709,2.0156555255762465e-05,0.10677419524932923,expression,M1-T1,Tmem252
0.14145594626729982,0.0,2.0156555255762465e-05,0.0,expression,M1-T1,Tmprss11e
0.07165524783921454,0.0,2.0156555255762465e-05,0.0,expression,M1-T1,Tppp3
-0.01343388685357978,0.001524290491471811,2.0156555255762465e-05,0.00402153236047882,expression,M1-T1,Trdc
0.012882766677426641,0.0018724374740858307,2.0156555255762465e-05,0.004837130141388396,expression,M1-T1,Tspan7
0.01531923279650684,0.00028916429382197517,2.0156555255762465e-05,0.0008537231531886886,expression,M1-T1,Vcan
0.1367332727024834,0.0,2.0156555255762465e-05,0.0,expression,M1-T1,Wnt7b
0.003506948840697269,0.20881208901766768,2.0156555255762465e-05,0.26421121467541625,expression,M1-T1,Xcr1
0.1279090456342378,0.0,2.0156555255762465e-05,0.0,expression,M1-T1,Zbtb7b
0.014130451011516632,0.004869625168882119,3.1158052527511965e-05,0.011839872959634956,expression,M1-T2,Aldob
-0.006379943270216081,0.13797370732413639,3.1158052527511965e-05,0.19009710786881012,expression,M1-T2,Alox15
0.037752487928999184,4.653832874623731e-12,3.1158052527511965e-05,3.847168509688951e-11,expression,M1-T2,Ankrd1
0.007444230113486774,0.08270241514273224,3.1158052527511965e-05,0.13423726141199602,expression,M1-T2,Apoa5
0.08382896429791213,0.0,3.1158052527511965e-05,0.0,expression,M1-T2,Arg1
-0.012471406610177599,0.014600991581868701,3.1158052527511965e-05,0.03416081049342866,expression,M1-T2,Arhgef37
-0.01999381236434953,0.00020905420295315317,3.1158052527511965e-05,0.0007624329754762057,expression,M1-T2,Asprv1
0.025532349306927746,1.8497004424800068e-06,3.1158052527511965e-05,9.556785619480035e-06,expression,M1-T2,Azgp1
0.00814525310994104,0.06517681780919227,3.1158052527511965e-05,0.11224896400472001,expression,M1-T2,Batf3
-0.008550215753728014,0.06966764390509185,3.1158052527511965e-05,0.11674037627339715,expression,M1-T2,Bcl11b
0.006381051321524814,0.11572081728280381,3.1158052527511965e-05,0.16685327143101944,expression,M1-T2,C1qa
-0.005943218805723318,0.1559533014158992,3.1158052527511965e-05,0.2101979279953424,expression,M1-T2,C1qb
0.00836302791141648,0.06036425734348294,3.1158052527511965e-05,0.10693097015131263,expression,M1-T2,C1qc
0.05337523175283557,0.0,3.1158052527511965e-05,0.0,expression,M1-T2,Camk4
-0.016516815934313644,0.0018334464464964278,3.1158052527511965e-05,0.005052163541456823,expression,M1-T2,Ccl24
0.02412773303938062,6.045038159152583e-06,3.1158052527511965e-05,2.6770883276247153e-05,expression,M1-T2,Ccr2
0.0013746321262912168,0.3821810412983939,3.1158052527511965e-05,0.4308222647363713,expression,M1-T2,Ccr4
-0.0005507403214785997,0.48198536753885174,3.1158052527511965e-05,0.48198536753885174,expression,M1-T2,Ccr9
0.027733480364739393,2.5578231310774413e-07,3.1158052527511965e-05,1.4416821284254668e-06,expression,M1-T2,Cd200r3
0.009470119682642488,0.04005418730314614,3.1158052527511965e-05,0.0764110650090788,expression,M1-T2,Cd22
-0.0016305968930621583,0.4056975012685505,3.1158052527511965e-05,0.44109044894684624,expression,M1-T2,Cd247
0.0070099641583110375,0.09521252583784601,3.1158052527511965e-05,0.14757941504866132,expression,M1-T2,Cd28
0.015247486042743605,0.002675824080801692,3.1158052527511965e-05,0.006912545542071038,expression,M1-T2,Cd300e
0.0006585539535050583,0.4319260296568498,3.1158052527511965e-05,0.4577677579269177,expression,M1-T2,Cd3g
-0.01748459254637324,0.0010389811381653203,3.1158052527511965e-05,0.003220841528312493,expression,M1-T2,Cd4
-0.01162722192047998,0.021202980015635253,3.1158052527511965e-05,0.045330508998944335,expression,M1-T2,Cd79a
-0.016541881013394003,0.0018073101011804203,3.1158052527511965e-05,0.005052163541456823,expression,M1-T2,Cd8a
0.02519002709960133,2.482440186413193e-06,3.1158052527511965e-05,1.2312903324609438e-05,expression,M1-T2,Cd8b1
0.028444868925721255,1.3068243587266437e-07,3.1158052527511965e-05,7.716486689623992e-07,expression,M1-T2,Cd96
-0.0006009780971962931,0.47839930302483874,3.1158052527511965e-05,0.48198536753885174,expression,M1-T2,Chil1
0.019158061427399703,0.0002454764792840791,3.1158052527511965e-05,0.000845530095311828,expression,M1-T2,Chst3
0.037086423537383076,1.060107557293577e-11,3.1158052527511965e-05,7.732549241435504e-11,expression,M1-T2,Cldn4
0.0009848195057190815,0.4090758195878009,3.1158052527511965e-05,0.44109044894684624,expression,M1-T2,Cldn5
0.0019092449318543127,0.3462247788138053,3.1158052527511965e-05,0.39751733863807276,expression,M1-T2,Clec14a
-0.015543544540274283,0.0031559735803196863,3.1158052527511965e-05,0.007826814479192822,expression,M1-T2,Col5a2
-0.0021070075077151604,0.37297834863478413,3.1158052527511965e-05,0.42430564431847,expression,M1-T2,Col6a6
0.011415167337511353,0.017930000782357958,3.1158052527511965e-05,0.03900561573705942,expression,M1-T2,Cpa3
0.016346551629297053,0.001432024577335711,3.1158052527511965e-05,0.004227882085467338,expression,M1-T2,Cr2
-0.00889798602013715,0.06171029319340951,3.1158052527511965e-05,0.10777572332370111,expression,M1-T2,Csrp3
-0.0032251942626527466,0.30003578306942147,3.1158052527511965e-05,0.35098525566611566,expression,M1-T2,Cxcl14
0.00738111603481219,0.08443956766238458,3.1158052527511965e-05,0.13423726141199602,expression,M1-T2,Cxcl3
0.01679006868664549,0.0011014472907665551,3.1158052527511965e-05,0.0033312064403671427,expression,M1-T2,Cxcr2
0.11888438841217765,0.0,3.1158052527511965e-05,0.0,expression,M1-T2,Cyp11a1
0.009178295214128936,0.044774883373850494,3.1158052527511965e-05,0.08412250815693123,expression,M1-T2,Cyp2j5
-0.0009113809678804667,0.45629199641662965,3.1158052527511965e-05,0.4754639290391771,expression,M1-T2,Cyp4b1
0.04467961311843879,3.3306690738754696e-16,3.1158052527511965e-05,3.4416913763379853e-15,expression,M1-T2,Dab2
-0.0016256877072787733,0.4060385488229832,3.1158052527511965e-05,0.44109044894684624,expression,M1-T2,Ebf1
0.01161373689000166,0.016417916350405015,3.1158052527511965e-05,0.036353957633039675,expression,M1-T2,Enpp1
0.009900407739686383,0.03383910870615037,3.1158052527511965e-05,0.06767821741230073,expression,M1-T2,Eomes
-0.00861151354674658,0.06821046730425447,3.1158052527511965e-05,0.1158643554209254,expression,M1-T2,Fasl
-0.0063308291893899174,0.13992205980640193,3.1158052527511965e-05,0.19066302654938286,expression,M1-T2,Fcer1a
0.008612558331400684,0.0551968372710927,3.1158052527511965e-05,0.10065305620022788,expression,M1-T2,Fcer2a
0.012912099795244596,0.008974087460176028,3.1158052527511965e-05,0.021399747020419756,expression,M1-T2,Fcmr
0.05945037448300047,0.0,3.1158052527511965e-05,0.0,expression,M1-T2,Fermt1
0.02343556818002965,1.0595557054515758e-05,3.1158052527511965e-05,4.5305140508963935e-05,expression,M1-T2,Fgfbp1
-0.004263678887359141,0.23874626403820526,3.1158052527511965e-05,0.2960453674073745,expression,M1-T2,Flt3
0.02229640871692503,2.5842159000144527e-05,3.1158052527511965e-05,0.00010336863600057811,expression,M1-T2,Foxp3
0.0943142705181535,0.0,3.1158052527511965e-05,0.0,expression,M1-T2,Fscn1
0.006272500300548356,0.11955651105373899,3.1158052527511965e-05,0.17040238357084636,expression,M1-T2,Ftcd
0.006421676599757256,0.11430802862470801,3.1158052527511965e-05,0.1667552417583976,expression,M1-T2,Fxyd3
0.019181462577762636,0.00024165779367701923,3.1158052527511965e-05,0.000845530095311828,expression,M1-T2,Fzd2
0.007416790345515648,0.08345433409089908,3.1158052527511965e-05,0.13423726141199602,expression,M1-T2,Galnt18
0.01970909967587594,0.00016895121386939493,3.1158052527511965e-05,0.0006348469854486356,expression,M1-T2,Gata2
0.015606600646870241,0.002190066658593781,3.1158052527511965e-05,0.005903657949252801,expression,M1-T2,Gjb1
0.003034422407947696,0.27521775443099095,3.1158052527511965e-05,0.32814424566771994,expression,M1-T2,Gpihbp1
0.10618857197904286,0.0,3.1158052527511965e-05,0.0,expression,M1-T2,Gpr39
0.027079504415956773,4.6769724082462716e-07,3.1158052527511965e-05,2.5214981679240767e-06,expression,M1-T2,Grm6
0.005808178014692742,0.13697228730398958,3.1158052527511965e-05,0.19009710786881012,expression,M1-T2,Gzma
0.044391903953391154,5.551115123125783e-16,3.1158052527511965e-05,5.294909809750747e-15,expression,M1-T2,Gzmb
-0.005868957022762722,0.15915772950644158,3.1158052527511965e-05,0.21221030600858878,expression,M1-T2,Havcr2
0.01711130556818911,0.000907422623594667,3.1158052527511965e-05,0.0028851385980958643,expression,M1-T2,Hoxa10
0.00993766874535672,0.03334046004497038,3.1158052527511965e-05,0.06767821741230073,expression,M1-T2,Hpd
0.0021640363979567906,0.3295418143605515,3.1158052527511965e-05,0.38189892505334944,expression,M1-T2,Htr1b
0.017330061834261133,0.0007938423177240583,3.1158052527511965e-05,0.0025904328262574537,expression,M1-T2,Ibsp
0.0037405837327779017,0.23465079420907298,3.1158052527511965e-05,0.29390604527197023,expression,M1-T2,Ifng
-0.0006270388120084751,0.4765397116906394,3.1158052527511965e-05,0.48198536753885174,expression,M1-T2,Ighd
0.036437371530291994,2.3330337661775502e-11,3.1158052527511965e-05,1.6072010389223124e-10,expression,M1-T2,Inava
-0.0036484129932062683,0.27421416776457647,3.1158052527511965e-05,0.32814424566771994,expression,M1-T2,Itgax
-0.001370492490721193,0.4238596347905042,3.1158052527511965e-05,0.4530913337415735,expression,M1-T2,Itk
0.005858627761398139,0.1350001744863386,3.1158052527511965e-05,0.19009710786881012,expression,M1-T2,Klhl14
0.03031097729040842,2.082835892647239e-08,3.1158052527511965e-05,1.359324477306619e-07,expression,M1-T2,Klrb1c
0.04286027449794986,5.329070518200751e-15,3.1158052527511965e-05,4.720033887549237e-14,expression,M1-T2,Klrk1
-0.004600001163527322,0.22047406385217833,3.1158052527511965e-05,0.284778999142397,expression,M1-T2,Krt79
0.007035410119711564,0.09444306651647838,3.1158052527511965e-05,0.14757941504866132,expression,M1-T2,Ldb2
-0.005708239952452358,0.16623936186546978,3.1158052527511965e-05,0.2192944773544495,expression,M1-T2,Mat1a
-0.010552746597697728,0.033103275075168866,3.1158052527511965e-05,0.06767821741230073,expression,M1-T2,Mmp12
0.011688652175444602,0.0158765139752306,3.1158052527511965e-05,0.03579432241688353,expression,M1-T2,Mrc1
9.815213022128844e-05,0.4716681519635695,3.1158052527511965e-05,0.48198536753885174,expression,M1-T2,Ms4a1
0.001048458493741507,0.404652072464996,3.1158052527511965e-05,0.44109044894684624,expression,M1-T2,Ms4a2
-0.016585451147198362,0.0017626830399437579,3.1158052527511965e-05,0.005052163541456823,expression,M1-T2,Ms4a4b
0.03742775146138048,6.964429033473607e-12,3.1158052527511965e-05,5.3974325009420454e-11,expression,M1-T2,Ms4a7
-0.010312519874723614,0.03640768271578292,3.1158052527511965e-05,0.07165956598027115,expression,M1-T2,Ncr1
0.08816318164022324,0.0,3.1158052527511965e-05,0.0,expression,M1-T2,Nes
0.015387883181870616,0.0024753812389939345,3.1158052527511965e-05,0.006530793056069103,expression,M1-T2,Pacsin1
-0.009393928471492497,0.05161192789596175,3.1158052527511965e-05,0.09552058297163071,expression,M1-T2,Pax5
0.0033926072285588413,0.2542176094369215,3.1158052527511965e-05,0.3090488585311595,expression,M1-T2,Plcb1
0.006668096357514971,0.10600135772800279,3.1158052527511965e-05,0.15706390977153883,expression,M1-T2,Pld4
0.014998564403617238,0.003067531852022465,3.1158052527511965e-05,0.007762733666342564,expression,M1-T2,Pou2af1
0.029274394474651255,5.854623430501249e-08,3.1158052527511965e-05,3.6298665269107743e-07,expression,M1-T2,Prdm1
0.02490495820237213,3.1629054387805056e-06,3.1158052527511965e-05,1.5084625938799334e-05,expression,M1-T2,Prex2
0.01178863405739722,0.0151778607213795,3.1158052527511965e-05,0.03485286536020477,expression,M1-T2,Prss34
0.006861815512600078,0.0997842266445661,3.1158052527511965e-05,0.1523184428106382,expression,M1-T2,Ptprb
-0.0011303069697626866,0.4407767220804987,3.1158052527511965e-05,0.46318909777950706,expression,M1-T2,Ptpro
0.004572502200998549,0.1914260121250917,3.1158052527511965e-05,0.24986132108959339,expression,M1-T2,Rassf4
-0.008962194359491027,0.060321958109985654,3.1158052527511965e-05,0.10693097015131263,expression,M1-T2,Retnlg
0.006656015928000398,0.10639813242588114,3.1158052527511965e-05,0.15706390977153883,expression,M1-T2,Robo4
0.10132683042630757,0.0,3.1158052527511965e-05,0.0,expression,M1-T2,Sdc1
0.02253106425238226,2.157654333390102e-05,3.1158052527511965e-05,8.918304578012422e-05,expression,M1-T2,Shank3
0.0039220013548817234,0.2247896145751378,3.1158052527511965e-05,0.28735991966306274,expression,M1-T2,Siglech
-0.007429087429114257,0.10072671218122847,3.1158052527511965e-05,0.1523184428106382,expression,M1-T2,Skap1
-0.003457255806295291,0.2857406578060966,3.1158052527511965e-05,0.3374461101710093,expression,M1-T2,Slc7a2
-2.0298352377632605e-05,0.4801182097949288,3.1158052527511965e-05,0.48198536753885174,expression,M1-T2,Slc8a1
0.024608716815935856,4.057542957514038e-06,3.1158052527511965e-05,1.863464173080521e-05,expression,M1-T2,Sox17
0.0103026984078534,0.028768211372896646,3.1158052527511965e-05,0.060462003563376,expression,M1-T2,Stxbp6
-0.004440887707804639,0.22901698119364383,3.1158052527511965e-05,0.28977658844910037,expression,M1-T2,Themis
0.009545317643243218,0.03890563369704858,3.1158052527511965e-05,0.07537966528803162,expression,M1-T2,Tmem252
0.10447124836860099,0.0,3.1158052527511965e-05,0.0,expression,M1-T2,Tmprss11e
-0.004055493350967912,0.2504593287330372,3.1158052527511965e-05,0.307494621414818,expression,M1-T2,Tppp3
-0.02259306959600472,3.247889215656158e-05,3.1158052527511965e-05,0.00012585570710667613,expression,M1-T2,Trdc
-0.0016823252936813734,0.4021082597164951,3.1158052527511965e-05,0.44109044894684624,expression,M1-T2,Tspan7
0.018473696813913896,0.0003854443625700421,3.1158052527511965e-05,0.0012917594853698708,expression,M1-T2,Vcan
0.0839125506749688,0.0,3.1158052527511965e-05,0.0,expression,M1-T2,Wnt7b
0.00773520823232417,0.07503990523276638,3.1158052527511965e-05,0.12406597665150708,expression,M1-T2,Xcr1
0.048536942623526626,0.0,3.1158052527511965e-05,0.0,expression,M1-T2,Zbtb7b
-0.006855848287176023,0.272692456085473,0.00010324081868629742,0.3624512407961009,expression,M1-T4,Aldob
0.024804693897843007,0.006014792327813212,0.00010324081868629742,0.027623490690697715,expression,M1-T4,Alox15
0.05351954438824491,4.7162172389647594e-08,0.00010324081868629742,7.310136720395377e-07,expression,M1-T4,Ankrd1
-0.010268883027889527,0.1734564844039972,0.00010324081868629742,0.3055774248010976,expression,M1-T4,Apoa5
0.059533043181541546,1.522367676365377e-09,0.00010324081868629742,4.719339796732669e-08,expression,M1-T4,Arg1
0.02020440929230126,0.01976989430978382,0.00010324081868629742,0.07005412101417281,expression,M1-T4,Arhgef37
-0.013211047886509463,0.10931938590127749,0.00010324081868629742,0.22975599748743064,expression,M1-T4,Asprv1
-0.01917442613078659,0.034604024212680766,0.00010324081868629742,0.09978834889238174,expression,M1-T4,Azgp1
-0.009961319253686162,0.1813257838277198,0.00010324081868629742,0.3071424013067034,expression,M1-T4,Batf3
-0.004134818385292258,0.368099173454645,0.00010324081868629742,0.4265822197044484,expression,M1-T4,Bcl11b
-0.02246857598963323,0.01612643145213845,0.00010324081868629742,0.06248992187703649,expression,M1-T4,C1qa
0.049422148897028076,4.026583932947858e-07,0.00010324081868629742,4.539058251686676e-06,expression,M1-T4,C1qb
0.007333613250303866,0.21423646945251362,0.00010324081868629742,0.332473388520847,expression,M1-T4,C1qc
0.004630658311054033,0.29951768033684933,0.00010324081868629742,0.3812470927694475,expression,M1-T4,Camk4
-0.006617480219995605,0.28054258129039644,0.00010324081868629742,0.3661818955790438,expression,M1-T4,Ccl24
-0.01020914340114609,0.17496771903933817,0.00010324081868629742,0.3055774248010976,expression,M1-T4,Ccr2
-0.0008498315027850557,0.4945784175174689,0.00010324081868629742,0.4945784175174689,expression,M1-T4,Ccr4
-0.00832663976920408,0.22679530355613103,0.00010324081868629742,0.3471928103822253,expression,M1-T4,Ccr9
-0.0013701800444835194,0.47416584722009475,0.00010324081868629742,0.4860276143623992,expression,M1-T4,Cd200r3
0.015175450574594332,0.05895753287777983,0.00010324081868629742,0.14334772699695486,expression,M1-T4,Cd22
0.01481757804039218,0.06321110679892328,0.00010324081868629742,0.1507341777512786,expression,M1-T4,Cd247
-0.018936700600507502,0.03643350735371441,0.00010324081868629742,0.1026762479968315,expression,M1-T4,Cd28
0.0508955076906926,1.8963400416627252e-07,0.00010324081868629742,2.3514616516617794e-06,expression,M1-T4,Cd300e
-0.005878782656615915,0.30554108626484255,0.00010324081868629742,0.3826979262307119,expression,M1-T4,Cd3g
0.003648646708185168,0.3339104326257293,0.00010324081868629742,0.3984236568581474,expression,M1-T4,Cd4
0.009766613206691262,0.15120984652059943,0.00010324081868629742,0.28409122679627774,expression,M1-T4,Cd79a
-0.0024624611401913707,0.4316000557797544,0.00010324081868629742,0.4613655768680134,expression,M1-T4,Cd8a
-0.0018386590518514273,0.4558443800934348,0.00010324081868629742,0.47757738764073715,expression,M1-T4,Cd8b1
0.014269675817238505,0.07018151514350301,0.00010324081868629742,0.1611575532924884,expression,M1-T4,Cd96
-0.003975868519941594,0.374011062784787,0.00010324081868629742,0.429420109123274,expression,M1-T4,Chil1
-0.006881360007952474,0.27185878626910004,0.00010324081868629742,0.3624512407961009,expression,M1-T4,Chst3
0.004977872807875676,0.28775323956298515,0.00010324081868629742,0.37168126776885585,expression,M1-T4,Cldn4
0.016946826930003264,0.04111243877017434,0.00010324081868629742,0.11132874151899366,expression,M1-T4,Cldn5
-0.006792700822151033,0.2747614244744636,0.00010324081868629742,0.3624512407961009,expression,M1-T4,Clec14a
-0.011393891151458503,0.14655697852780414,0.00010324081868629742,0.2839541458976205,expression,M1-T4,Col5a2
-0.002576975899975521,0.427174494580163,0.00010324081868629742,0.4606055419820888,expression,M1-T4,Col6a6
-0.05503544254451315,4.485380659597513e-08,0.00010324081868629742,7.310136720395377e-07,expression,M1-T4,Cpa3
0.012323563013719908,0.09976214270318895,0.00010324081868629742,0.217026415705183,expression,M1-T4,Cr2
0.00946843604863211,0.15819296392688864,0.00010324081868629742,0.2884695224549146,expression,M1-T4,Csrp3
-0.011255408249012206,0.14970818814784803,0.00010324081868629742,0.28409122679627774,expression,M1-T4,Cxcl14
-0.024495033929520182,0.009623749334663586,0.00010324081868629742,0.03994007759341382,expression,M1-T4,Cxcl3
-0.021627166533663367,0.0197733406088391,0.00010324081868629742,0.07005412101417281,expression,M1-T4,Cxcr2
0.028304245283845803,0.002147144399863965,0.00010324081868629742,0.011575908938397028,expression,M1-T4,Cyp11a1
0.052488362354900585,8.21158829822366e-08,0.00010324081868629742,1.1313743877552597e-06,expression,M1-T4,Cyp2j5
-0.01283081236355092,0.1164868234982756,0.00010324081868629742,0.24073943522976957,expression,M1-T4,Cyp4b1
-0.0017752334820589674,0.4583202349132881,0.00010324081868629742,0.47757738764073715,expression,M1-T4,Dab2
0.005465231609254678,0.2716185406045776,0.00010324081868629742,0.3624512407961009,expression,M1-T4,Ebf1
0.011017470250901105,0.12417525703098042,0.00010324081868629742,0.2524218339646159,expression,M1-T4,Enpp1
0.0023746336441513435,0.380657308986604,0.00010324081868629742,0.4301294604740567,expression,M1-T4,Eomes
-0.005539319481117366,0.31735069811365213,0.00010324081868629742,0.3914754798255764,expression,M1-T4,Fasl
0.028746791263790074,0.0018702921162722097,0.00010324081868629742,0.010864919047667005,expression,M1-T4,Fcer1a
-0.010572812353584168,0.1658971485355923,0.00010324081868629742,0.29813400606396295,expression,M1-T4,Fcer2a
-0.0003106498487071971,0.4842559068933745,0.00010324081868629742,0.49000290562214344,expression,M1-T4,Fcmr
0.0434522409301057,6.915454613731775e-06,0.00010324081868629742,7.145969767522835e-05,expression,M1-T4,Fermt1
-0.009592421881009358,0.19105420804495793,0.00010324081868629742,0.3117200236522998,expression,M1-T4,Fgfbp1
-0.007332825308296597,0.25731890609274344,0.00010324081868629742,0.3624512407961009,expression,M1-T4,Flt3
-0.011916221062099124,0.13507404224956487,0.00010324081868629742,0.27014808449912975,expression,M1-T4,Foxp3
0.04235328214981418,1.1257362950045646e-05,0.00010324081868629742,9.58680251949447e-05,expression,M1-T4,Fscn1
-0.019709617910167673,0.03076054406540154,0.00010324081868629742,0.09303188936853149,expression,M1-T4,Ftcd
0.018427473025042423,0.0298066858686189,0.00010324081868629742,0.0924007261927186,expression,M1-T4,Fxyd3
0.024190000274569825,0.007127383943170806,0.00010324081868629742,0.031564128891185,expression,M1-T4,Fzd2
-0.044024926254926745,1.0094317826706134e-05,0.00010324081868629742,9.58680251949447e-05,expression,M1-T4,Galnt18
-5.593720301705298e-05,0.47426888175685733,0.00010324081868629742,0.4860276143623992,expression,M1-T4,Gata2
-0.03340650332092758,0.0006459997357207976,0.00010324081868629742,0.004450220401632161,expression,M1-T4,Gjb1
0.0138076941287046,0.0765059682529654,0.00010324081868629742,0.172486182970322,expression,M1-T4,Gpihbp1
0.07083904490984994,9.483525076348087e-13,0.00010324081868629742,1.1759571094671628e-10,expression,M1-T4,Gpr39
0.034443340227783184,0.00027019701957453623,0.00010324081868629742,0.0019708488486613234,expression,M1-T4,Grm6
-0.013641267959895667,0.10159826557075324,0.00010324081868629742,0.21721008501333453,expression,M1-T4,Gzma
0.001543406845065471,0.41217746089336216,0.00010324081868629742,0.4483333785155869,expression,M1-T4,Gzmb
0.06025885716007282,9.829421721008202e-10,0.00010324081868629742,4.062827644683391e-08,expression,M1-T4,Havcr2
0.018565845579555627,0.028896771260934928,0.00010324081868629742,0.09187691375271619,expression,M1-T4,Hoxa10
0.004072753183664013,0.31886309243857436,0.00010324081868629742,0.3914754798255764,expression,M1-T4,Hpd
-0.029587434168672343,0.002242376052933243,0.00010324081868629742,0.011585609606821756,expression,M1-T4,Htr1b
-0.018246545012550446,0.042197184285425016,0.00010324081868629742,0.11132874151899366,expression,M1-T4,Ibsp
-0.005134091672081153,0.3316947034910044,0.00010324081868629742,0.3984236568581474,expression,M1-T4,Ifng
-0.009028867508600194,0.206520402553515,0.00010324081868629742,0.332473388520847,expression,M1-T4,Ighd
0.06829436220386682,5.55100410082332e-12,0.00010324081868629742,3.4416225425104585e-10,expression,M1-T4,Inava
0.02305613104898987,0.00966292199840657,0.00010324081868629742,0.03994007759341382,expression,M1-T4,Itgax
0.005812682761562845,0.26039742991423365,0.00010324081868629742,0.3624512407961009,expression,M1-T4,Itk
0.0015947966325158454,0.4102099425928182,0.00010324081868629742,0.4483333785155869,expression,M1-T4,Klhl14
-0.004886378889380608,0.3405879647335776,0.00010324081868629742,0.3984236568581474,expression,M1-T4,Klrb1c
-0.007758759336383528,0.24398136069171372,0.00010324081868629742,0.35815282090616146,expression,M1-T4,Klrk1
-0.03075710541514384,0.0015532271659490762,0.00010324081868629742,0.010136850977772918,expression,M1-T4,Krt79
-0.0437089146399289,1.1596938531646538e-05,0.00010324081868629742,9.58680251949447e-05,expression,M1-T4,Ldb2
-0.00035640805745493844,0.486051269286481,0.00010324081868629742,0.49000290562214344,expression,M1-T4,Mat1a
0.028650437193955228,0.001927646927811888,0.00010324081868629742,0.010864919047667005,expression,M1-T4,Mmp12
-0.0022875301993213865,0.43837689453481954,0.00010324081868629742,0.46460457198562066,expression,M1-T4,Mrc1
-0.017653586263122807,0.04771930744300884,0.00010324081868629742,0.12327487756110618,expression,M1-T4,Ms4a1
-0.008205215503942202,0.23041158267213435,0.00010324081868629742,0.3484272713578617,expression,M1-T4,Ms4a2
-0.020870966625316116,0.02362629080187685,0.00010324081868629742,0.07918000160628998,expression,M1-T4,Ms4a4b
-0.007709388793374127,0.24550798207277197,0.00010324081868629742,0.35815282090616146,expression,M1-T4,Ms4a7
-0.01826252160974298,0.042055873013398366,0.00010324081868629742,0.11132874151899366,expression,M1-T4,Ncr1
0.05362842734984754,4.445398904540099e-08,0.00010324081868629742,7.310136720395377e-07,expression,M1-T4,Nes
-0.010933257025397072,0.1572125232328943,0.00010324081868629742,0.2884695224549146,expression,M1-T4,Pacsin1
-0.003759449096269673,0.38210807208593645,0.00010324081868629742,0.4301294604740567,expression,M1-T4,Pax5
0.007324469641489557,0.21449896033603033,0.00010324081868629742,0.332473388520847,expression,M1-T4,Plcb1
0.005450754930551753,0.2720912448045507,0.00010324081868629742,0.3624512407961009,expression,M1-T4,Pld4
-0.003681554892363712,0.38503524284371204,0.00010324081868629742,0.4301294604740567,expression,M1-T4,Pou2af1
0.027970424466289327,0.002380016201415147,0.00010324081868629742,0.01180488035901913,expression,M1-T4,Prdm1
-0.020882574923246765,0.02356268622452532,0.00010324081868629742,0.07918000160628998,expression,M1-T4,Prex2
0.003572036687059739,0.33665819012935194,0.00010324081868629742,0.3984236568581474,expression,M1-T4,Prss34
-0.008107492104149266,0.2333452586325916,0.00010324081868629742,0.3486121936197754,expression,M1-T4,Ptprb
-0.006810548130486858,0.27417589010098575,0.00010324081868629742,0.3624512407961009,expression,M1-T4,Ptpro
0.02261473387717768,0.01084526357325244,0.00010324081868629742,0.04338105429300976,expression,M1-T4,Rassf4
-0.01927522671150463,0.03385140402783941,0.00010324081868629742,0.09978834889238174,expression,M1-T4,Retnlg
0.015590211251914413,0.05431241946530441,0.00010324081868629742,0.13480499821657635,expression,M1-T4,Robo4
0.038003717816268004,6.940023604440348e-05,0.00010324081868629742,0.000537851829344127,expression,M1-T4,Sdc1
-0.015931082411001708,0.0670853350673043,0.00010324081868629742,0.15695436883671193,expression,M1-T4,Shank3
-0.009885685903553942,0.183294658844323,0.00010324081868629742,0.3071424013067034,expression,M1-T4,Siglech
0.015586113374894253,0.05435685411958724,0.00010324081868629742,0.13480499821657635,expression,M1-T4,Skap1
0.02888922460376901,0.0017883466782829816,0.00010324081868629742,0.010864919047667005,expression,M1-T4,Slc7a2
-0.02068276732388501,0.024677790769372952,0.00010324081868629742,0.08052752777374332,expression,M1-T4,Slc8a1
-0.004929636314679125,0.3390283821825486,0.00010324081868629742,0.3984236568581474,expression,M1-T4,Sox17
-0.0098981287846178,0.1829698348068548,0.00010324081868629742,0.3071424013067034,expression,M1-T4,Stxbp6
-0.003343251481553093,0.39782241416675607,0.00010324081868629742,0.4404462442560514,expression,M1-T4,Themis
-0.006001853685933627,0.30130818622101496,0.00010324081868629742,0.3812470927694475,expression,M1-T4,Tmem252
0.02077566094019462,0.017225794166985775,0.00010324081868629742,0.06472722656685564,expression,M1-T4,Tmprss11e
0.0056150279087229995,0.2667514071730368,0.00010324081868629742,0.3624512407961009,expression,M1-T4,Tppp3
0.013617438675552101,0.07923313764037299,0.00010324081868629742,0.17544480477511162,expression,M1-T4,Trdc
-0.008820294321451948,0.21242745185023432,0.00010324081868629742,0.332473388520847,expression,M1-T4,Tspan7
-0.009783976793843173,0.18596326198404378,0.00010324081868629742,0.30745925981361905,expression,M1-T4,Vcan
0.05699585848779427,6.755895398669054e-09,0.00010324081868629742,1.6754620588699253e-07,expression,M1-T4,Wnt7b
-0.026603557270905593,0.005413723745030174,0.00010324081868629742,0.025819297860913137,expression,M1-T4,Xcr1
0.01024045653816022,0.14054075107993313,0.00010324081868629742,0.2766198910144716,expression,M1-T4,Zbtb7b
0.003067977040274397,0.2242190443420543,3.0044506549871587e-05,0.3195765689472958,expression,M2-T5,Aldob
-0.0046795733362740045,0.2560944776953483,3.0044506549871587e-05,0.3379212114713629,expression,M2-T5,Alox15
0.014920325020037225,0.001748186997550416,3.0044506549871587e-05,0.0077944355757405505,expression,M2-T5,Ankrd1
0.002474597248951998,0.25792169921691643,3.0044506549871587e-05,0.3379212114713629,expression,M2-T5,Apoa5
0.06366916989914533,0.0,3.0044506549871587e-05,0.0,expression,M2-T5,Arg1
0.010892829502397573,0.014423207598145416,3.0044506549871587e-05,0.0415925056318612,expression,M2-T5,Arhgef37
0.0009617250344815423,0.3542917293098734,3.0044506549871587e-05,0.40752523358287945,expression,M2-T5,Asprv1
-0.015726124725955675,0.0037840561228245483,3.0044506549871587e-05,0.013406370263721256,expression,M2-T5,Azgp1
0.008197393744741696,0.045149107845306125,3.0044506549871587e-05,0.11425488515955019,expression,M2-T5,Batf3
0.005074022853336578,0.130506015652734,3.0044506549871587e-05,0.2297857895991478,expression,M2-T5,Bcl11b
0.005318858981866106,0.12126831064595822,3.0044506549871587e-05,0.21823555623652166,expression,M2-T5,C1qa
0.004768776256832841,0.14268956289624501,3.0044506549871587e-05,0.2297857895991478,expression,M2-T5,C1qb
0.013682054979884216,0.003525326452122446,3.0044506549871587e-05,0.013406370263721256,expression,M2-T5,C1qc
0.000661144788901485,0.37489294705836707,3.0044506549871587e-05,0.418799328245383,expression,M2-T5,Camk4
0.005996189689528128,0.09813676987242625,3.0044506549871587e-05,0.1962735397448525,expression,M2-T5,Ccl24
0.004532912739707204,0.15261488296560222,3.0044506549871587e-05,0.23655306859668343,expression,M2-T5,Ccr2
-0.007075939951715126,0.13727954992969077,3.0044506549871587e-05,0.2297857895991478,expression,M2-T5,Ccr4
-0.013242811417633492,0.013287616989730598,3.0044506549871587e-05,0.03923010730301415,expression,M2-T5,Ccr9
-0.007723808992699943,0.11298217765905488,3.0044506549871587e-05,0.2155352312265047,expression,M2-T5,Cd200r3
-0.012872947484957462,0.015768777519806904,3.0044506549871587e-05,0.044439282101274,expression,M2-T5,Cd22
-0.017082699040346833,0.00176003383968335,3.0044506549871587e-05,0.0077944355757405505,expression,M2-T5,Cd247
0.022908869563667472,5.994926093433328e-06,3.0044506549871587e-05,4.9558055705715515e-05,expression,M2-T5,Cd28
0.01209678731149143,0.008081193316061275,3.0044506549871587e-05,0.02637020976819995,expression,M2-T5,Cd300e
0.004976357404282364,0.1343233639829583,3.0044506549871587e-05,0.2297857895991478,expression,M2-T5,Cd3g
-0.0011036742679325277,0.49878324095801496,3.0044506549871587e-05,0.49878324095801496,expression,M2-T5,Cd4
0.03465431229883279,3.501376966141834e-11,3.0044506549871587e-05,5.427134297519842e-10,expression,M2-T5,Cd79a
-0.009547928738998132,0.06134135682937475,3.0044506549871587e-05,0.13582729012218694,expression,M2-T5,Cd8a
0.008062505657028764,0.047537103784412005,3.0044506549871587e-05,0.11789201738534177,expression,M2-T5,Cd8b1
0.0022956858609721673,0.26857594883074265,3.0044506549871587e-05,0.33983079239808256,expression,M2-T5,Cd96
-0.0004321477188298461,0.45245443337218383,3.0044506549871587e-05,0.46727670689769885,expression,M2-T5,Chil1
-0.008490262018988854,0.0884036334193204,3.0044506549871587e-05,0.18270084239992881,expression,M2-T5,Chst3
0.056213132892393096,0.0,3.0044506549871587e-05,0.0,expression,M2-T5,Cldn4
0.013636767587635166,0.0036137055945543173,3.0044506549871587e-05,0.013406370263721256,expression,M2-T5,Cldn5
-0.0059199461165345205,0.18896267708631442,3.0044506549871587e-05,0.2794438717590752,expression,M2-T5,Clec14a
0.0172546917810755,0.0004095916747411943,3.0044506549871587e-05,0.002208233376865569,expression,M2-T5,Col5a2
0.004547563701190249,0.15198533046123885,3.0044506549871587e-05,0.23655306859668343,expression,M2-T5,Col6a6
-0.013671933613136554,0.01083824178943958,3.0044506549871587e-05,0.03344596152131268,expression,M2-T5,Cpa3
0.0025462813373862084,0.2537152528567933,3.0044506549871587e-05,0.3379212114713629,expression,M2-T5,Cr2
-0.006954570974464116,0.14220139042926372,3.0044506549871587e-05,0.2297857895991478,expression,M2-T5,Csrp3
-0.0012108416554524497,0.4909840862509888,3.0044506549871587e-05,0.49497582678961477,expression,M2-T5,Cxcl14
0.003739186360226628,0.18930068732066385,3.0044506549871587e-05,0.2794438717590752,expression,M2-T5,Cxcl3
-0.004540262790577391,0.26434159284453385,3.0044506549871587e-05,0.3379212114713629,expression,M2-T5,Cxcr2
0.23726912972849115,0.0,3.0044506549871587e-05,0.0,expression,M2-T5,Cyp11a1
-0.0075561537898888795,0.1189537230164679,3.0044506549871587e-05,0.21823555623652166,expression,M2-T5,Cyp2j5
-0.008968447207344228,0.07523255600470195,3.0044506549871587e-05,0.16084201628591452,expression,M2-T5,Cyp4b1
0.03128502237343312,1.753543532601043e-09,3.0044506549871587e-05,2.1743939804252933e-08,expression,M2-T5,Dab2
0.007448794814603296,0.05970519739486402,3.0044506549871587e-05,0.13460808139932978,expression,M2-T5,Ebf1
0.0017617901428811785,0.3016285958484036,3.0044506549871587e-05,0.36421915742790684,expression,M2-T5,Enpp1
-0.006724341932754287,0.15186241514255489,3.0044506549871587e-05,0.23655306859668343,expression,M2-T5,Eomes
-0.005548771575553542,0.20781999419450614,3.0044506549871587e-05,0.30317269741316194,expression,M2-T5,Fasl
0.0024936184590045483,0.256802012301963,3.0044506549871587e-05,0.3379212114713629,expression,M2-T5,Fcer1a
0.06634022654263251,0.0,3.0044506549871587e-05,0.0,expression,M2-T5,Fcer2a
0.02078599612872014,3.2970191365833124e-05,3.0044506549871587e-05,0.00022712798496462818,expression,M2-T5,Fcmr
0.006619683355028437,0.07986340496486555,3.0044506549871587e-05,0.16784851212954793,expression,M2-T5,Fermt1
0.02869358190939364,2.7687190096159497e-08,3.0044506549871587e-05,3.121101429021616e-07,expression,M2-T5,Fgfbp1
0.01516592460936836,0.0015126381768777453,3.0044506549871587e-05,0.007502685357313617,expression,M2-T5,Flt3
-0.00748817179104017,0.1214375272606451,3.0044506549871587e-05,0.21823555623652166,expression,M2-T5,Foxp3
0.0009873100881006554,0.35255673157756484,3.0044506549871587e-05,0.40752523358287945,expression,M2-T5,Fscn1
0.007750628333193308,0.05344623525986081,3.0044506549871587e-05,0.1266150859429418,expression,M2-T5,Ftcd
0.025671599849535456,5.256044711687835e-07,3.0044506549871587e-05,5.013458032686858e-06,expression,M2-T5,Fxyd3
-0.007057879505836018,0.1380044883364409,3.0044506549871587e-05,0.2297857895991478,expression,M2-T5,Fzd2
0.004387933954962771,0.15893778988576113,3.0044506549871587e-05,0.24250287981172794,expression,M2-T5,Galnt18
0.006929235209453122,0.07180687880959158,3.0044506549871587e-05,0.15621145565595362,expression,M2-T5,Gata2
-0.0025112544354990323,0.39749076062782174,3.0044506549871587e-05,0.4285987331986948,expression,M2-T5,Gjb1
-0.0017169758077296368,0.4542463279687535,3.0044506549871587e-05,0.46727670689769885,expression,M2-T5,Gpihbp1
0.0100135602155472,0.021425153471514524,3.0044506549871587e-05,0.05775476153190872,expression,M2-T5,Gpr39
-0.0020917722917723714,0.4272744555403557,3.0044506549871587e-05,0.4567416593707251,expression,M2-T5,Grm6
0.01291887170734217,0.005306218077763436,3.0044506549871587e-05,0.0180026495835558,expression,M2-T5,Gzma
0.027365431341576086,1.0468354472159547e-07,3.0044506549871587e-05,1.081729962123153e-06,expression,M2-T5,Gzmb
0.043276696051929645,3.3306690738754696e-16,3.0044506549871587e-05,5.9000423594365465e-15,expression,M2-T5,Havcr2
-0.0016931197908119841,0.45597162527920615,3.0044506549871587e-05,0.46727670689769885,expression,M2-T5,Hoxa10
-0.017272597318351138,0.0015740674509124814,3.0044506549871587e-05,0.0075070909197364494,expression,M2-T5,Hpd
0.04404405658265657,1.1102230246251565e-16,3.0044506549871587e-05,2.294460917558657e-15,expression,M2-T5,Htr1b
-0.022675495305023437,4.098102329547889e-05,3.0044506549871587e-05,0.0002674550994020727,expression,M2-T5,Ibsp
-0.0055020105998478605,0.21027205182743602,3.0044506549871587e-05,0.30318295844886123,expression,M2-T5,Ifng
0.00037281872776181475,0.39499646218769435,3.0044506549871587e-05,0.4285987331986948,expression,M2-T5,Ighd
-0.0029319357120467567,0.3682107407649887,3.0044506549871587e-05,0.418799328245383,expression,M2-T5,Inava
-0.0017939391514679153,0.44868628676799854,3.0044506549871587e-05,0.46727670689769885,expression,M2-T5,Itgax
-0.003188808240069336,0.3506895355514398,3.0044506549871587e-05,0.40752523358287945,expression,M2-T5,Itk
0.019933362288562316,6.280156470939158e-05,3.0044506549871587e-05,0.00038936970119822777,expression,M2-T5,Klhl14
0.02182882201711897,1.4528762394827588e-05,3.0044506549871587e-05,0.00010597450217403654,expression,M2-T5,Klrb1c
-0.011784623902270829,0.025488653927958838,3.0044506549871587e-05,0.06724666142695523,expression,M2-T5,Klrk1
0.0024396530658985175,0.25998527599373356,3.0044506549871587e-05,0.3379212114713629,expression,M2-T5,Krt79
0.001538409421170318,0.31598037902544096,3.0044506549871587e-05,0.37674583653033344,expression,M2-T5,Ldb2
0.0020461608003931554,0.28379565054301803,3.0044506549871587e-05,0.3484223828448934,expression,M2-T5,Mat1a
-0.004570224798586258,0.26255651083165,3.0044506549871587e-05,0.3379212114713629,expression,M2-T5,Mmp12
0.007716949233665197,0.05411773834657996,3.0044506549871587e-05,0.1266150859429418,expression,M2-T5,Mrc1
-0.006963047329840205,0.14185382100051896,3.0044506549871587e-05,0.2297857895991478,expression,M2-T5,Ms4a1
0.00874017437521346,0.036498374314695714,3.0044506549871587e-05,0.0942874669796306,expression,M2-T5,Ms4a2
-0.0025691933157062554,0.39341947730038596,3.0044506549871587e-05,0.4285987331986948,expression,M2-T5,Ms4a4b
-0.024131050723730584,1.3103871547003737e-05,3.0044506549871587e-05,0.00010155500448927897,expression,M2-T5,Ms4a7
0.004933532144553789,0.13602117868447494,3.0044506549871587e-05,0.2297857895991478,expression,M2-T5,Ncr1
0.06231233847051577,0.0,3.0044506549871587e-05,0.0,expression,M2-T5,Nes
-0.007532652639236055,0.11980827646795378,3.0044506549871587e-05,0.21823555623652166,expression,M2-T5,Pacsin1
-0.00433497756940091,0.27673601670121145,3.0044506549871587e-05,0.34661884920151736,expression,M2-T5,Pax5
-0.021847272722199242,7.608858716590641e-05,3.0044506549871587e-05,0.0004492849908843998,expression,M2-T5,Plcb1
0.006018423783066307,0.09743644999268786,3.0044506549871587e-05,0.1962735397448525,expression,M2-T5,Pld4
0.00044751731624156443,0.3897588036322679,3.0044506549871587e-05,0.4285987331986948,expression,M2-T5,Pou2af1
0.004355740280355208,0.160364807617433,3.0044506549871587e-05,0.24250287981172794,expression,M2-T5,Prdm1
-0.005190860274008723,0.2270154903199757,3.0044506549871587e-05,0.319885463632693,expression,M2-T5,Prex2
-0.007826963979047306,0.10941604793625148,3.0044506549871587e-05,0.2153585705411934,expression,M2-T5,Prss34
-0.007754734546694293,0.11190446313220204,3.0044506549871587e-05,0.2155352312265047,expression,M2-T5,Ptprb
-0.004681130808198919,0.25600304058849566,3.0044506549871587e-05,0.3379212114713629,expression,M2-T5,Ptpro
0.01011922506329986,0.020454875720751664,3.0044506549871587e-05,0.056364546430515694,expression,M2-T5,Rassf4
0.0027887034059303002,0.23976112800676797,3.0044506549871587e-05,0.3340492120543733,expression,M2-T5,Retnlg
0.018393312534705514,0.00018973918471421047,3.0044506549871587e-05,0.001069439041116459,expression,M2-T5,Robo4
0.023349156934780083,4.13450807235094e-06,3.0044506549871587e-05,3.661992864082261e-05,expression,M2-T5,Sdc1
0.012895435846496937,0.0053717583434803595,3.0044506549871587e-05,0.0180026495835558,expression,M2-T5,Shank3
-0.010121091400163703,0.04965810627807211,3.0044506549871587e-05,0.12073735644080276,expression,M2-T5,Siglech
0.0075243963882896435,0.05808600368326189,3.0044506549871587e-05,0.1333826751245273,expression,M2-T5,Skap1
0.013600692525541436,0.0036855240945808942,3.0044506549871587e-05,0.013406370263721256,expression,M2-T5,Slc7a2
-0.0019180171342845552,0.43974420062489344,3.0044506549871587e-05,0.46605368271356223,expression,M2-T5,Slc8a1
0.016026860965755816,0.0008974449855690958,3.0044506549871587e-05,0.004636799092106995,expression,M2-T5,Sox17
0.014422846859440093,0.002330372950667625,3.0044506549871587e-05,0.00963220819609285,expression,M2-T5,Stxbp6
0.0009521571981115221,0.35494133247541115,3.0044506549871587e-05,0.40752523358287945,expression,M2-T5,Themis
-0.014063158760474065,0.008957647753429106,3.0044506549871587e-05,0.02848072619038998,expression,M2-T5,Tmem252
0.033186751220279136,2.015045907910462e-10,3.0044506549871587e-05,2.776285473121081e-09,expression,M2-T5,Tmprss11e
0.014823996770096945,0.0018493499272550507,3.0044506549871587e-05,0.00790756520619401,expression,M2-T5,Tppp3
0.011456114072037357,0.011058745341724352,3.0044506549871587e-05,0.03344596152131268,expression,M2-T5,Trdc
-0.004234921628119571,0.2828785771914001,3.0044506549871587e-05,0.3484223828448934,expression,M2-T5,Tspan7
0.013832443947361635,0.00324559408806091,3.0044506549871587e-05,0.01298237635224364,expression,M2-T5,Vcan
-0.0012238451373832765,0.49003792706180865,3.0044506549871587e-05,0.49497582678961477,expression,M2-T5,Wnt7b
-0.003921428879308124,0.3025368807667291,3.0044506549871587e-05,0.36421915742790684,expression,M2-T5,Xcr1
0.0006986035528921097,0.37230462606349934,3.0044506549871587e-05,0.418799328245383,expression,M2-T5,Zbtb7b
0.019550183406847537,2.2879831362843106e-10,1.0024176703025424e-05,5.004963110621929e-10,expression,M3-T1,Abca8a
-0.008788161432878173,0.003288243218150203,1.0024176703025424e-05,0.005137880028359692,expression,M3-T1,Adgre4
0.012693321250126729,2.3782270614947087e-05,1.0024176703025424e-05,4.290615832593547e-05,expression,M3-T1,Aicda
-0.0007374923201040306,0.43062284553658037,1.0024176703025424e-05,0.44856546410060455,expression,M3-T1,Alox15
0.0663195716185751,0.0,1.0024176703025424e-05,0.0,expression,M3-T1,Ankrd1
-0.0012967294879583692,0.3626360402459121,1.0024176703025424e-05,0.3846139820789977,expression,M3-T1,Ankrd65
0.00264031617778248,0.18617522100447692,1.0024176703025424e-05,0.21866217232069438,expression,M3-T1,Aplnr
0.1152887403638756,0.0,1.0024176703025424e-05,0.0,expression,M3-T1,Arg1
0.016433811749271932,7.65871831509557e-08,1.0024176703025424e-05,1.4891952279352498e-07,expression,M3-T1,Arhgef37
-0.010381292805020549,0.0006392863450873745,1.0024176703025424e-05,0.001075722215291255,expression,M3-T1,Asprv1
-0.002769943790061104,0.20704116448312793,1.0024176703025424e-05,0.24154802523031593,expression,M3-T1,Batf3
0.0029149503085289033,0.16383411202319276,1.0024176703025424e-05,0.19637650413738858,expression,M3-T1,Bcl11b
0.01369670183942699,5.820731065586671e-06,1.0024176703025424e-05,1.0952988564275993e-05,expression,M3-T1,Btla
0.01723243903535972,1.8887978070480926e-08,1.0024176703025424e-05,3.799305933717427e-08,expression,M3-T1,C1qa
0.013060402968167512,1.4370198247015686e-05,1.0024176703025424e-05,2.619567388778901e-05,expression,M3-T1,C1qb
0.000149464236146264,0.45804778343150965,1.0024176703025424e-05,0.4606802419569781,expression,M3-T1,C1qc
0.12077879264627715,0.0,1.0024176703025424e-05,0.0,expression,M3-T1,Camk4
0.0066151134274664266,0.015876595685616834,1.0024176703025424e-05,0.023545798686296155,expression,M3-T1,Car4
0.006689591414362018,0.014964549332522115,1.0024176703025424e-05,0.02277214028862061,expression,M3-T1,Ccl24
0.05132917437188892,0.0,1.0024176703025424e-05,0.0,expression,M3-T1,Ccr2
0.03841324624220109,0.0,1.0024176703025424e-05,0.0,expression,M3-T1,Ccr4
0.03176577892569361,0.0,1.0024176703025424e-05,0.0,expression,M3-T1,Ccr9
0.005257217795459472,0.042842004836999736,1.0024176703025424e-05,0.05811899880988337,expression,M3-T1,Cd19
0.0016505096998421188,0.28114188665849493,1.0024176703025424e-05,0.3153835267002347,expression,M3-T1,Cd200r3
0.0014404415336684128,0.3039394824527145,1.0024176703025424e-05,0.3324338089326565,expression,M3-T1,Cd209a
-0.0019489804075469757,0.2886159596545383,1.0024176703025424e-05,0.32170568751302037,expression,M3-T1,Cd22
0.006011431883698824,0.025183533547168957,1.0024176703025424e-05,0.03525694696603654,expression,M3-T1,Cd226
0.010154043031232865,0.0005468157311450117,1.0024176703025424e-05,0.0009290558538871559,expression,M3-T1,Cd247
0.05950186446679148,0.0,1.0024176703025424e-05,0.0,expression,M3-T1,Cd274
0.00921997831295381,0.0014878334671911686,1.0024176703025424e-05,0.002433372493069668,expression,M3-T1,Cd28
0.01965279455757134,1.8592793971095034e-10,1.0024176703025424e-05,4.118656892331179e-10,expression,M3-T1,Cd300e
0.10918023148025373,0.0,1.0024176703025424e-05,0.0,expression,M3-T1,Cd3g
-0.003507754008087618,0.14691302297624848,1.0024176703025424e-05,0.17978866448142294,expression,M3-T1,Cd4
0.029805054515219156,0.0,1.0024176703025424e-05,0.0,expression,M3-T1,Cd79a
0.02177210948098318,2.0342616480206743e-12,1.0024176703025424e-05,4.623321927319714e-12,expression,M3-T1,Cd8a
0.010362459636190875,0.00043253490004968587,1.0024176703025424e-05,0.000742094191261716,expression,M3-T1,Cd8b1
0.0010930990798505024,0.34332822547951014,1.0024176703025424e-05,0.3663563381641114,expression,M3-T1,Cd96
0.10005064904361967,0.0,1.0024176703025424e-05,0.0,expression,M3-T1,Cdca2
0.05785405342480137,0.0,1.0024176703025424e-05,0.0,expression,M3-T1,Cdh1
0.0018621047604736537,0.2590476706764223,1.0024176703025424e-05,0.29247317657015426,expression,M3-T1,Chil1
0.008480518044053831,0.0031030864150257687,1.0024176703025424e-05,0.004892253357022609,expression,M3-T1,Chst3
0.39237411146174084,0.0,1.0024176703025424e-05,0.0,expression,M3-T1,Cldn4
0.005019131123709585,0.05014814464604722,1.0024176703025424e-05,0.06750711779275587,expression,M3-T1,Cldn5
0.0065466805182960415,0.01675622769542151,1.0024176703025424e-05,0.024641511316796337,expression,M3-T1,Clec14a
-0.005208582822544965,0.0562602210181469,1.0024176703025424e-05,0.07402660660282487,expression,M3-T1,Col5a2
0.006501830979378933,0.01735506394625297,1.0024176703025424e-05,0.025309468254952245,expression,M3-T1,Col6a6
-0.0052529202293482204,0.05469185127750035,1.0024176703025424e-05,0.07250813616335273,expression,M3-T1,Cpa3
0.0014454305795456204,0.3033886011943543,1.0024176703025424e-05,0.3324338089326565,expression,M3-T1,Cr2
0.029793149867593568,0.0,1.0024176703025424e-05,0.0,expression,M3-T1,Csrp3
0.02247237169919338,4.154454558147336e-13,1.0024176703025424e-05,9.693727302343784e-13,expression,M3-T1,Cxcl14
0.011014276526850384,0.000202378372724632,1.0024176703025424e-05,0.0003577395477455616,expression,M3-T1,Cxcl3
-0.004312694620375212,0.09611633136750347,1.0024176703025424e-05,0.12188665209647179,expression,M3-T1,Cxcr2
0.06995375016548958,0.0,1.0024176703025424e-05,0.0,expression,M3-T1,Cyp11a1
-0.006504565120230189,0.022950821527042073,1.0024176703025424e-05,0.03265360786367775,expression,M3-T1,Cyp4b1
0.049209673450039806,0.0,1.0024176703025424e-05,0.0,expression,M3-T1,Dab2
0.009847783745819906,0.0007660584920757829,1.0024176703025424e-05,0.0012767641534596383,expression,M3-T1,Dkk2
0.002921384733075238,0.16333244409587855,1.0024176703025424e-05,0.19637650413738858,expression,M3-T1,Dll4
0.020967505162069678,1.1894041307414227e-11,1.0024176703025424e-05,2.6685349087147304e-11,expression,M3-T1,Dscc1
0.017464695356154504,1.2426145223898288e-08,1.0024176703025424e-05,2.558324016684942e-08,expression,M3-T1,Ebf1
0.02723950302706895,0.0,1.0024176703025424e-05,0.0,expression,M3-T1,Enpp1
0.016173172497016157,1.1933540677855348e-07,1.0024176703025424e-05,2.294911668818336e-07,expression,M3-T1,Eomes
0.077708684125235,0.0,1.0024176703025424e-05,0.0,expression,M3-T1,Epcam
0.047886859910249,0.0,1.0024176703025424e-05,0.0,expression,M3-T1,Exosc5
0.003538890203556917,0.11981932598263922,1.0024176703025424e-05,0.14871192941107705,expression,M3-T1,F7
0.022436770771543848,4.509725926027386e-13,1.0024176703025424e-05,1.0384237329668322e-12,expression,M3-T1,Fasl
0.000316129680412154,0.4372308323444295,1.0024176703025424e-05,0.4503428136399442,expression,M3-T1,Fcer1a
0.031132548261314605,0.0,1.0024176703025424e-05,0.0,expression,M3-T1,Fcer2a
-0.002574200159265957,0.22515273939976826,1.0024176703025424e-05,0.2575276431043101,expression,M3-T1,Fcmr
0.001452894017730738,0.3025653361647531,1.0024176703025424e-05,0.3324338089326565,expression,M3-T1,Fcnb
-0.0006095619058983027,0.4465501242516289,1.0024176703025424e-05,0.4569957411931875,expression,M3-T1,Fcrls
0.058113319831215295,0.0,1.0024176703025424e-05,0.0,expression,M3-T1,Fermt1
0.19798530531515807,0.0,1.0024176703025424e-05,0.0,expression,M3-T1,Fgf1
0.017259256763256903,1.8001310553295014e-08,1.0024176703025424e-05,3.663057380030962e-08,expression,M3-T1,Fgf2
0.12588674038156658,0.0,1.0024176703025424e-05,0.0,expression,M3-T1,Fgfbp1
0.1223966283492496,0.0,1.0024176703025424e-05,0.0,expression,M3-T1,Fgfr2
0.0011389778528043291,0.3380147645180148,1.0024176703025424e-05,0.3631891335819173,expression,M3-T1,Flt3
0.10283982379440222,0.0,1.0024176703025424e-05,0.0,expression,M3-T1,Foxm1
0.037446272989509,0.0,1.0024176703025424e-05,0.0,expression,M3-T1,Foxn4
0.004223766917539943,0.08192998895772896,1.0024176703025424e-05,0.10542461814413653,expression,M3-T1,Foxp3
0.05729242989521303,0.0,1.0024176703025424e-05,0.0,expression,M3-T1,Fscn1
0.028359341881927118,0.0,1.0024176703025424e-05,0.0,expression,M3-T1,Fxyd3
0.04747514727288884,0.0,1.0024176703025424e-05,0.0,expression,M3-T1,Fzd2
0.024719932691929652,1.887379141862766e-15,1.0024176703025424e-05,4.5245390387121105e-15,expression,M3-T1,Gabrp
-0.0009301489283217954,0.406856587807844,1.0024176703025424e-05,0.42891507750826924,expression,M3-T1,Galnt18
0.05914434366507566,0.0,1.0024176703025424e-05,0.0,expression,M3-T1,Gata2
0.006475622980743979,0.017713386541960863,1.0024176703025424e-05,0.02553694961790651,expression,M3-T1,Gpihbp1
0.037488056169893515,0.0,1.0024176703025424e-05,0.0,expression,M3-T1,Gpr141
0.07818680202533874,0.0,1.0024176703025424e-05,0.0,expression,M3-T1,Gpr39
0.00470915776244907,0.061110870617280266,1.0024176703025424e-05,0.07980897282107498,expression,M3-T1,Grm6
0.003540434267648758,0.11972190039925956,1.0024176703025424e-05,0.14871192941107705,expression,M3-T1,Gzmb
0.01566786680076942,2.767384563728825e-07,1.0024176703025424e-05,5.264046724484178e-07,expression,M3-T1,Havcr2
0.04277273604705937,0.0,1.0024176703025424e-05,0.0,expression,M3-T1,Hoxa10
0.009533703037964638,0.0010727000074285398,1.0024176703025424e-05,0.001770966993396174,expression,M3-T1,Hoxb5
0.00665016007644211,0.015441647047883866,1.0024176703025424e-05,0.023149769143860653,expression,M3-T1,Htr1b
0.05930443531602142,0.0,1.0024176703025424e-05,0.0,expression,M3-T1,Ibsp
0.00017546152343996414,0.45479158510601403,1.0024176703025424e-05,0.4606802419569781,expression,M3-T1,Ifng
-0.001750235814875811,0.3104201253641616,1.0024176703025424e-05,0.33741317974365387,expression,M3-T1,Ighd
0.011727863991156596,8.416326483295933e-05,1.0024176703025424e-05,0.00015029154434457022,expression,M3-T1,Il5
0.1226150753041521,0.0,1.0024176703025424e-05,0.0,expression,M3-T1,Inava
0.003200826649919261,0.14250906784968598,1.0024176703025424e-05,0.17562737234996512,expression,M3-T1,Itgax
0.09056602589901754,0.0,1.0024176703025424e-05,0.0,expression,M3-T1,Itgb4
0.041019457081060993,0.0,1.0024176703025424e-05,0.0,expression,M3-T1,Itgb6
0.05954233514537573,0.0,1.0024176703025424e-05,0.0,expression,M3-T1,Kif2c
0.00874467816335588,0.002400293995536429,1.0024176703025424e-05,0.003853683020356652,expression,M3-T1,Klhl14
0.010513866472902915,0.00036386895115703144,1.0024176703025424e-05,0.0006304660044800049,expression,M3-T1,Klrb1c
0.019102152040385158,5.593319141183883e-10,1.0024176703025424e-05,1.2084331477866414e-09,expression,M3-T1,Klrk1
0.07352304652394678,0.0,1.0024176703025424e-05,0.0,expression,M3-T1,Krt19
0.0022840047038086603,0.21783094393575575,1.0024176703025424e-05,0.25245308072024675,expression,M3-T1,Krt79
0.017156423091402494,2.1637640013061343e-08,1.0024176703025424e-05,4.302939775324699e-08,expression,M3-T1,Lamp3
0.5044825186913423,0.0,1.0024176703025424e-05,0.0,expression,M3-T1,Lef1
-0.0006823491414307204,0.4374758761073744,1.0024176703025424e-05,0.4503428136399442,expression,M3-T1,Lrrn4
-0.0032851649136275913,0.16367603743552644,1.0024176703025424e-05,0.19637650413738858,expression,M3-T1,Ly6g
0.05798926505192659,0.0,1.0024176703025424e-05,0.0,expression,M3-T1,Mmp12
0.029181900839564543,0.0,1.0024176703025424e-05,0.0,expression,M3-T1,Mrc1
0.031975637454718105,0.0,1.0024176703025424e-05,0.0,expression,M3-T1,Mreg
0.033700260501339833,0.0,1.0024176703025424e-05,0.0,expression,M3-T1,Ms4a1
0.0011366401712250868,0.3382847358505858,1.0024176703025424e-05,0.3631891335819173,expression,M3-T1,Ms4a2
0.01664857230847321,5.2881346856992195e-08,1.0024176703025424e-05,1.0398017640419814e-07,expression,M3-T1,Ms4a4b
0.00664725772364176,0.015477274227609694,1.0024176703025424e-05,0.023149769143860653,expression,M3-T1,Ms4a7
0.0699510555207115,0.0,1.0024176703025424e-05,0.0,expression,M3-T1,Msh2
0.09088987385497878,0.0,1.0024176703025424e-05,0.0,expression,M3-T1,Myc
0.07336832021755549,0.0,1.0024176703025424e-05,0.0,expression,M3-T1,Ncapd2
0.008605442580900784,0.002750411197195879,1.0024176703025424e-05,0.00437565417735708,expression,M3-T1,Ncr1
0.04344887488272298,0.0,1.0024176703025424e-05,0.0,expression,M3-T1,Nek2
0.10252339062372635,0.0,1.0024176703025424e-05,0.0,expression,M3-T1,Nes
0.02819610490557521,0.0,1.0024176703025424e-05,0.0,expression,M3-T1,Ntrk3
0.0036596929059276306,0.1123651687158671,1.0024176703025424e-05,0.14146693903076793,expression,M3-T1,Pacsin1
0.005922614096069336,0.02687905448722605,1.0024176703025424e-05,0.03703806720680755,expression,M3-T1,Pax5
0.0267172196157052,0.0,1.0024176703025424e-05,0.0,expression,M3-T1,Pdcd1
0.05763275654444554,0.0,1.0024176703025424e-05,0.0,expression,M3-T1,Pdgfa
0.006469146440467866,0.01780290201934054,1.0024176703025424e-05,0.02553694961790651,expression,M3-T1,Plcb1
0.017598763389497247,9.734883232859204e-09,1.0024176703025424e-05,2.028100673512334e-08,expression,M3-T1,Pld4
-0.008043288413529602,0.006526929648161653,1.0024176703025424e-05,0.010019409547616572,expression,M3-T1,Pllp
0.0022286343774060744,0.22301473898147228,1.0024176703025424e-05,0.25676039027472136,expression,M3-T1,Pou2af1
0.004159588098668587,0.08504175508290346,1.0024176703025424e-05,0.10862997912049713,expression,M3-T1,Prdm1
-0.0064864243128316314,0.02326425893628019,1.0024176703025424e-05,0.032832623498782534,expression,M3-T1,Prex2
0.002087845801499757,0.2365070325190204,1.0024176703025424e-05,0.2687579914988868,expression,M3-T1,Ptprb
0.030198535047883328,0.0,1.0024176703025424e-05,0.0,expression,M3-T1,Ptpro
0.04593045582039317,0.0,1.0024176703025424e-05,0.0,expression,M3-T1,Rad51
0.025415708811929897,3.3306690738754696e-16,1.0024176703025424e-05,8.0953762212251e-16,expression,M3-T1,Rassf4
0.005409387798455912,0.03864091743633935,1.0024176703025424e-05,0.052829379307495206,expression,M3-T1,Robo4
0.026323164487385083,0.0,1.0024176703025424e-05,0.0,expression,M3-T1,Rpa2
0.028082997098897614,0.0,1.0024176703025424e-05,0.0,expression,M3-T1,Sbspon
0.01349173156388054,7.820661752977465e-06,1.0024176703025424e-05,1.4406482176537435e-05,expression,M3-T1,Scg2
0.09176839293627528,0.0,1.0024176703025424e-05,0.0,expression,M3-T1,Sdc1
0.005930452212413938,0.02672568797360042,1.0024176703025424e-05,0.03703806720680755,expression,M3-T1,Serpinb5
0.018209843047535926,3.1300850800164426e-09,1.0024176703025424e-05,6.5995769759382825e-09,expression,M3-T1,Serpinf1
-5.173781583163278e-05,0.4833273625214003,1.0024176703025424e-05,0.4833273625214003,expression,M3-T1,Shank3
-0.0030982620765960065,0.17867436094144634,1.0024176703025424e-05,0.2127075725493409,expression,M3-T1,Siglech
0.1024649461467823,0.0,1.0024176703025424e-05,0.0,expression,M3-T1,Slc2a1
0.05429868575777976,0.0,1.0024176703025424e-05,0.0,expression,M3-T1,Slc6a2
0.01852638883758695,1.7143348962633809e-09,1.0024176703025424e-05,3.6586415469035567e-09,expression,M3-T1,Slc7a2
0.01366267341614674,6.114946312862912e-06,1.0024176703025424e-05,1.1384208561180954e-05,expression,M3-T1,Slc8a1
0.044648323747736404,0.0,1.0024176703025424e-05,0.0,expression,M3-T1,Snai1
-0.0005278503906344868,0.4567701659222215,1.0024176703025424e-05,0.4606802419569781,expression,M3-T1,Sox17
0.092339682927398,0.0,1.0024176703025424e-05,0.0,expression,M3-T1,Sox9
-0.00805891083546501,0.0064370920124056175,1.0024176703025424e-05,0.009968947806822859,expression,M3-T1,Stxbp6
0.14534345598667442,0.0,1.0024176703025424e-05,0.0,expression,M3-T1,Tcf7
0.00907731861865431,0.001721274237552639,1.0024176703025424e-05,0.0027891017738121467,expression,M3-T1,Themis
0.0005143273589348236,0.41270436196831206,1.0024176703025424e-05,0.43247463080511744,expression,M3-T1,Tmem252
0.13721571428565174,0.0,1.0024176703025424e-05,0.0,expression,M3-T1,Tmprss11e
0.02815215251792016,0.0,1.0024176703025424e-05,0.0,expression,M3-T1,Tppp3
0.002642664804166228,0.1859764976264351,1.0024176703025424e-05,0.21866217232069438,expression,M3-T1,Trdc
0.004903561404396432,0.05403632572070893,1.0024176703025424e-05,0.07218593130629056,expression,M3-T1,Trp63
0.004516460962426555,0.06881795566688187,1.0024176703025424e-05,0.08920846104966168,expression,M3-T1,Tspan7
0.027616896180795072,0.0,1.0024176703025424e-05,0.0,expression,M3-T1,Tubb1
0.05760040192636533,0.0,1.0024176703025424e-05,0.0,expression,M3-T1,Twist1
0.07218433446876546,0.0,1.0024176703025424e-05,0.0,expression,M3-T1,Ung
0.02360129692245821,2.8976820942716586e-14,1.0024176703025424e-05,6.852626574291084e-14,expression,M3-T1,Vcan
0.16326268696161497,0.0,1.0024176703025424e-05,0.0,expression,M3-T1,Vegfa
0.027208546882747216,0.0,1.0024176703025424e-05,0.0,expression,M3-T1,Wnt2
0.07891875365360103,0.0,1.0024176703025424e-05,0.0,expression,M3-T1,Wnt7b
0.010773967150729993,0.00026902448917720534,1.0024176703025424e-05,0.00047079285606010934,expression,M3-T1,Xcr1
0.047437191480396795,0.0,1.0024176703025424e-05,0.0,expression,M3-T1,Zbtb7b
0.027343799002560235,0.0,1.0024176703025424e-05,0.0,expression,M3-T1,Zeb1
0.31627585079083276,0.0,1.0024176703025424e-05,0.0,hotspot_module,M3-T1,1
0.32974554006867557,0.0,1.0024176703025424e-05,0.0,hotspot_module,M3-T1,2
0.2981758482832117,0.0,1.0024176703025424e-05,0.0,hotspot_module,M3-T1,3
0.7615283817825605,0.0,1.0024176703025424e-05,0.0,hotspot_module,M3-T1,4
