,r33,r34,r35,r36,r37,r38,r39,r40,r49,bias
ACAAT,-2.2416237623696196,15.450956311494808,1.0680720054100137,-2.023864427804607,-2.853362626667313,-0.8452585849012574,-1.7631839366701119,-4.602410173575301,-2.206776133643888,-0.7960459516682833
AGTAC,-2.8247198984105344,-2.463558199181376,-4.636002307567915,21.80445243498037,-1.86859930846188,-1.4299826671145022,-3.4211561659820804,-1.807560169077352,-3.3384538272638826,0.7321910114189033
ATCAA,-1.6194230297913026,-1.1626354301515458,-0.9930094549069796,-1.714364233754791,-3.9690651494548463,-3.8984530539833315,15.339680486376519,-0.8988735700602322,-1.094900249656787,-0.6452288237647279
ATTCG,-3.1734653832862314,0.18272437150503876,-3.4896433318989533,-3.4445153581703942,-1.5381874885616897,-3.1229542639566605,-2.9281317114367704,19.53960373665411,-2.0098442259010043,0.6354430515743817
CCCTA,-2.755766934316109,-4.034654043956622,18.043446671203927,-1.681713276295337,-1.5456530509079016,-2.3857627323130703,-2.726885530761787,-1.2065592237393306,-1.7024009750205658,0.19472377524488954
CCGAT,-3.1961279437395405,-2.096252006581841,-2.1844989355877042,-2.921518266629562,17.76380594840755,-0.6719479165070459,0.8608605145587681,-4.164785076945826,-3.3888515268999995,0.02561165032569353
CCTTT,-2.2495977637063125,-2.097449568763879,-3.9149637051345225,-3.0240423656278526,-3.3667411165582206,17.71158024194568,-0.6790714487740751,-1.5609563973100111,-0.8242959907399198,-0.2500176797766464
GGACA,20.15039288904088,-1.7285254826417686,-2.5162915624624036,-4.897443802960492,-0.4616491274402428,-2.9162207705304954,-2.8130906885632476,-2.463097955617714,-2.3449823814522306,0.500047146075172
None,-2.0896681734212446,-2.0506059517228326,-1.3771093790554583,-2.096990703737321,-2.1605480803554657,-2.441000252639331,-1.86902151874721,-2.8353611703283788,16.91050531057827,-0.39672417943101423
