,r41,r42,r43,r44,r45,r46,r47,r48,r51,bias
ACAGT,15.472799783927917,-0.32671027077129217,-1.7755280993597127,-2.204581034695045,-2.136284086808127,-2.1648368998825926,-2.184770048756485,-2.8464255006982553,-1.834684858795395,-0.17334465640657704
ACTCC,-1.1212074059937587,-2.328376314326677,-2.2015746128229625,-1.8579885228241926,-3.051563953739558,-2.066386284252177,-3.785649348538753,17.915085101794517,-1.504514141184538,-0.0001911648929336719
ACTTA,-3.8855582172777443,14.178931236552785,-1.4478279713301656,-1.3016780422318053,-1.5274266575364426,-1.6272994244335386,-1.4777669576595758,-1.1245783660905604,-1.7906883402885496,-0.47995332343785285
GTTCA,-1.3547297563374925,-1.6471658303103915,-2.461450502940575,-3.8511973773808506,16.35616506181867,-1.9358345507003922,-1.681713320300263,-1.2629889126810032,-2.160330530535155,0.10688831563650006
None,-1.2940842405754827,-1.6437440718980185,-2.0200970492986174,-1.9239933620556833,-2.250070512602752,-1.8530910687452462,-1.631370905998075,-2.972695727191282,15.589235149949003,-0.07837993917953695
TATAT,-2.420795323713422,-1.730299844908232,-2.4250107786778363,15.954018493995004,-0.8107756412736463,-1.718844518027973,-2.160904536077133,-2.9822953282989833,-1.7051535587033697,-0.04628018400799435
TCCAA,-2.169078031932738,-1.6250385583314837,-1.5548238540941988,-2.2479209424358135,-1.7302959465549057,-2.635332291783921,14.692126406791417,-1.0855585930409026,-1.6460476409482037,-0.28907322315141365
TGCCA,-1.348672883923355,-2.183880080425146,-3.375613868832066,-1.8315555691452279,-2.5979552861436943,17.013533860432084,0.1361864269930851,-3.259113291202303,-2.5462647828162246,0.6735259873377382
TTCCT,-1.8786739241739165,-2.693716265581544,17.261926737356134,-0.7351036432263793,-2.2517929771595186,-3.011908822606248,-1.9061377164542117,-2.381429382591253,-2.4015512966775523,0.2868081880927761
